Spin_Speed_rpm,Spin_Time_s,Viscosity_cP,Surface_Tension_mN_m,Concentration_wt_pct,Volume_Deposited_uL,Annealing_Temp_C,Annealing_Time_min,Number_of_Layers,Film_Thickness_nm
3982.8,102.9,20.72,33.9,7.38,22.3,543.1,67.0,4,32.24
2475.0,79.4,5.89,24.11,2.66,81.9,260.7,48.9,4,17.23
4363.7,44.5,25.31,32.08,8.97,98.9,370.0,18.3,10,171.16
3638.2,94.6,4.45,52.27,3.19,42.4,163.4,119.0,8,45.4
923.8,28.4,5.97,39.74,1.85,87.9,154.0,29.2,9,65.69
4890.3,97.4,20.25,26.86,7.98,78.6,467.5,38.1,8,78.95
3925.1,79.0,26.84,32.51,10.18,92.0,203.2,36.0,5,182.55
4037.3,31.1,28.71,58.14,12.96,48.2,396.5,109.9,8,199.87
1076.5,28.0,23.61,37.28,11.96,19.1,463.2,94.0,7,243.23
2526.7,95.1,32.42,37.66,13.0,20.7,164.5,60.3,8,639.21
2168.6,49.3,30.35,26.12,11.64,78.7,351.9,115.1,4,139.49
4670.4,108.9,29.97,32.18,10.85,87.7,457.9,15.8,3,54.9
3397.4,96.2,3.55,52.59,1.14,51.1,550.4,108.3,2,3.0
4202.4,89.8,26.79,51.45,9.77,15.4,284.7,16.6,3,76.91
2495.4,47.9,9.64,37.42,2.69,16.0,588.4,53.0,10,21.31
1522.6,90.9,10.16,55.75,1.82,63.9,530.0,15.9,10,27.25
2995.6,114.8,9.17,35.21,3.19,92.7,442.8,119.9,2,6.36
787.2,29.2,25.62,54.57,12.53,46.0,326.4,110.6,6,396.88
4224.3,52.6,28.05,21.26,11.41,68.6,470.0,74.3,10,156.3
3342.5,43.5,35.12,33.89,14.28,58.8,517.3,34.0,8,203.71
3911.4,59.3,37.38,54.2,14.71,90.1,286.5,40.4,7,312.11
2095.4,94.2,28.47,56.05,13.51,84.9,596.8,59.4,6,118.64
4868.1,67.4,7.64,50.26,2.86,27.9,558.9,45.5,4,6.7
4519.0,77.1,35.19,46.79,13.3,71.0,368.5,12.3,10,304.7
4002.7,51.4,30.99,52.62,12.74,86.3,475.3,82.2,1,19.24
1375.9,34.1,31.43,48.3,13.2,93.7,385.8,77.5,9,425.19
2600.2,46.7,14.9,30.17,3.12,63.1,492.4,109.5,9,37.28
697.1,106.0,4.85,38.65,2.64,25.8,522.1,62.5,3,10.03
1194.3,80.2,37.75,46.43,13.93,60.2,160.5,47.9,6,741.61
3573.7,57.8,12.96,43.51,3.43,69.9,185.6,66.3,9,84.76
3851.4,99.0,15.49,55.4,6.16,34.5,301.4,31.4,5,63.92
4853.8,26.4,18.88,38.95,7.38,97.6,562.9,78.8,4,24.65
1966.2,45.4,8.2,27.12,2.74,30.6,329.2,94.7,1,4.94
2167.1,43.0,5.51,28.58,1.29,92.0,549.4,26.9,5,5.27
2613.0,118.5,34.53,53.84,14.92,48.3,358.1,45.0,3,133.81
1352.6,90.6,31.24,20.35,13.27,10.0,280.0,105.5,9,667.78
1084.6,81.8,32.61,54.77,13.77,58.9,555.3,65.6,9,298.92
2640.7,20.5,12.49,22.22,4.98,66.5,402.3,68.5,4,28.99
1521.1,38.4,10.46,35.67,4.08,88.2,312.2,89.5,3,31.96
3514.2,83.6,11.29,52.01,6.96,58.7,170.0,73.6,3,64.07
2467.2,58.0,19.19,36.3,7.35,18.5,199.9,17.7,5,138.97
4247.1,112.4,2.9,52.89,1.08,93.4,212.7,98.4,7,8.08
3651.2,96.5,23.79,24.01,11.91,60.9,314.2,111.5,2,57.97
1905.6,64.7,35.34,40.46,14.95,34.4,423.3,15.9,10,461.37
4245.2,95.0,20.18,43.3,8.4,90.9,288.4,23.3,8,148.17
4121.4,117.5,20.63,55.63,6.44,20.9,179.5,87.2,2,44.95
2243.7,66.1,15.33,23.74,6.5,18.8,269.2,76.5,4,74.93
1797.5,84.3,9.4,33.54,2.35,58.2,333.9,52.1,8,36.79
3571.2,111.9,17.02,46.37,4.73,66.2,596.5,69.3,6,24.95
1128.9,44.9,18.58,59.2,8.03,56.0,326.8,87.4,6,170.47
1399.6,108.7,18.06,53.93,7.05,93.6,190.1,65.5,1,35.42
533.1,29.8,27.04,53.86,8.63,33.7,411.5,25.4,5,209.89
4041.2,84.8,32.33,40.69,12.89,99.1,563.8,19.8,7,136.75
3491.8,98.3,12.67,42.57,4.15,11.7,504.0,58.3,8,33.32
3673.2,81.5,3.97,54.34,1.39,20.7,526.3,111.5,5,3.5
4013.3,69.6,7.59,54.79,1.54,26.7,567.7,71.4,6,5.11
2565.1,81.7,8.5,52.09,2.88,17.2,436.4,49.4,3,9.61
3059.3,35.2,17.17,52.74,8.99,49.4,597.7,110.0,8,60.81
1129.1,41.6,29.26,55.19,12.31,87.9,165.0,52.7,7,680.27
1015.4,47.0,29.31,24.55,13.42,83.9,525.7,66.0,8,281.62
3507.8,79.8,25.09,31.71,9.89,77.0,535.7,22.8,7,91.78
2619.9,64.2,14.53,59.04,6.64,10.7,562.5,91.1,10,66.74
3043.6,44.4,10.71,41.79,3.16,87.9,365.2,87.0,9,41.37
3942.5,108.3,17.36,27.06,6.62,45.7,504.5,97.4,9,60.99
3356.2,57.4,11.26,40.12,5.65,75.8,237.8,45.8,4,53.5
2991.1,64.6,30.84,45.83,13.18,75.4,421.4,58.0,1,25.59
3016.4,61.0,21.83,53.13,7.81,26.0,311.4,28.5,1,20.37
1867.8,38.2,15.03,52.49,4.17,56.4,418.3,116.1,8,64.76
638.7,93.2,10.89,21.97,5.04,93.4,454.0,19.5,9,118.89
2465.2,64.8,5.4,38.14,2.91,33.7,306.2,81.4,7,29.21
1465.6,21.6,39.73,20.82,13.86,74.4,247.3,87.6,8,743.12
2338.4,116.4,5.89,55.53,1.7,96.2,294.8,27.4,1,3.0
4340.3,101.6,4.99,26.96,1.18,42.5,448.8,50.2,6,5.02
1552.7,92.4,7.97,44.99,3.56,44.9,454.6,14.7,7,41.56
762.4,106.9,31.06,42.82,12.35,50.7,483.6,71.2,2,83.69
1766.2,110.7,26.3,45.02,8.33,82.8,206.9,119.4,8,332.35
1821.2,53.7,25.22,42.54,9.76,49.5,518.3,57.3,4,72.72
3478.6,81.1,19.01,48.62,6.01,53.8,459.7,118.9,2,17.07
3006.6,80.9,6.6,45.04,1.96,30.0,163.7,23.9,7,26.97
4027.5,46.7,28.79,23.61,12.99,99.0,301.0,53.2,5,165.55
3489.4,42.2,8.43,34.67,3.69,90.3,360.0,109.2,6,27.2
2328.7,31.4,2.01,41.86,1.46,64.0,312.3,106.4,6,8.07
4163.1,85.9,23.39,33.01,9.02,96.5,202.8,45.6,7,206.76
1251.4,98.1,10.65,50.41,2.17,71.8,243.3,84.6,5,37.33
602.2,96.1,7.87,32.72,2.34,96.3,161.1,107.5,9,126.22
905.2,51.6,29.15,53.15,12.21,24.5,191.9,94.4,9,864.64
3750.6,40.5,17.76,25.87,7.88,30.3,269.8,79.1,5,94.05
2578.4,65.4,13.14,50.78,4.38,89.7,519.0,26.8,2,10.2
1225.7,74.7,11.81,27.34,5.88,47.8,387.0,18.0,3,42.32
2754.7,111.9,24.38,41.12,11.21,43.4,341.0,77.6,8,225.38
1185.4,107.5,9.14,32.82,1.93,77.9,448.0,65.0,3,10.31
3633.4,111.6,7.22,45.49,2.63,66.7,393.7,36.2,8,22.24
2507.7,105.0,23.25,28.51,9.63,41.0,209.2,42.2,7,270.06
2214.6,116.5,23.34,51.82,9.5,45.8,250.2,53.1,5,198.07
1856.8,66.5,37.79,42.94,14.61,46.8,250.1,64.5,2,159.96
3336.3,24.7,16.86,58.29,6.24,21.4,420.0,52.9,6,56.56
2128.2,28.4,4.17,48.47,1.91,30.7,357.7,52.6,7,15.14
894.4,59.0,19.49,44.3,8.53,58.4,324.4,22.7,2,68.53
1031.0,45.8,24.27,53.17,9.94,80.4,400.5,105.2,9,310.34
4828.5,37.0,9.7,28.79,2.95,47.7,586.6,77.0,2,3.33
4588.6,115.3,22.0,45.31,8.74,44.5,291.4,26.1,5,87.17
3648.7,39.5,10.29,35.62,3.77,68.5,384.1,56.6,6,27.08
1696.4,115.9,31.64,49.75,12.83,24.2,366.2,55.8,8,349.89
4861.3,96.1,31.08,20.98,12.69,44.3,472.5,76.1,3,51.68
4004.4,84.1,15.79,37.11,7.01,28.7,478.6,77.0,4,31.06
3726.0,87.6,38.75,46.07,14.53,68.6,478.1,81.0,9,236.57
2522.1,53.1,34.4,38.43,14.72,20.1,240.7,86.8,4,268.1
1725.1,84.6,8.85,29.52,2.81,50.3,352.1,21.4,7,38.86
933.8,38.7,9.96,38.57,6.15,63.7,515.0,43.5,4,40.78
4561.7,113.8,22.98,53.99,9.4,85.0,321.7,11.9,1,19.23
2551.0,50.2,3.73,28.27,2.19,75.2,592.9,60.0,6,6.0
1410.6,45.5,13.68,34.69,6.36,94.9,314.2,57.2,4,77.07
1876.8,91.1,19.98,59.61,4.66,71.2,374.0,90.8,3,36.0
3106.5,85.6,35.7,56.51,14.33,41.4,363.5,28.4,9,337.83
1295.5,65.1,21.23,21.36,6.76,30.9,345.1,79.5,8,188.6
4354.8,83.2,31.42,41.21,11.68,15.1,530.5,43.7,3,47.0
3913.3,35.9,19.7,22.62,6.41,35.0,219.9,52.0,6,114.08
3737.6,87.3,7.95,56.96,2.85,22.3,405.4,89.1,8,23.84
2444.4,47.1,36.91,37.66,13.08,43.2,428.4,17.9,1,34.57
3322.9,47.3,6.85,36.74,1.01,73.2,533.0,47.7,1,3.0
3128.4,36.2,6.23,30.92,1.78,72.3,424.1,53.0,6,10.46
3424.3,53.2,16.82,42.75,6.1,38.6,582.0,88.7,10,51.01
880.0,53.1,26.01,25.8,10.62,55.8,542.5,31.9,10,276.19
2371.1,65.4,15.46,51.96,5.78,29.5,306.9,114.2,5,70.82
687.3,39.0,6.3,39.65,1.93,55.3,537.0,119.8,8,19.37
2723.0,39.3,15.68,42.66,5.45,55.9,581.3,100.1,5,25.66
1984.4,74.2,17.41,53.63,4.43,37.1,265.7,43.0,10,154.49
1150.4,32.9,1.0,27.41,1.08,33.4,424.6,83.0,6,4.28
965.3,88.9,24.95,27.01,8.49,98.2,276.8,19.1,9,380.85
3144.4,114.4,6.95,36.83,2.63,58.3,442.3,105.8,4,10.12
1267.7,62.7,17.37,51.45,5.02,60.6,192.1,66.8,10,270.74
4663.0,110.1,23.95,22.34,9.98,10.7,480.4,29.4,8,95.47
3114.8,29.8,28.89,51.81,11.15,26.4,338.9,46.0,8,236.16
2060.9,24.3,12.31,40.03,4.69,42.1,414.3,98.1,1,7.67
3159.1,92.1,9.71,42.47,5.61,96.9,161.6,105.7,9,153.82
602.6,96.1,17.47,42.58,4.46,25.8,462.9,67.2,2,27.07
4813.5,104.3,32.28,22.25,14.4,37.3,373.2,62.8,10,303.34
2670.4,25.7,10.69,29.99,3.67,99.1,431.4,92.6,2,9.44
4022.3,97.7,7.04,50.21,3.56,53.3,292.1,100.9,9,41.05
872.3,57.7,14.62,36.49,7.23,38.7,215.6,94.1,7,273.1
2690.0,50.3,9.78,42.42,3.65,67.1,345.9,52.3,4,25.93
2708.2,37.3,7.57,57.79,3.19,54.7,574.8,80.6,9,19.27
4720.2,119.6,3.88,21.85,2.34,96.2,252.5,104.3,4,10.62
3072.8,26.4,24.81,37.99,9.96,17.5,454.1,26.7,1,19.08
2630.7,102.7,19.56,34.45,9.57,81.1,172.4,52.7,1,38.93
1701.4,83.9,25.61,24.26,10.1,35.1,473.1,16.2,9,211.9
1992.1,93.5,28.82,58.03,11.83,82.6,257.3,55.0,4,195.82
2843.0,91.2,7.37,58.46,5.57,86.3,353.2,95.0,9,73.09
2475.1,105.8,32.3,32.46,13.86,86.4,315.5,31.7,1,47.64
597.3,38.4,29.31,57.87,11.26,88.0,200.8,69.6,1,101.68
4218.3,20.1,27.02,21.41,12.27,74.6,305.5,14.0,10,308.06
4532.7,79.9,29.05,59.24,11.09,22.8,307.6,108.7,2,50.57
1131.1,55.4,17.14,53.44,6.02,14.7,384.9,100.2,7,119.06
2993.2,32.4,10.36,28.57,4.96,40.7,587.6,67.7,4,14.72
988.6,38.6,17.87,43.98,6.92,54.6,361.5,87.6,6,163.08
3525.1,53.2,9.9,51.93,2.36,37.2,561.5,21.4,2,4.25
1765.6,27.0,16.2,32.77,7.32,76.8,357.7,103.0,3,53.96
3467.4,25.7,5.07,34.15,1.6,75.0,198.4,88.7,8,22.32
3771.5,111.6,7.88,45.16,1.06,97.5,253.6,23.2,6,10.7
3958.9,51.2,31.72,25.88,14.04,46.1,333.4,117.9,6,231.02
984.8,118.2,27.87,24.73,10.65,80.7,296.4,12.5,10,543.86
4622.1,116.4,19.15,29.99,8.87,76.7,539.6,79.1,5,40.56
1536.0,34.3,14.8,49.65,5.78,99.0,455.4,28.9,9,99.09
668.4,91.5,24.01,34.66,8.99,79.6,410.2,89.1,8,309.78
2996.8,80.1,25.8,40.29,13.48,35.5,371.1,17.7,5,168.4
2169.2,89.1,23.7,27.82,10.13,11.4,328.8,18.9,3,81.87
4234.1,29.6,24.99,27.76,9.43,97.1,425.5,61.3,4,60.07
4137.1,38.9,19.8,46.02,7.44,74.4,206.1,119.3,9,193.76
1927.1,27.7,13.86,24.34,5.84,83.1,223.1,40.4,4,80.11
4788.0,80.4,23.48,46.71,10.78,81.4,286.4,77.4,7,165.94
1809.1,118.7,37.77,36.03,14.73,76.2,227.0,67.0,2,162.04
2817.8,87.2,17.01,46.85,6.95,77.6,454.7,102.6,4,42.99
1651.8,91.1,18.57,35.27,6.49,93.7,161.1,41.7,10,335.39
4712.2,118.5,19.23,53.84,6.99,92.3,222.1,71.0,6,110.99
1240.7,87.8,16.66,22.22,6.96,44.1,556.2,114.6,9,98.39
702.1,24.0,39.42,55.73,14.87,12.8,598.9,46.6,3,143.63
2457.9,106.7,25.28,30.75,10.89,13.5,369.4,58.3,8,219.39
4965.7,56.5,19.44,21.7,6.03,50.2,372.9,107.8,10,92.23
4512.5,20.4,20.23,42.5,6.2,85.1,498.0,46.6,10,70.16
3868.7,70.7,21.32,28.97,7.03,86.3,166.3,51.9,5,135.35
4508.6,113.7,4.94,38.37,1.51,46.4,342.2,43.5,7,9.67
4520.5,45.7,28.94,52.09,8.39,37.1,194.9,99.0,9,274.45
2834.9,69.2,30.88,51.66,12.36,55.6,330.4,112.3,9,342.0
1921.7,37.4,26.29,44.02,10.25,84.9,592.7,79.4,10,158.24
3974.1,25.8,10.62,59.11,3.78,67.3,489.1,78.6,1,3.33
3477.5,28.1,24.35,38.55,11.19,22.6,593.3,52.9,6,71.24
2181.5,92.7,31.35,21.58,11.07,42.6,485.7,11.4,8,236.33
925.1,106.4,11.04,52.78,4.68,60.0,423.6,29.1,8,95.97
3860.6,34.3,27.12,28.85,9.72,58.4,489.4,26.2,2,32.36
1681.1,48.8,27.45,27.05,9.55,84.8,446.6,22.7,6,150.46
4715.7,39.5,33.15,22.8,12.76,93.9,358.8,81.9,2,54.38
1584.4,22.7,6.61,33.12,2.91,19.0,281.6,25.0,1,5.57
1052.4,75.3,9.55,33.05,3.73,30.2,384.1,19.4,2,18.43
4240.0,90.0,11.92,32.11,7.8,45.3,266.3,52.1,10,146.92
1189.8,84.8,5.37,43.73,1.62,36.7,369.0,37.4,3,7.57
1306.7,58.8,20.09,50.06,6.82,46.7,215.8,26.0,5,178.33
3197.2,75.5,28.97,57.51,12.04,13.7,404.4,26.1,3,78.72
4435.5,29.4,7.32,23.76,3.08,15.9,260.4,38.2,9,39.63
1384.0,35.4,18.22,26.02,7.44,85.5,282.1,69.1,9,240.55
1896.5,113.2,39.82,43.59,14.86,19.2,374.6,93.4,7,383.3
3998.3,96.2,20.43,23.93,8.08,84.2,223.1,103.8,9,223.09
4873.2,112.3,25.92,34.83,7.98,37.6,583.1,92.7,2,14.26
2753.3,111.7,20.58,44.98,8.82,37.8,351.1,79.1,10,200.89
1147.5,84.9,10.94,51.22,3.6,19.1,308.5,109.8,5,62.04
562.7,112.8,7.74,28.7,3.06,11.2,163.1,67.2,5,85.33
1533.5,61.7,32.33,46.72,10.48,42.0,529.5,79.7,2,43.58
1093.2,20.4,17.58,45.83,6.54,85.2,431.6,55.3,9,160.95
3549.5,26.3,20.02,54.38,5.06,92.8,337.4,46.0,2,20.26
1048.2,30.9,4.05,32.55,1.44,15.5,260.5,46.5,9,27.32
2778.5,29.5,36.13,50.0,12.84,12.8,485.3,26.3,8,234.39
3624.2,55.2,5.69,50.08,1.45,24.3,575.5,97.6,8,5.96
3115.0,90.1,30.96,29.57,11.5,79.0,321.4,16.1,1,34.07
1399.0,99.1,12.94,44.85,6.35,28.4,210.7,84.2,8,214.16
4118.6,79.0,24.62,47.01,9.38,30.8,199.1,105.1,10,318.62
3719.3,34.6,9.07,30.98,4.47,90.0,152.9,64.7,4,45.54
3825.4,94.8,10.08,38.07,3.18,88.7,484.8,17.7,5,15.96
1089.8,55.5,16.92,37.43,8.47,70.3,591.6,57.1,2,28.02
1056.9,21.3,26.42,50.94,10.74,24.8,596.8,47.8,5,112.47
4674.0,48.1,13.88,20.03,3.74,44.3,502.9,118.4,7,21.64
2289.1,53.1,19.99,40.04,7.11,31.3,223.0,86.0,3,86.37
1854.3,47.4,14.92,27.37,7.23,70.5,590.0,89.3,8,57.22
2698.6,101.2,5.56,45.87,4.02,80.2,297.5,66.7,1,5.78
3482.9,96.0,23.99,47.21,8.91,22.8,300.1,88.0,7,156.24
4800.3,89.6,13.74,40.05,3.04,90.8,459.3,89.5,6,17.42
1789.0,33.9,17.82,41.68,8.14,51.7,172.1,17.3,3,116.93
4661.6,100.8,14.24,32.6,2.59,81.6,521.6,34.5,4,8.88
611.9,87.7,19.91,32.53,7.8,14.6,598.8,11.4,3,67.45
2998.4,39.5,8.46,49.8,5.36,42.5,498.8,66.1,7,34.03
3352.9,84.8,14.18,25.27,7.33,11.3,501.8,106.3,7,52.26
976.5,68.4,20.58,50.86,7.07,74.7,325.6,77.1,6,181.95
1131.5,63.9,33.92,46.2,13.71,17.2,179.7,65.0,2,242.93
2386.0,31.2,24.52,55.38,7.86,40.4,506.7,111.9,3,38.85
4848.0,71.8,27.06,30.41,12.46,80.4,418.7,28.9,9,182.67
3182.2,30.0,11.92,40.25,4.16,77.4,559.2,18.2,5,21.24
4698.6,36.4,15.66,21.56,5.93,67.6,202.2,110.9,5,79.17
4119.6,33.3,6.29,56.5,2.05,72.5,287.3,109.3,4,11.09
2603.2,115.4,16.7,47.02,6.89,68.6,312.3,85.1,10,169.59
4031.4,48.5,24.74,44.92,10.36,67.7,457.5,37.1,3,49.0
580.3,55.5,31.81,49.31,12.73,41.5,504.5,116.7,8,384.64
991.1,52.2,23.43,31.37,8.92,12.5,582.5,94.2,8,134.3
4232.4,109.8,25.67,44.15,9.96,49.8,282.9,84.1,3,76.56
4085.7,76.3,13.63,52.04,3.48,14.1,372.1,34.5,1,5.28
1546.9,111.9,1.89,23.61,1.52,52.2,163.0,66.4,3,8.19
2888.5,50.0,24.36,58.35,12.08,51.8,263.8,100.5,3,108.37
3227.1,31.5,12.73,55.68,3.34,26.1,318.3,104.6,8,48.44
4404.8,75.6,4.41,58.52,2.28,80.6,417.2,71.8,6,9.1
3214.0,54.6,33.35,52.33,14.13,73.4,361.9,67.5,5,184.89
2356.6,100.2,33.49,31.77,14.49,60.4,314.0,86.7,5,279.48
2183.8,107.9,22.24,43.26,9.63,93.3,430.8,68.1,10,233.22
2416.5,67.3,12.12,24.81,6.3,35.8,522.9,55.9,10,61.41
3433.7,117.1,29.42,50.17,12.67,33.6,258.8,19.4,1,41.06
4403.7,75.3,12.84,26.15,3.87,26.5,304.3,23.9,9,57.74
2542.5,47.1,18.11,54.67,7.01,59.0,467.2,93.6,4,42.5
1615.3,68.9,17.31,29.62,6.0,28.5,500.1,12.7,8,99.9
1565.0,23.7,32.2,26.42,13.78,88.2,521.4,15.8,10,366.78
3857.1,100.4,36.63,22.84,13.88,37.4,244.2,109.5,6,310.26
4174.6,30.1,23.73,48.45,10.11,54.2,392.7,87.4,7,124.84
973.8,50.9,1.54,27.45,2.55,57.7,555.0,10.5,5,9.41
799.5,76.5,20.78,27.91,7.75,37.7,326.4,44.3,1,37.15
3175.0,24.3,14.5,26.79,4.43,76.5,343.4,94.0,1,8.35
1157.8,27.9,31.12,32.23,13.39,72.3,593.2,55.9,4,108.48
4211.0,89.6,12.35,57.65,2.94,78.5,200.9,61.6,9,72.41
1896.5,27.2,3.5,39.46,1.76,64.5,467.5,60.5,4,5.69
1147.4,67.7,28.99,30.44,10.86,51.4,532.6,32.2,5,147.23
4644.4,53.9,24.13,26.82,7.35,50.4,217.9,89.4,6,131.51
1244.9,42.8,31.41,20.76,12.74,74.5,471.5,21.3,4,162.92
1781.2,38.9,6.02,34.6,2.04,43.9,361.4,65.8,5,15.6
1191.3,96.3,29.78,24.4,12.22,49.4,533.8,28.7,7,203.58
1019.7,115.2,10.39,21.08,1.52,24.7,558.4,15.1,9,23.0
595.2,34.0,6.41,24.12,1.39,71.2,542.6,25.8,8,18.46
749.3,116.0,25.59,32.74,7.46,16.9,179.0,105.6,9,587.17
1285.9,79.5,12.26,50.03,4.1,99.1,490.6,29.4,6,42.0
740.2,84.2,21.46,22.68,9.31,22.9,564.7,40.6,7,162.13
3160.1,91.0,3.38,47.15,1.36,44.5,429.6,25.2,2,3.0
3563.2,90.4,5.62,44.82,1.5,31.4,420.4,90.9,2,3.0
2271.3,102.0,21.59,55.28,11.18,36.2,170.3,59.0,10,502.52
1931.0,68.3,9.64,27.36,3.94,39.0,535.2,113.8,7,26.38
2770.4,73.3,24.08,51.77,10.19,74.7,170.9,83.1,2,92.84
4437.5,52.4,29.17,54.59,11.5,25.9,291.1,68.5,5,142.36
4330.1,30.5,12.04,59.06,1.83,33.7,566.6,82.2,10,12.85
695.6,86.5,29.25,52.34,11.78,19.1,577.4,14.4,1,43.21
1316.7,23.4,7.18,24.95,4.76,39.8,596.4,114.6,5,19.73
1565.4,47.6,14.1,57.89,6.45,94.7,364.4,115.2,9,142.16
1622.2,29.4,7.88,52.6,2.21,44.2,229.8,40.4,10,59.27
3070.5,39.1,31.58,28.49,12.74,80.0,369.6,79.1,4,126.53
2373.2,83.9,27.23,26.61,8.85,51.6,196.0,32.2,10,411.35
721.6,82.8,23.43,57.46,8.07,50.5,542.6,70.2,8,161.81
2181.3,62.1,38.28,26.23,14.56,84.2,402.2,94.8,5,208.99
2856.9,29.0,14.42,51.08,5.68,12.4,332.0,113.4,8,85.29
957.5,63.3,36.28,36.21,13.47,87.8,185.8,47.3,9,1084.44
4250.6,55.3,24.79,48.95,11.08,53.7,332.4,86.3,3,76.63
733.8,92.0,37.1,23.67,14.0,41.6,539.8,88.8,1,46.4
4661.8,77.9,32.68,49.0,13.71,91.6,466.5,34.3,8,191.41
946.0,69.2,31.87,40.48,14.87,40.6,187.1,79.2,1,124.01
4296.1,68.7,10.32,56.02,2.84,98.0,222.0,82.1,8,48.55
4561.9,116.6,34.12,27.54,12.14,94.3,326.5,94.0,4,116.16
4908.1,95.6,28.98,24.37,12.26,34.1,195.6,120.0,8,360.42
4109.1,69.7,29.74,27.85,10.02,40.7,570.3,14.4,7,109.62
4007.6,67.9,8.31,23.14,4.9,83.1,443.5,32.3,1,4.75
3391.2,22.6,31.79,59.21,14.51,27.6,192.7,26.0,1,64.91
4005.5,114.3,10.44,24.91,3.86,75.9,504.6,27.0,7,24.12
1105.5,51.9,19.27,28.03,7.99,21.6,315.8,60.0,6,190.0
2912.3,45.6,19.09,52.39,8.3,28.5,260.2,106.6,1,23.62
2814.0,119.9,9.91,29.87,3.27,55.0,406.5,59.4,10,43.67
4359.1,91.9,25.98,28.89,11.12,77.1,156.0,83.5,3,136.79
2582.6,24.7,6.08,46.89,2.24,76.5,359.4,51.4,9,25.72
2232.9,26.2,27.45,35.95,10.7,64.8,529.7,45.2,2,36.6
3378.0,22.6,29.62,53.42,12.88,34.5,567.6,101.8,3,45.35
1699.1,80.0,15.23,45.53,5.89,47.4,304.1,82.1,6,107.41
1129.0,27.2,25.21,31.53,10.93,32.2,439.1,48.6,6,199.15
2650.4,113.3,5.73,43.92,3.19,34.9,252.1,110.6,7,37.14
2376.0,113.7,33.83,54.66,12.84,39.1,402.1,64.8,2,63.14
1546.6,74.6,40.08,34.58,14.33,63.9,264.3,30.7,3,233.28
2153.8,81.7,12.41,49.46,3.14,28.7,407.1,63.2,3,14.9
2148.8,49.2,27.57,36.63,10.69,13.8,227.3,84.2,5,238.07
1973.7,26.4,18.66,41.72,8.08,72.3,573.6,50.4,10,105.49
2207.6,93.7,20.55,49.35,8.44,12.0,549.1,102.8,5,55.26
3585.8,30.2,30.22,22.42,10.89,97.4,301.6,68.6,10,306.67
1835.9,28.6,13.19,38.2,7.84,41.5,499.5,61.5,3,36.98
4769.9,51.1,22.54,23.81,9.4,10.6,193.0,104.5,3,84.45
4623.6,21.2,13.94,49.0,4.23,89.6,483.2,60.9,2,8.68
2664.1,63.4,13.07,44.31,6.3,64.0,277.1,55.6,3,44.95
1977.6,90.8,33.43,33.08,13.11,83.6,211.0,21.4,4,262.31
2909.5,100.1,8.97,23.05,2.54,49.2,455.2,49.9,4,11.3
4318.5,80.4,19.18,57.03,9.37,41.9,361.4,53.7,8,127.04
3436.6,104.7,10.49,32.6,3.58,69.0,388.6,29.9,5,22.99
4119.8,60.7,29.71,31.02,12.85,46.5,384.2,74.7,7,200.39
2897.3,104.9,24.19,24.04,9.11,60.1,176.8,25.8,1,33.16
3348.1,70.6,19.29,43.09,6.64,35.0,173.1,34.6,10,231.54
1796.7,42.3,13.54,30.63,4.5,39.9,420.5,71.7,2,16.84
3807.0,114.4,18.58,53.71,7.12,17.4,430.7,39.6,1,11.3
1410.8,47.5,36.0,47.31,14.41,80.3,171.2,80.4,5,560.18
3626.6,22.6,17.17,20.16,8.13,41.4,320.3,86.0,7,132.52
4373.2,44.3,19.33,42.63,7.57,97.7,425.8,43.1,3,33.63
1094.5,56.7,25.94,29.27,11.45,33.4,445.5,19.6,2,66.26
3264.7,55.1,19.6,20.61,6.31,52.8,522.7,63.8,9,63.13
927.9,72.5,20.11,44.77,6.98,37.5,339.3,20.2,9,259.98
3765.7,108.3,17.19,28.2,5.72,72.5,396.7,66.7,8,67.44
880.2,49.2,14.3,55.99,3.11,82.8,410.4,89.9,3,26.89
4711.7,72.1,26.29,42.94,10.99,53.8,290.4,78.2,6,159.06
1118.3,54.0,30.76,28.37,13.22,43.0,174.2,59.3,7,698.04
4815.0,102.2,32.4,59.17,13.68,77.0,151.9,114.0,5,286.78
4104.0,35.8,27.86,41.86,13.33,27.2,526.3,21.2,2,40.39
3171.6,30.4,14.28,26.62,7.32,64.0,240.1,106.8,9,156.98
4021.8,70.3,15.31,40.69,4.98,76.0,433.6,98.0,10,65.53
4078.0,87.2,20.66,58.37,9.93,34.2,409.7,56.2,2,33.22
4757.1,99.6,31.82,36.97,14.37,69.0,329.8,26.8,8,264.08
1640.2,79.0,27.41,37.01,11.18,76.2,525.1,27.1,9,207.16
3155.3,97.4,19.0,38.45,7.93,20.6,464.3,111.4,6,69.07
927.7,59.3,29.14,31.2,10.64,39.2,160.2,35.7,1,89.42
3272.7,23.3,29.36,26.47,11.82,46.6,499.5,106.2,7,116.99
1270.8,31.6,31.51,43.16,13.87,79.8,378.1,65.4,10,588.75
3042.3,23.9,31.79,55.77,11.69,61.1,306.2,60.8,3,106.8
3075.9,52.9,20.44,49.43,7.06,50.5,477.1,78.1,2,18.84
2596.9,69.5,8.88,23.85,4.83,38.7,458.7,33.7,3,17.05
2851.8,55.6,21.15,36.03,8.0,10.4,289.8,57.1,9,203.06
3937.7,76.1,12.72,20.21,5.59,11.8,592.4,113.2,6,24.06
4096.6,68.1,32.43,32.32,14.2,31.6,441.9,36.2,1,25.63
2714.7,87.8,26.27,46.78,8.11,20.5,422.6,111.4,6,98.74
3198.2,86.7,19.87,31.61,7.61,20.8,181.4,119.4,9,266.2
4690.6,51.8,14.86,53.62,5.87,64.2,275.7,15.7,2,21.8
1038.8,54.6,25.14,39.1,9.95,64.5,351.1,68.5,6,252.75
1027.0,78.5,23.67,46.77,8.28,14.0,433.8,28.9,3,81.98
894.7,79.6,6.35,55.35,2.81,63.5,380.7,78.4,1,5.8
3460.4,51.5,30.7,47.31,13.17,23.1,493.4,118.8,5,99.88
2383.7,53.0,17.83,55.89,6.03,44.0,268.2,108.7,8,155.64
3984.4,89.4,13.68,52.32,7.06,99.1,466.0,111.7,7,51.44
3520.5,84.7,13.89,42.68,3.88,57.0,517.5,33.5,2,8.61
2001.4,33.5,17.3,31.89,8.75,13.1,494.3,69.7,2,29.26
4542.6,64.1,26.17,31.93,10.83,41.3,496.9,35.8,6,84.76
3931.4,109.3,27.88,55.01,13.34,70.4,549.8,108.9,4,68.42
1717.4,23.6,2.79,22.16,1.72,30.2,187.9,31.0,4,11.78
2138.9,105.5,39.53,57.66,14.63,96.8,463.7,26.9,5,191.27
1915.0,36.3,30.1,33.08,10.85,48.3,585.9,11.3,8,190.31
1209.3,70.7,16.91,49.55,4.98,11.9,408.1,30.0,6,82.85
1165.0,62.4,6.54,33.2,3.86,58.7,247.8,30.9,9,95.49
4712.6,21.0,10.68,58.13,5.15,70.9,599.4,18.5,2,7.91
2470.6,111.5,33.52,21.46,13.26,51.0,228.6,105.5,5,321.26
2224.9,65.5,15.83,34.13,5.08,93.5,301.0,95.8,6,90.61
3783.6,115.4,16.8,54.7,7.48,91.2,227.4,38.0,8,156.8
2988.5,48.7,25.29,30.96,10.88,22.5,359.0,96.2,6,150.48
4712.6,106.6,28.98,31.02,13.21,17.2,338.5,56.4,10,282.28
4011.4,112.2,30.48,55.95,10.22,38.1,371.1,95.3,9,206.17
2657.2,75.7,27.13,53.22,11.54,64.7,567.6,45.5,7,118.62
2193.6,40.3,9.97,24.23,3.43,64.1,365.2,72.1,4,23.96
4939.8,88.5,32.8,43.21,13.28,34.4,381.6,52.0,4,101.26
3729.9,74.9,16.5,28.94,4.86,95.6,549.0,30.6,6,32.53
4780.4,114.5,5.58,28.61,2.8,37.7,518.0,74.4,5,8.12
1033.2,63.9,39.24,44.62,14.67,82.4,257.9,92.6,1,106.03
4327.4,46.9,6.96,24.95,3.82,84.9,155.8,92.8,3,26.42
3366.8,33.8,12.2,38.79,2.91,18.9,433.3,49.2,9,34.3
1048.6,89.9,19.31,30.23,9.76,30.9,530.2,67.1,5,110.75
3147.2,117.4,14.25,54.16,5.46,29.4,398.8,94.0,10,86.03
3587.4,22.8,13.47,42.18,2.87,92.8,245.0,16.0,3,18.82
555.4,94.0,25.75,28.6,9.42,41.6,483.6,17.9,10,416.02
2544.4,112.7,30.0,57.06,11.63,85.3,451.3,51.4,9,218.62
4214.3,27.5,26.7,52.92,12.1,53.0,404.3,34.6,4,90.7
1829.1,31.0,7.1,30.61,3.18,51.1,538.5,51.2,7,22.38
2563.5,89.2,26.26,58.44,8.8,91.3,502.9,20.3,10,172.88
2490.4,84.8,31.92,30.71,12.39,49.7,450.6,75.1,7,189.38
1858.7,26.9,12.16,31.71,3.26,77.0,449.1,83.9,10,51.39
4633.0,103.4,11.21,35.44,3.91,48.2,448.0,97.1,2,7.71
4015.8,72.3,3.53,26.59,1.03,19.2,386.3,81.6,2,3.0
997.6,110.7,23.49,47.48,8.34,14.8,358.8,53.6,1,34.88
4986.7,107.8,11.35,42.29,3.73,28.7,469.3,112.8,4,12.93
4456.4,101.3,27.11,55.78,11.14,75.0,424.7,89.9,8,139.56
1777.6,71.6,31.04,29.64,14.47,43.6,370.5,68.0,10,466.39
4266.0,45.2,13.88,26.81,3.92,50.9,207.0,32.8,6,57.14
978.9,70.6,26.52,34.34,10.09,19.2,465.9,81.4,5,158.22
4996.0,30.1,9.3,25.84,3.97,66.1,440.7,75.1,10,35.35
3495.6,85.9,8.42,57.85,1.25,82.3,304.0,85.2,6,11.25
3425.6,33.4,29.46,48.7,11.62,66.2,310.3,95.9,6,198.5
907.0,71.1,19.07,51.85,7.08,98.6,261.0,110.7,1,35.48
4536.7,25.4,37.44,49.92,14.26,11.5,582.9,114.4,3,43.8
630.5,50.0,23.51,29.71,8.48,11.4,537.1,79.3,7,166.75
1583.7,43.2,10.25,25.63,3.2,55.0,402.5,116.3,7,43.4
1143.6,82.0,18.22,37.18,7.3,34.0,330.7,110.3,5,133.55
3995.5,98.7,16.78,53.16,3.84,71.8,481.6,10.3,8,44.87
1391.9,25.7,30.37,33.22,13.29,81.4,387.5,80.1,7,324.37
4597.9,105.0,28.78,20.38,10.67,19.2,589.1,29.6,1,12.3
3453.2,106.1,15.04,46.4,5.78,92.6,174.8,42.5,9,153.52
662.7,54.2,22.66,28.0,8.39,12.7,165.4,42.7,7,518.19
524.4,85.9,29.56,41.71,10.37,72.0,405.9,63.1,3,156.31
732.5,60.3,28.57,20.6,11.96,44.6,241.5,11.2,3,230.05
3226.7,35.4,8.69,40.35,2.12,70.1,421.9,35.9,10,22.7
4106.7,72.9,5.82,35.74,1.32,18.8,501.6,13.2,3,3.0
1573.5,28.6,6.06,55.22,2.6,94.3,212.1,81.6,1,6.72
4322.3,107.8,20.79,48.87,6.53,94.4,348.3,107.8,1,11.99
757.5,112.4,21.46,21.44,7.53,56.7,459.9,119.8,3,71.66
4104.3,102.2,7.39,51.58,2.91,55.9,525.2,59.3,7,12.34
4675.1,76.3,20.85,51.65,6.76,67.1,373.4,38.6,5,57.02
3974.5,75.8,16.03,46.54,7.18,62.2,242.8,103.8,8,148.73
3641.5,118.5,7.73,57.17,2.53,58.9,413.6,22.4,3,8.37
4270.9,44.8,32.53,52.13,13.83,63.0,354.5,117.2,3,98.75
680.7,27.6,25.85,28.76,9.39,87.3,497.4,88.6,5,149.65
1408.0,76.2,15.37,35.26,6.44,65.0,400.0,65.4,8,119.47
1062.2,52.9,22.9,34.0,8.1,27.6,275.7,20.6,6,234.41
2770.4,52.2,16.2,40.2,5.4,92.3,489.5,12.0,8,71.75
3853.3,20.7,30.68,58.15,12.96,29.4,383.0,69.9,1,28.37
3335.1,79.6,28.3,44.62,9.05,24.9,229.9,55.5,5,165.86
4330.1,46.4,18.0,32.52,7.93,99.7,403.4,102.7,5,59.06
1198.5,38.8,29.4,57.66,13.75,29.2,576.7,80.7,1,27.45
3805.8,24.0,33.85,48.01,12.73,19.0,467.5,57.5,4,90.18
1368.7,56.4,24.02,30.64,12.38,60.6,284.5,34.9,3,159.74
1718.4,107.9,16.04,56.26,4.16,84.4,469.9,62.8,5,36.03
3694.6,53.7,9.54,33.77,3.14,15.5,277.2,27.9,2,11.16
4910.9,87.9,22.24,40.65,10.66,54.1,394.2,83.4,3,45.16
3251.9,95.7,16.54,39.17,7.56,16.2,387.0,76.6,10,131.71
745.3,52.8,21.41,56.95,10.57,48.6,261.3,99.1,2,128.21
3273.4,102.2,29.94,30.63,11.65,41.0,306.5,59.4,9,282.39
690.6,89.2,9.83,33.33,5.13,22.3,574.0,40.7,6,49.72
4478.7,75.9,14.97,46.41,4.99,93.8,262.8,102.0,1,10.5
3693.1,20.1,19.19,55.46,7.87,67.1,510.5,86.0,5,44.85
1279.1,23.5,11.68,24.6,4.83,85.9,450.3,87.7,6,55.2
912.7,119.1,27.31,28.4,10.34,91.5,389.7,68.1,3,132.23
1325.9,98.2,30.22,57.92,11.45,93.7,211.9,106.4,3,208.4
4910.1,113.8,22.94,51.09,7.61,77.3,242.1,35.1,8,158.82
2563.5,110.2,25.71,33.84,11.13,37.6,230.5,54.2,1,46.06
4028.4,22.0,20.65,34.31,8.15,84.6,414.1,97.6,10,127.83
3363.8,99.2,25.35,38.78,10.98,56.8,588.0,24.6,4,59.0
3075.9,65.1,12.03,46.95,4.15,34.4,544.8,98.9,4,13.04
1153.1,99.0,25.76,42.44,11.34,44.7,161.4,48.8,2,160.4
4757.1,20.7,26.05,51.04,11.01,37.1,273.2,23.8,9,262.06
1856.0,48.8,11.63,22.17,4.73,52.0,220.8,18.7,3,42.44
3101.1,95.1,23.08,52.76,8.78,80.3,589.1,102.7,9,90.52
3649.0,99.3,31.85,22.32,12.97,53.6,256.0,95.6,4,169.28
3421.5,82.0,13.85,55.24,4.49,34.1,240.6,41.7,1,11.72
4732.7,50.1,27.68,21.73,11.3,17.9,429.4,22.8,5,92.11
1168.0,51.0,33.28,25.11,14.36,87.0,400.3,37.2,6,352.96
2787.6,116.7,32.77,27.21,13.13,47.6,251.6,33.4,5,254.34
2318.2,63.9,14.48,28.92,6.62,49.8,451.7,90.6,10,100.59
2633.8,64.7,25.56,36.07,9.5,78.7,193.7,33.7,6,251.39
1036.5,75.2,35.38,46.22,14.88,86.5,158.7,33.8,8,1035.61
1103.4,61.0,23.22,55.7,8.96,56.0,187.1,13.5,4,222.44
1751.3,75.3,8.66,40.98,2.61,66.9,314.2,75.7,2,11.04
1871.2,63.2,10.57,41.3,1.64,31.5,588.8,85.8,5,7.53
2425.6,102.7,30.89,32.77,12.06,94.2,396.3,81.9,6,163.72
3249.4,110.9,18.16,52.03,6.93,61.1,489.6,72.5,5,43.37
3355.8,113.2,10.17,24.42,4.46,74.8,294.7,116.3,8,68.24
2353.1,76.4,17.9,32.04,5.87,20.3,473.7,62.0,10,95.91
2339.5,64.2,27.88,23.88,11.6,67.3,584.8,104.6,1,16.01
1479.3,90.5,14.7,28.57,7.51,43.2,311.0,81.1,1,23.15
3147.4,103.8,31.68,43.46,13.16,50.5,599.6,19.3,3,66.15
1926.7,76.3,28.54,25.04,11.29,71.4,437.3,99.1,6,167.44
662.3,90.0,33.21,24.02,14.64,81.7,486.9,74.3,1,54.37
2382.8,95.0,32.56,53.04,13.44,41.4,263.5,81.9,2,118.72
2633.6,87.6,12.28,24.73,4.56,88.6,439.4,29.8,5,34.38
1515.2,94.6,25.35,44.32,10.23,29.7,380.0,58.1,4,133.76
3076.1,40.9,8.67,34.08,1.29,60.7,580.4,106.9,9,7.39
3046.0,69.8,32.28,55.85,14.88,23.6,557.1,33.7,6,142.95
3659.0,78.8,18.81,48.3,4.65,36.0,328.5,10.0,9,91.08
3415.8,20.2,25.61,22.38,10.31,90.6,576.1,38.3,8,104.5
3435.9,105.6,33.38,55.82,12.89,11.0,548.2,63.6,5,84.14
1923.0,81.0,9.85,36.56,3.25,92.4,415.7,100.3,10,48.51
4043.4,32.9,26.42,31.93,12.87,39.6,187.0,80.8,9,425.88
2971.1,101.6,1.52,46.91,1.17,72.6,222.4,111.1,5,5.36
2441.4,91.7,16.96,48.72,7.19,18.3,184.6,60.1,9,225.42
3317.1,95.8,22.48,32.13,7.61,67.7,198.6,53.0,3,91.02
2123.0,59.2,12.19,34.07,6.24,91.9,589.6,35.5,3,19.01
2807.3,105.4,20.61,26.25,9.21,60.0,245.5,34.0,8,224.24
3815.2,61.4,34.25,43.74,13.81,42.6,460.9,91.0,8,175.07
4488.8,77.1,16.25,58.28,5.58,81.4,436.4,18.8,3,22.93
4644.8,20.1,24.28,36.66,9.11,74.1,434.0,36.7,8,110.85
2766.3,84.5,29.6,59.85,13.28,20.6,243.0,107.4,6,316.67
2841.2,91.8,24.4,27.06,11.82,69.9,410.7,73.5,6,142.8
4099.4,76.7,7.23,51.84,1.57,69.8,431.5,15.1,9,13.64
1915.0,69.7,38.96,57.12,14.2,77.7,406.7,87.5,2,88.05
4268.2,101.0,4.77,47.52,1.65,38.5,233.8,65.7,5,9.9
2723.6,88.1,19.82,24.37,9.24,46.1,475.4,104.0,3,38.86
1021.4,47.8,21.54,33.06,9.05,96.4,183.0,85.1,6,351.91
824.3,115.9,30.8,23.43,12.01,61.6,416.0,10.5,2,110.11
4289.0,90.7,8.38,44.07,3.08,55.8,346.3,32.6,2,7.77
750.1,118.8,14.3,59.93,3.51,98.8,262.6,38.4,7,128.62
1762.8,117.1,31.29,34.99,11.53,30.7,513.3,87.2,1,21.96
2003.6,111.9,9.67,26.52,3.09,45.8,229.2,66.0,5,44.78
1278.5,95.5,13.55,30.75,7.57,78.4,569.8,92.2,10,97.05
1912.5,80.9,25.78,42.83,11.24,74.2,548.1,66.4,10,213.02
3842.1,37.2,23.63,42.76,10.12,97.0,312.3,46.0,2,51.58
566.1,74.3,8.84,29.19,3.95,68.9,287.3,21.4,10,171.35
4222.3,96.5,14.66,50.03,5.26,38.2,211.9,32.3,4,52.73
4354.5,72.1,36.14,23.52,14.57,45.8,562.3,54.1,2,37.88
2175.2,106.8,13.72,44.92,7.28,18.1,432.4,70.7,6,69.9
1191.3,31.0,8.15,37.03,1.62,93.1,164.3,113.3,5,33.47
3203.8,58.1,11.42,25.09,4.07,21.6,379.9,36.4,4,23.08
1038.5,70.6,16.4,45.38,5.79,59.1,188.6,83.3,5,175.86
2142.1,63.2,38.72,46.92,14.99,46.1,408.2,26.8,1,50.07
4812.9,30.9,11.75,37.6,5.24,22.1,379.0,88.5,3,18.65
4979.6,35.4,8.93,51.92,1.37,36.4,187.3,11.2,2,4.54
3974.5,103.8,20.39,40.37,8.18,67.0,517.1,82.2,10,83.7
1899.3,68.4,11.53,31.43,2.17,12.8,268.0,28.0,5,29.27
3594.5,24.9,10.44,58.14,4.84,96.9,393.7,29.8,6,39.65
3674.3,21.6,40.57,57.76,14.89,91.8,437.6,71.5,5,168.19
2245.3,67.3,24.28,23.82,10.86,17.6,583.0,51.3,9,144.61
3384.0,36.4,13.58,57.84,1.71,88.2,372.2,61.8,8,22.2
548.3,90.5,15.89,51.02,7.28,39.6,562.8,44.0,7,126.03
1440.8,99.5,13.0,24.27,3.4,16.1,309.7,114.9,4,42.71
2862.9,42.8,7.17,40.77,2.72,37.6,535.8,42.0,4,8.07
1236.9,79.2,25.35,21.4,9.22,82.8,256.1,69.6,10,477.38
1246.6,35.4,20.46,43.55,8.08,69.9,468.4,104.0,10,202.08
4263.4,50.4,24.95,57.33,11.4,31.5,189.9,83.1,3,115.49
4951.1,108.9,24.64,34.73,13.49,74.7,593.7,45.5,4,50.19
3001.9,74.4,19.77,40.35,4.45,73.7,579.3,70.8,4,19.1
4275.8,108.6,34.24,29.1,13.92,76.9,349.0,19.1,8,270.91
4956.4,42.5,12.15,41.64,8.25,58.7,385.8,70.0,10,103.58
1137.2,53.0,13.54,52.1,4.62,83.7,419.0,57.5,9,105.74
2517.1,67.1,33.6,28.61,12.84,67.7,273.8,93.4,9,479.56
2266.6,68.0,3.3,42.14,1.5,21.3,453.5,103.3,4,4.63
860.2,119.8,20.19,34.19,8.83,82.9,464.4,32.0,4,101.32
3899.0,31.4,27.48,49.91,11.1,39.1,386.3,19.0,9,205.02
2452.0,105.2,16.92,48.08,4.92,73.5,216.5,53.0,4,76.39
2612.0,106.4,32.4,47.95,13.09,70.8,563.6,68.8,3,64.79
1178.0,75.3,16.43,35.11,4.36,40.2,201.8,51.4,9,189.77
1314.2,54.4,34.74,43.97,12.76,24.6,433.1,79.1,5,211.73
4582.0,71.9,6.14,46.04,2.1,72.5,196.4,65.6,1,3.49
700.9,49.2,4.74,47.23,3.24,86.4,215.7,113.0,9,105.23
1547.8,99.9,15.89,43.01,6.33,85.4,159.2,55.0,3,103.6
1814.3,69.8,33.38,54.67,12.96,66.4,313.5,19.1,4,228.02
2705.9,112.6,9.14,29.95,3.02,30.5,437.8,43.2,6,21.87
3139.0,82.3,34.39,22.23,13.26,38.5,384.7,76.6,3,105.65
2719.8,71.4,14.29,58.5,4.22,77.9,453.5,38.2,9,56.62
878.5,91.1,20.46,22.43,7.34,47.0,453.8,39.6,7,155.6
1596.5,70.4,14.83,56.12,5.94,75.9,213.1,47.4,6,131.64
4296.1,110.5,9.66,44.49,2.65,37.9,175.8,92.1,3,19.5
3369.1,38.4,41.41,56.75,14.22,10.6,431.4,113.4,5,165.53
3421.2,117.3,13.94,42.6,7.13,64.3,444.0,48.5,3,28.11
3515.9,101.2,27.99,52.84,10.66,64.1,400.5,31.5,10,211.65
3933.1,106.1,28.32,48.85,9.05,66.5,260.6,56.3,8,244.01
761.5,68.3,16.93,41.0,8.02,34.1,514.8,48.7,2,39.38
2149.7,103.7,27.16,34.53,9.63,83.0,184.1,118.9,6,294.36
2927.9,50.7,36.63,20.11,13.58,53.9,434.5,61.0,8,233.25
2023.1,96.2,22.39,30.04,10.79,78.6,204.2,84.7,6,312.95
4300.2,34.0,23.58,58.07,8.45,65.0,444.5,110.5,2,25.27
2671.6,50.7,24.26,31.02,10.03,47.4,338.0,79.2,2,52.52
3958.8,64.6,23.64,50.07,9.49,71.2,473.1,37.4,8,113.47
4334.1,52.2,17.27,40.34,7.06,61.7,173.5,76.8,6,136.0
2771.6,58.7,28.36,32.34,9.75,56.0,399.8,54.2,6,137.22
4593.0,102.0,18.25,59.64,7.21,68.4,215.2,56.5,3,55.3
3142.1,45.7,27.31,21.88,11.61,17.7,457.1,117.7,3,63.43
4326.2,94.5,34.16,43.28,14.56,91.9,204.0,40.6,5,287.8
2032.7,27.4,34.18,38.46,14.44,40.2,183.1,61.6,6,543.53
2744.7,96.6,27.49,23.06,12.49,30.2,470.9,27.6,5,117.04
2891.3,99.2,22.26,28.56,9.42,79.5,178.6,29.6,9,313.06
972.4,60.2,28.78,47.77,11.49,30.8,251.0,76.4,2,149.78
2293.5,92.2,11.25,24.33,3.49,99.6,521.1,92.6,5,19.34
4628.0,111.5,23.34,52.04,7.71,47.8,514.4,80.0,3,26.94
3338.7,100.1,13.31,45.0,4.6,36.7,534.4,46.2,1,4.65
1298.8,59.0,2.99,24.03,1.05,15.6,296.7,16.6,5,7.61
2024.9,68.4,32.4,31.47,14.53,13.8,387.6,61.7,1,42.14
1362.2,97.9,33.0,25.49,13.09,18.6,498.0,65.5,4,136.02
611.7,49.3,20.49,51.9,8.19,10.5,211.6,94.8,7,455.95
4673.6,100.4,12.23,41.32,4.56,39.4,476.0,80.4,4,17.43
2516.9,52.8,27.4,20.11,10.7,37.9,193.9,105.8,7,353.55
1883.9,100.6,19.86,41.72,7.09,48.7,561.0,96.1,3,28.22
3193.1,28.7,30.98,39.31,12.25,31.0,436.8,50.2,5,136.94
532.9,24.4,35.97,45.72,14.99,15.6,372.0,79.5,9,947.12
1751.1,119.8,13.14,21.39,5.89,16.4,368.1,92.2,3,37.11
3663.7,106.9,10.33,21.42,4.42,26.4,231.6,115.3,6,61.57
3352.0,108.3,15.45,33.97,4.74,38.5,305.7,56.5,8,75.85
4918.1,115.1,6.03,47.54,2.31,23.3,477.2,81.3,4,5.57
3291.6,63.8,12.95,46.66,6.52,42.9,393.4,53.2,4,37.83
2648.8,48.7,8.34,31.13,1.24,93.0,388.2,91.2,7,11.54
3926.4,33.0,5.16,28.64,2.6,33.5,237.9,110.3,1,3.87
4565.0,70.1,13.15,47.33,4.8,25.2,460.7,111.1,3,14.34
3743.1,42.0,10.92,21.08,3.24,69.8,326.4,27.3,5,26.01
4834.5,113.6,27.89,42.27,11.25,54.2,232.2,32.5,3,96.55
4019.0,20.4,1.0,36.96,2.48,14.3,574.7,93.0,6,3.02
4400.6,34.3,33.36,29.56,13.12,80.9,378.1,79.4,7,197.24
1013.5,44.6,15.4,40.81,4.1,74.4,387.6,109.6,10,111.4
3795.9,39.9,10.16,28.69,2.52,98.0,591.6,44.5,7,12.46
2480.4,42.6,1.0,42.57,1.14,94.4,314.9,103.3,6,4.21
2989.0,85.6,33.71,25.96,11.01,62.6,574.4,85.2,8,114.96
3443.5,52.8,8.59,36.23,4.59,71.7,462.7,31.5,3,13.29
4864.2,81.5,17.47,40.42,8.13,46.9,434.9,23.9,5,51.64
4930.6,109.0,10.24,21.27,2.56,90.0,255.5,87.3,9,38.72
1797.0,80.3,37.39,44.43,14.79,59.8,173.3,27.4,2,211.18
3801.9,89.5,8.58,50.01,2.76,39.3,347.0,97.4,3,11.83
3874.9,56.6,15.86,58.24,6.77,10.9,154.6,71.3,3,58.63
2059.2,36.0,35.72,28.13,12.92,62.8,182.0,62.5,10,824.16
1057.4,52.1,12.07,28.35,4.43,57.3,417.9,40.3,4,43.69
684.3,116.4,8.2,32.19,4.74,83.1,476.0,118.2,4,35.84
3998.0,82.2,34.03,55.63,12.32,26.8,225.6,89.4,9,442.7
2703.6,47.8,13.76,36.27,4.83,83.4,479.6,95.6,10,64.71
4934.9,65.1,7.74,32.07,1.04,11.4,577.4,94.6,1,3.0
2592.4,103.6,19.8,49.65,6.99,62.9,484.4,74.2,9,95.72
4900.6,86.8,11.88,21.52,1.18,45.7,503.1,113.4,8,8.1
2352.1,76.1,32.67,41.95,13.74,39.8,465.3,74.2,9,251.64
4071.6,108.5,25.01,38.01,9.99,49.0,251.1,67.2,1,29.24
881.7,87.2,25.23,44.99,9.16,30.1,312.4,40.1,1,45.91
2999.6,84.3,9.88,49.24,3.82,26.5,577.2,41.0,4,13.0
4109.3,39.0,29.25,33.0,10.8,82.5,447.5,91.1,9,168.36
4661.2,30.6,17.27,45.46,10.48,30.5,505.1,46.8,5,54.27
4201.6,116.5,6.03,40.97,1.85,76.3,585.9,90.2,8,6.84
666.4,79.9,32.35,25.36,13.33,74.0,254.1,114.8,3,303.25
2177.2,61.6,22.54,55.27,9.11,13.0,294.8,58.3,4,128.49
719.1,78.9,27.19,50.18,12.09,89.3,440.2,20.7,9,447.52
991.8,26.2,15.48,56.87,4.68,81.0,161.0,83.3,5,149.64
3538.9,102.2,6.72,48.82,2.71,81.6,407.0,11.0,8,23.56
3709.7,41.7,27.52,29.79,10.83,82.8,513.9,96.6,7,101.91
3981.7,100.5,29.75,37.22,12.11,62.4,424.7,67.8,2,46.44
4394.6,73.4,18.23,35.47,6.4,99.4,282.9,63.9,10,143.29
3827.4,47.7,9.36,21.43,1.33,26.1,475.8,72.6,10,11.84
4103.9,23.0,31.23,36.42,12.46,16.5,215.7,66.8,8,373.64
720.3,101.6,13.46,33.82,3.89,73.4,552.6,45.6,5,37.05
1555.4,37.6,15.65,20.16,5.75,36.5,195.4,41.0,5,125.61
3298.5,25.2,23.01,53.88,9.8,64.7,538.6,55.7,3,38.74
4361.6,95.6,7.09,25.75,2.4,45.3,374.0,108.4,7,16.08
520.3,55.0,5.77,40.04,2.01,40.0,342.9,24.9,4,22.45
2815.8,58.9,6.83,51.39,1.36,90.4,375.3,45.7,2,3.2
3547.8,44.7,34.14,44.18,13.83,22.8,240.1,31.2,1,51.17
633.2,105.9,11.94,26.77,5.36,27.0,356.0,57.0,5,104.3
2306.1,49.7,24.91,44.73,10.25,70.1,532.4,24.7,9,168.0
4530.4,41.0,31.58,50.3,14.85,80.4,510.4,93.7,8,138.36
3522.3,50.9,25.3,54.19,10.37,84.9,223.4,21.4,9,313.4
1569.5,40.3,21.21,32.75,8.35,30.8,453.0,83.2,7,126.81
4337.5,51.8,26.5,21.36,8.29,89.4,535.6,39.4,9,94.72
2066.1,28.3,20.48,44.32,6.28,64.9,518.9,61.9,8,77.98
4340.1,35.9,20.51,29.03,9.4,84.1,341.5,32.0,9,153.96
1845.2,61.7,35.78,51.24,14.42,16.2,171.6,90.3,6,598.3
3156.4,107.9,30.33,47.2,12.03,42.1,569.0,114.3,1,14.65
2286.2,25.7,17.27,50.93,6.94,57.2,328.1,34.4,4,70.56
1736.7,41.3,14.5,58.7,5.65,61.9,312.4,114.8,9,136.68
4489.5,110.8,31.69,43.38,13.37,18.9,491.8,45.8,8,149.14
1344.2,109.0,14.29,56.17,2.9,58.5,268.8,71.4,1,11.0
881.7,87.9,30.41,45.68,12.89,69.9,525.6,87.2,1,37.76
2038.7,44.0,13.54,27.27,4.57,42.5,184.2,31.9,7,119.58
3729.4,62.0,19.76,51.97,11.02,55.1,483.3,58.9,10,136.87
4133.4,41.1,32.73,47.75,12.29,36.3,584.6,17.5,8,135.64
4994.3,32.9,23.21,59.12,7.68,88.3,598.1,86.7,10,59.49
1833.6,58.0,7.34,29.74,3.69,63.9,565.7,55.8,1,3.37
2335.7,77.6,29.97,33.33,12.83,59.6,541.8,108.1,9,175.21
1115.7,56.0,17.49,52.86,6.15,95.0,275.5,40.1,2,54.61
3086.9,81.1,14.68,22.52,5.49,69.8,585.0,111.6,9,42.35
4989.1,49.6,22.12,45.33,8.14,35.2,567.6,25.5,10,90.27
3654.0,54.6,17.45,41.42,7.09,67.8,390.5,76.8,6,72.99
3178.5,99.1,31.88,26.75,10.56,96.5,330.9,43.9,6,186.77
2265.7,107.8,6.71,26.6,2.92,12.1,199.2,30.0,5,31.16
4618.8,52.2,26.4,52.41,7.1,66.4,415.8,20.3,6,75.86
2736.1,77.2,36.74,20.62,13.48,24.1,465.2,82.1,9,259.22
1104.7,47.8,7.96,49.87,1.5,83.5,331.8,35.6,3,10.72
2144.2,25.3,15.9,49.31,7.4,67.7,332.7,73.0,3,58.45
802.3,93.8,28.3,45.99,10.25,94.3,408.0,117.7,10,421.91
1408.9,37.1,34.7,36.38,13.43,70.3,162.5,44.8,9,908.87
579.5,62.6,17.06,21.13,9.31,11.5,581.0,13.8,6,169.58
2539.8,68.7,26.63,52.07,12.54,55.9,280.5,25.7,3,124.06
3355.4,38.4,12.54,25.03,4.12,91.3,213.4,23.1,10,97.11
2044.8,29.5,15.26,31.23,5.94,30.9,152.5,61.0,9,227.21
2391.7,54.8,33.09,57.87,14.19,17.5,535.6,91.9,4,92.2
4816.4,115.2,36.07,32.07,13.4,74.8,538.4,42.6,6,104.15
3883.8,81.5,19.61,30.21,8.81,55.2,192.9,26.0,5,137.64
2933.9,58.1,18.25,58.93,7.66,14.3,218.5,80.5,9,217.85
1780.4,23.9,16.88,23.44,7.31,35.2,351.6,43.1,7,121.54
4536.5,80.0,7.72,26.43,1.82,39.4,233.6,73.3,5,15.27
1557.9,29.2,27.88,37.53,13.49,70.1,481.1,112.7,10,300.24
1964.0,74.3,29.15,51.51,12.45,52.4,176.1,42.0,7,497.05
4590.8,95.2,13.82,55.37,7.39,53.8,397.4,66.4,5,49.82
2882.9,62.4,12.36,50.23,4.91,82.6,322.3,98.7,10,95.87
3840.4,49.9,17.51,59.05,5.8,35.1,359.2,86.1,5,55.12
3158.4,24.7,10.49,20.67,2.72,70.5,341.1,92.7,5,21.77
3440.5,22.5,25.36,44.78,11.11,43.1,218.9,95.0,4,169.78
1847.2,63.0,23.82,24.65,8.79,47.7,249.1,69.4,3,110.34
1586.2,108.3,11.28,56.41,4.28,60.0,179.2,69.0,3,52.21
1951.2,44.4,28.44,57.41,9.72,72.6,201.9,89.1,1,50.22
1199.5,77.4,35.44,32.12,14.71,95.1,590.1,86.7,8,234.4
4434.4,88.4,1.0,53.11,2.71,34.2,275.9,83.7,6,8.4
1774.6,26.1,21.75,45.21,7.42,19.3,288.2,52.0,10,252.62
3026.7,35.3,18.83,24.02,7.92,48.6,207.2,101.1,7,194.83
4063.9,53.1,8.85,44.11,3.34,59.2,489.8,36.0,1,3.0
4027.2,87.0,22.42,59.04,8.44,30.5,565.9,27.1,7,69.51
2472.7,63.9,19.54,32.32,9.48,90.1,505.4,48.0,2,26.49
2643.2,93.4,9.59,20.05,3.2,81.9,425.7,37.9,1,4.31
4976.2,106.8,10.89,59.07,3.17,54.4,516.0,83.0,7,17.41
3535.7,95.8,32.97,36.56,12.99,50.5,331.9,35.4,1,38.39
4165.9,119.2,12.53,37.24,5.36,13.7,536.8,82.2,5,23.28
4561.5,95.4,27.57,48.5,9.82,58.3,509.3,66.5,9,110.84
4044.2,105.2,21.49,44.18,9.77,63.6,150.8,26.8,3,102.16
1333.3,103.2,29.44,32.08,12.75,90.2,369.5,38.4,7,345.94
3029.8,93.0,27.72,24.0,11.36,55.1,269.1,67.4,4,151.88
958.5,100.2,32.25,53.09,12.77,24.2,188.8,90.6,2,200.86
3438.1,113.5,23.46,39.34,9.75,26.2,530.8,53.8,2,25.82
4799.1,67.5,22.46,46.9,7.29,24.4,153.6,35.6,1,24.46
2807.3,83.8,17.86,54.42,6.51,94.5,478.6,42.5,2,17.71
2448.4,71.5,16.73,20.71,6.31,81.4,594.7,20.5,2,15.64
661.3,105.1,18.55,54.38,6.86,84.2,366.9,12.8,9,265.47
4819.0,63.1,10.66,50.07,2.81,85.6,317.1,117.0,9,36.03
963.5,102.0,18.67,57.87,6.94,18.6,422.6,20.6,4,86.86
684.9,99.9,11.41,29.34,6.45,73.2,512.1,23.7,8,127.85
1607.3,116.2,8.68,32.9,1.48,73.4,258.1,105.8,3,11.35
794.9,44.9,13.52,46.46,4.85,30.2,262.8,83.0,7,159.69
2548.0,91.0,30.57,57.03,11.53,54.2,423.2,58.0,3,77.26
2822.4,95.7,21.69,59.71,9.09,69.6,572.9,81.4,7,76.24
1906.6,113.6,24.78,36.67,12.29,90.8,284.3,112.8,4,184.6
729.3,110.7,14.94,41.57,8.6,19.9,319.5,20.9,9,318.69
1002.2,77.4,28.97,26.82,12.96,90.3,597.0,36.8,9,285.14
2230.3,77.9,31.49,47.76,12.14,93.0,229.3,104.6,4,252.19
772.4,36.7,11.36,53.49,2.38,93.1,184.6,95.9,1,14.77
3641.9,117.5,36.67,51.95,14.68,10.4,415.4,119.4,4,116.41
1431.6,45.5,1.62,33.83,1.21,29.9,160.9,44.5,3,6.16
1859.3,92.5,21.17,58.53,9.36,72.2,231.2,113.9,5,206.21
2273.6,99.6,33.9,24.81,12.1,39.0,430.0,47.8,6,186.3
2374.7,64.1,11.05,39.76,5.65,15.5,446.8,88.7,10,75.16
507.5,41.1,29.88,42.18,9.38,78.7,379.7,107.1,1,59.04
1004.3,38.9,21.59,41.46,6.07,12.6,322.7,28.8,6,163.95
4382.4,105.6,12.66,50.32,1.85,50.1,409.3,32.6,2,4.73
505.5,71.1,5.71,44.38,1.12,95.3,439.5,73.9,6,14.45
2786.8,29.0,6.33,23.09,2.33,49.6,511.6,102.8,7,13.43
2702.8,91.7,8.54,27.19,2.38,92.1,506.7,18.7,9,21.99
1998.9,45.0,26.7,41.29,9.55,46.8,449.2,103.6,6,116.95
2441.0,107.6,19.28,47.78,8.36,41.2,552.4,47.7,2,21.55
4012.6,51.0,15.66,40.57,7.38,19.7,527.1,54.7,10,71.79
4285.4,40.0,25.73,34.22,10.69,42.2,210.0,47.4,5,186.63
1671.6,28.5,2.52,22.05,1.24,40.3,580.5,110.3,5,3.0
1951.2,71.2,16.75,51.44,4.79,86.2,551.3,24.4,7,52.16
1591.2,65.1,27.48,39.89,11.88,92.8,294.4,73.2,3,141.22
2659.4,95.1,33.89,41.55,13.74,12.0,159.1,26.3,10,773.73
3574.7,66.5,21.36,38.76,7.14,18.8,421.8,112.1,1,11.67
1527.1,54.4,10.76,30.61,2.14,67.9,347.3,97.8,2,9.66
1988.3,46.2,30.64,31.05,12.18,53.6,487.3,35.7,10,305.66
4686.7,47.8,33.96,22.54,13.39,36.7,386.1,42.8,5,145.21
718.6,112.8,14.57,48.3,6.79,33.4,184.4,52.0,9,382.21
2573.5,36.5,15.21,30.87,4.41,30.2,260.1,54.6,10,121.87
3702.0,118.8,9.51,31.94,1.62,57.3,547.1,99.9,10,12.83
1177.0,52.7,17.72,59.74,9.28,11.6,167.0,72.1,8,501.7
713.2,28.8,38.89,35.43,13.74,76.5,481.5,57.1,7,417.77
1121.9,44.9,24.03,40.43,10.49,37.0,281.4,89.1,7,333.01
4634.7,25.8,16.3,35.46,5.44,48.4,353.7,60.4,7,64.27
541.7,99.0,25.23,31.61,10.0,57.4,389.0,24.1,3,152.54
1347.4,71.3,30.91,20.23,12.65,29.0,262.5,21.8,9,631.18
640.8,53.7,19.0,54.2,7.66,89.5,443.4,45.9,2,51.6
997.8,86.2,27.72,38.93,12.48,71.4,462.0,76.3,5,197.95
3290.7,83.1,18.49,48.8,6.49,88.3,188.3,24.8,4,81.08
1587.4,114.0,14.66,58.35,5.88,52.8,318.3,70.5,8,133.24
3061.5,116.1,19.14,20.11,9.16,48.9,485.0,39.7,3,40.77
3155.9,88.1,16.16,47.0,7.51,31.3,474.7,86.5,3,26.66
4322.5,101.8,31.89,24.75,14.68,59.0,395.1,13.1,9,308.86
521.3,99.2,19.35,38.32,8.23,63.4,500.0,61.6,5,125.46
4340.2,69.1,18.16,53.87,6.39,47.8,198.4,15.7,8,126.1
3286.0,90.4,14.88,22.86,6.53,23.1,203.2,46.4,9,176.19
1232.3,27.8,24.87,59.58,8.67,34.6,445.9,11.7,9,258.57
3978.2,95.8,15.37,43.23,5.97,11.3,462.0,61.6,4,27.46
4349.7,116.2,26.71,35.8,11.12,38.7,516.5,94.4,2,25.29
1644.2,28.5,16.61,20.78,6.33,62.3,231.5,21.0,10,227.17
4634.6,103.6,20.85,43.47,6.38,96.0,382.5,90.9,4,39.22
2545.1,113.3,20.05,39.8,9.64,26.0,447.4,74.3,8,135.72
3215.4,42.6,11.23,28.61,1.85,15.0,250.7,65.5,8,32.8
4930.9,72.5,28.28,39.62,10.17,36.7,382.6,75.9,5,95.24
2126.9,112.8,20.5,20.51,8.07,24.1,437.3,46.9,2,33.29
4159.2,116.0,22.44,59.98,7.34,72.6,246.5,88.1,5,108.02
1932.8,32.8,26.49,33.28,11.07,10.5,319.0,95.8,2,76.24
4096.5,54.9,29.57,39.21,11.62,98.3,247.4,95.6,4,146.11
3203.3,89.8,29.93,51.39,12.85,87.0,556.3,39.6,4,74.92
1473.6,42.2,19.27,48.51,6.25,54.2,256.6,81.9,6,158.6
2363.1,52.5,12.71,55.54,5.58,92.9,204.4,26.3,2,34.15
1929.4,22.3,27.15,57.65,11.0,66.5,165.8,64.5,9,566.53
851.5,35.4,25.07,27.57,9.15,99.4,170.2,10.3,1,68.45
634.3,76.2,27.79,35.62,9.85,35.0,236.2,31.3,10,734.66
2059.2,85.3,19.72,47.47,8.78,99.7,423.7,79.5,4,70.84
585.7,84.9,31.44,21.8,11.82,26.2,157.9,106.2,5,759.41
1244.7,97.8,7.47,48.68,3.66,41.8,279.0,15.4,9,77.87
3763.3,61.5,15.74,20.2,8.78,94.2,176.2,71.4,7,203.2
3686.4,47.3,7.15,56.56,3.21,43.3,331.6,80.0,1,3.78
3823.6,21.6,19.92,48.73,6.7,28.9,171.9,112.6,7,156.16
1927.2,40.7,25.64,42.62,10.3,15.4,423.4,82.1,6,139.01
4505.1,51.2,18.57,37.16,7.9,23.4,459.8,21.3,10,104.63
3172.2,37.8,16.69,59.52,6.31,42.0,479.1,26.1,6,54.79
1067.1,22.0,32.86,49.46,13.39,47.9,251.0,79.9,10,945.54
1146.7,35.7,31.05,52.29,11.82,58.8,540.8,33.7,6,197.83
3618.9,86.6,16.41,53.02,8.37,83.2,460.6,112.1,2,21.67
1278.2,83.0,34.58,20.87,14.3,11.2,175.5,111.3,6,668.93
2782.8,113.6,18.34,22.19,6.94,85.7,348.3,114.4,10,146.58
4963.0,99.8,25.58,27.93,12.03,62.0,495.5,42.2,1,15.75
518.0,76.8,5.57,46.21,3.35,78.1,289.9,88.9,4,49.36
574.6,33.8,12.41,44.96,5.0,78.1,321.7,82.9,1,20.72
4968.9,76.4,15.21,33.01,5.73,91.3,433.3,13.9,9,67.84
3130.9,26.2,7.74,58.92,2.48,18.4,175.0,39.2,6,31.28
1071.1,63.1,18.79,23.72,8.03,61.4,585.1,32.7,8,124.83
4537.9,59.0,8.7,51.07,3.69,91.8,228.5,50.8,10,64.3
4461.7,62.8,23.54,39.24,9.88,74.7,162.0,114.8,9,331.46
2912.9,48.0,11.32,36.75,3.66,18.7,152.4,103.0,5,61.12
3298.1,88.6,12.01,21.02,2.73,65.3,329.8,42.3,10,45.31
1729.3,104.1,28.84,49.11,14.57,82.0,547.9,68.3,5,136.54
727.3,96.9,27.36,50.86,10.22,34.7,518.9,31.1,10,339.52
3175.6,82.8,34.12,32.76,14.11,66.9,560.4,40.5,10,225.84
1826.4,73.8,21.65,40.68,7.86,85.6,390.2,17.2,3,67.77
3486.3,23.1,8.93,44.26,1.47,57.1,351.9,80.7,8,16.04
4263.1,92.3,20.53,34.71,9.04,27.5,323.6,82.3,7,124.36
581.7,74.5,25.11,44.62,8.82,59.5,170.9,102.2,8,693.08
3180.7,47.1,1.02,37.37,1.21,62.9,559.3,105.9,2,3.0
1540.8,52.8,32.41,55.12,13.06,46.3,373.3,27.6,6,310.17
4432.5,113.6,23.54,48.74,9.68,71.2,354.8,91.7,2,39.13
1641.5,82.4,28.42,24.42,11.43,49.0,381.8,24.8,9,336.23
3248.5,67.6,17.24,51.98,7.91,89.0,507.4,51.1,9,89.68
2990.9,82.1,25.52,33.5,9.66,81.2,251.0,66.7,6,214.25
2282.7,61.4,17.35,57.42,4.6,82.4,469.5,15.4,2,15.97
3549.3,67.0,32.74,44.13,14.63,57.3,469.8,27.2,7,193.25
3766.0,49.0,17.77,21.1,6.61,27.7,532.3,39.8,5,34.22
3051.2,64.0,12.09,49.37,3.27,75.2,153.9,24.0,8,78.04
3912.9,88.6,5.21,25.23,1.78,16.2,226.7,112.8,1,3.0
4925.4,24.0,28.87,55.09,9.91,56.6,362.0,41.7,5,104.03
2386.7,99.5,34.68,57.93,14.77,14.8,532.7,65.1,4,107.31
2815.6,48.3,32.8,47.81,13.54,57.6,584.3,119.6,10,152.15
556.1,88.3,23.93,41.31,10.83,71.7,417.7,72.3,3,140.53
4082.1,84.3,36.58,44.08,14.87,47.7,245.5,55.3,10,537.32
2841.0,85.3,27.58,37.15,11.12,47.5,233.1,112.3,10,438.88
2335.8,80.8,17.13,23.34,5.75,21.1,437.7,34.5,6,62.12
923.3,115.9,21.75,57.15,9.42,37.2,244.5,29.7,2,107.72
4503.5,70.8,4.82,33.17,2.12,50.0,398.9,68.9,3,4.65
2277.5,93.2,12.83,32.51,4.1,87.7,525.7,57.0,1,4.78
3571.6,90.5,21.94,27.65,6.85,90.8,325.4,97.7,8,125.15
1172.2,43.6,12.69,59.7,3.83,95.8,320.3,14.6,8,89.23
4827.0,48.3,40.54,57.7,14.35,19.0,166.3,77.9,4,289.92
1303.0,62.4,38.02,33.98,14.94,36.7,264.3,88.2,8,721.22
1397.9,47.8,17.8,30.4,6.19,51.7,464.2,116.9,6,67.7
4365.4,56.7,29.18,52.21,10.93,67.8,312.2,26.0,9,262.92
4606.6,59.1,21.89,36.9,6.71,73.3,221.2,37.1,1,17.78
1454.7,80.4,12.5,58.71,2.95,80.7,197.6,112.6,2,26.21
2614.1,42.0,11.89,56.05,5.72,54.6,192.8,79.4,9,154.58
3800.7,100.4,14.22,50.38,4.27,60.1,446.6,14.2,4,23.26
4452.6,63.8,15.66,23.6,5.59,96.5,425.7,18.5,10,74.16
2205.7,90.6,10.64,48.09,4.01,31.6,383.3,96.4,9,63.4
2826.6,28.1,2.6,59.49,2.57,82.3,375.1,72.4,1,3.0
3837.7,67.0,6.68,34.93,4.04,74.1,218.9,72.2,5,34.28
3790.1,22.8,32.37,55.26,13.68,22.6,375.3,106.8,8,253.52
4023.3,87.6,2.65,36.33,2.19,93.4,177.0,36.5,2,5.1
3064.7,54.4,13.73,58.85,5.55,87.0,566.6,27.6,9,46.8
970.8,114.9,23.46,46.14,8.4,80.2,176.1,77.5,1,61.75
4567.9,52.4,13.97,23.86,5.96,21.4,340.6,107.1,2,21.04
4395.1,76.4,21.22,39.16,8.25,22.6,150.3,39.2,6,158.18
4091.4,45.7,2.49,21.99,1.61,71.5,503.8,84.9,3,3.0
949.4,82.0,26.08,35.8,10.08,19.7,224.8,26.8,7,448.34
1419.8,66.7,23.97,56.62,8.89,20.2,566.2,28.9,4,77.68
3846.2,57.1,21.96,29.29,10.53,46.0,169.8,109.2,3,113.7
604.1,40.4,20.31,58.02,8.94,10.5,519.4,23.0,9,262.98
4906.5,31.2,14.6,24.0,7.13,74.9,445.5,12.7,2,17.57
2197.2,32.0,17.1,46.59,5.9,58.6,262.4,95.2,5,94.14
3736.9,119.9,12.08,58.63,4.17,17.0,241.1,49.9,2,17.49
4494.1,61.2,20.25,46.17,8.0,58.9,311.0,53.6,2,32.86
2275.8,20.2,4.75,55.96,1.36,14.9,522.8,98.0,3,3.0
1936.1,115.3,15.84,59.64,5.6,16.4,537.9,29.8,3,24.51
3239.3,22.0,27.16,45.67,10.49,53.7,228.9,81.5,5,204.98
3114.5,61.9,6.31,51.29,2.52,55.0,309.1,44.5,5,17.78
2341.1,91.7,4.42,21.28,1.88,40.5,256.9,21.5,2,5.85
3208.0,111.5,25.12,37.09,10.13,66.0,205.2,85.6,1,40.38
4709.2,91.3,16.54,31.53,6.57,44.9,440.9,45.1,1,8.35
2604.4,66.4,36.3,52.97,12.23,62.8,305.6,105.3,7,338.66
1385.3,117.4,33.33,47.1,14.12,41.5,251.4,111.1,10,820.19
2197.4,23.9,35.99,44.58,14.4,74.3,539.7,103.4,1,27.06
2273.5,118.7,19.4,57.26,6.96,62.1,486.7,45.5,1,10.74
1090.0,104.9,17.01,23.55,4.7,24.4,498.2,36.0,8,73.86
1232.9,112.9,21.46,58.15,9.52,71.8,167.6,108.2,8,557.01
3580.5,45.5,28.55,24.03,9.79,80.6,561.8,59.8,8,95.13
2027.6,34.2,23.9,33.88,9.71,15.9,408.6,87.9,2,47.25
4797.0,86.3,22.17,45.21,5.5,64.9,376.7,101.0,9,77.87
1596.2,71.6,7.44,33.66,1.89,81.1,154.8,40.5,7,42.39
945.2,72.3,7.38,47.3,3.94,20.3,553.9,23.1,2,11.02
3890.8,112.5,8.68,51.02,3.16,91.1,394.8,78.7,2,7.16
4464.7,82.0,12.3,53.14,2.73,47.3,521.3,74.9,7,15.0
1751.5,51.1,34.37,27.17,13.97,76.4,445.0,39.7,8,313.66
1409.4,60.0,4.57,27.28,1.19,90.9,508.5,74.3,8,8.37
1335.9,33.3,25.84,22.09,9.43,99.1,461.8,96.9,6,153.39
2849.1,39.2,33.77,39.63,14.26,62.6,564.4,48.5,6,137.7
2607.9,34.3,15.26,25.5,6.04,73.4,251.5,36.7,7,115.15
1667.5,101.0,18.44,32.74,8.38,32.7,240.9,89.8,2,71.51
703.3,90.5,31.89,53.62,10.74,36.1,470.6,96.4,4,161.64
2666.7,73.0,10.85,57.95,5.44,86.6,375.6,115.0,1,8.43
4817.0,57.4,20.19,52.88,7.69,45.8,419.6,26.2,9,99.98
3436.3,86.8,32.05,20.03,12.44,84.0,468.8,107.8,7,155.7
2729.8,101.3,28.26,42.72,11.43,14.6,396.3,94.2,8,204.93
998.1,108.1,26.57,26.67,12.32,29.6,504.5,87.2,5,165.16
1636.0,74.7,33.1,35.03,14.82,25.3,293.5,44.4,10,764.45
1826.5,102.0,17.79,37.12,6.18,57.4,536.5,12.4,10,112.91
3941.6,71.1,26.02,57.72,11.46,17.2,198.5,65.8,7,292.73
4445.2,67.5,17.49,45.35,9.44,40.9,435.3,41.4,9,110.95
4557.4,106.5,26.93,30.71,10.33,98.8,550.6,41.9,7,85.77
4930.6,58.6,25.51,45.71,11.36,81.5,263.7,112.0,8,218.77
4920.7,59.6,30.34,58.07,11.5,78.5,297.1,26.8,3,92.18
4788.5,50.5,32.22,22.37,13.4,22.2,287.4,112.8,10,386.64
823.2,71.9,14.8,52.64,5.89,42.8,403.9,65.4,2,34.58
1120.1,74.5,25.5,28.68,10.15,71.3,335.8,102.2,7,304.4
1870.1,86.0,9.91,26.12,4.92,11.9,198.6,41.2,7,106.06
2988.0,63.1,20.97,55.95,9.32,49.1,551.1,79.7,1,10.97
936.4,41.8,27.71,20.07,11.52,93.6,242.1,71.2,8,616.98
4306.1,106.7,26.34,49.64,12.07,17.4,390.3,111.7,1,22.43
3275.4,54.6,19.97,23.49,6.88,91.6,417.7,29.7,6,68.39
2940.6,112.3,19.76,44.72,8.12,27.5,168.3,32.5,9,274.44
1243.9,40.7,10.7,44.84,5.67,27.0,193.1,114.4,2,51.8
1639.6,76.0,8.07,54.51,3.37,27.6,587.3,20.8,4,14.32
1221.4,73.7,12.99,52.9,4.65,93.8,449.0,79.8,6,48.34
4333.7,102.9,32.33,47.41,13.77,64.3,165.1,16.7,10,525.54
3129.0,33.9,15.45,35.22,5.33,77.6,507.4,18.5,4,31.29
3808.1,111.0,37.41,26.66,14.65,43.0,378.8,75.7,2,74.19
1832.1,73.1,19.28,45.43,4.38,88.6,183.8,70.7,2,41.26
2170.6,78.6,31.03,39.88,11.12,62.4,456.3,73.0,2,50.35
2321.8,71.0,17.87,23.12,9.03,64.0,374.7,62.1,9,183.7
3920.1,23.6,25.66,58.22,10.76,77.7,242.2,91.7,8,248.19
3975.6,69.7,24.24,32.58,10.02,79.6,545.0,119.1,5,51.54
1430.7,46.4,28.78,20.09,10.89,71.4,281.1,40.3,9,473.78
4736.9,54.3,30.66,56.07,13.68,20.7,278.1,45.6,10,402.59
1042.9,84.9,20.85,43.08,8.89,88.0,272.7,45.5,9,381.25
4532.5,69.8,2.75,49.32,1.95,33.5,495.4,94.0,1,3.0
951.8,29.3,11.21,26.11,4.79,99.7,467.8,48.3,1,9.41
1690.4,27.3,25.41,36.18,10.92,44.7,556.4,84.4,8,120.3
4309.2,38.6,19.27,45.8,7.92,20.8,253.2,59.0,4,81.55
1307.7,39.1,18.4,30.04,8.68,38.4,503.9,76.9,2,34.24
2361.1,80.8,26.46,48.06,9.35,61.6,407.9,101.2,7,159.03
2524.4,37.8,18.04,29.34,6.36,45.2,288.9,66.5,4,73.59
1603.7,108.2,24.87,28.37,11.83,84.6,166.0,62.3,10,742.31
3696.1,41.0,27.68,20.46,11.13,71.4,518.5,39.4,6,94.61
4331.0,29.1,22.6,31.28,11.0,29.2,258.5,66.7,3,86.4
4435.6,107.6,31.36,29.87,11.01,58.5,434.3,38.9,10,190.43
2026.9,49.5,37.81,50.57,13.47,80.9,397.0,102.8,7,289.81
2888.8,62.5,23.3,42.79,9.34,90.2,152.0,52.8,3,118.2
1617.8,115.9,32.88,27.11,14.54,45.5,597.5,24.2,2,57.81
1601.6,114.4,6.15,42.73,2.67,93.2,516.4,36.4,6,16.58
1225.6,91.5,23.29,29.02,9.85,13.2,368.9,68.8,8,244.51
4730.1,26.9,27.06,37.02,11.04,70.9,456.2,110.8,9,126.57
4495.9,79.3,23.78,55.53,7.68,80.4,364.5,43.1,2,28.37
3998.1,118.9,16.45,48.77,5.03,48.3,485.1,39.1,5,29.22
2829.5,114.7,24.92,46.04,8.7,11.0,210.4,54.7,10,342.67
2707.7,30.6,16.56,31.26,6.11,71.8,350.9,116.5,7,79.27
2883.9,59.6,30.11,24.98,13.73,40.8,301.0,103.0,1,48.33
2914.6,51.6,13.48,50.12,6.0,23.7,356.8,26.5,10,100.25
2455.5,33.0,10.14,42.72,3.46,24.1,352.7,77.5,7,39.94
1092.9,89.5,19.26,44.91,9.07,79.2,214.4,97.1,5,242.94
1065.5,47.4,17.96,59.0,6.54,26.9,589.4,94.5,8,86.93
4785.1,54.5,9.8,33.93,2.34,53.6,157.0,63.8,7,39.03
2669.1,29.0,24.12,52.03,8.91,97.3,154.5,90.5,3,131.13
4789.4,69.8,23.13,42.36,8.53,78.3,318.0,74.2,8,138.69
1236.1,35.8,4.28,29.41,3.42,59.2,429.2,32.2,3,13.16
2994.9,63.2,27.54,22.12,9.37,57.5,230.8,16.2,3,93.23
1434.7,34.3,17.87,44.64,8.94,25.1,389.9,50.6,6,145.25
1639.3,115.4,28.75,31.9,11.83,50.2,475.2,16.8,1,30.71
635.2,34.5,17.8,47.82,6.06,23.0,192.3,53.5,7,329.47
1035.3,72.2,13.39,48.03,4.48,17.5,593.0,101.2,6,36.96
4625.8,39.7,31.1,38.22,14.32,19.8,301.5,102.9,8,290.79
1946.9,27.6,19.08,41.46,8.86,64.6,439.1,13.7,2,34.7
3236.6,40.2,6.04,45.06,1.38,27.4,199.8,17.6,6,14.3
2592.6,25.5,32.26,38.74,12.49,23.4,469.3,83.7,5,116.75
2302.0,33.9,7.31,55.09,3.75,88.0,528.2,65.0,2,6.45
2893.5,69.3,30.79,23.04,12.0,21.0,197.4,26.4,5,257.4
1342.6,85.2,22.46,59.19,10.87,73.5,206.6,98.6,10,604.18
4948.7,28.7,37.37,21.34,14.56,47.5,276.5,33.8,9,358.34
4182.4,64.1,32.74,28.32,14.52,62.1,155.4,18.6,2,125.92
3837.3,78.1,13.38,48.33,4.84,12.1,593.7,92.4,9,29.82
2609.4,43.4,28.72,23.4,11.73,10.0,419.3,76.9,6,176.69
1187.9,57.2,17.98,30.49,5.44,83.6,423.4,53.4,1,14.34
4643.0,27.2,25.29,26.16,9.81,52.8,581.5,86.2,10,91.56
2036.2,42.0,21.75,48.94,9.37,16.4,524.4,110.3,6,86.27
725.5,66.7,7.14,43.16,1.76,40.9,516.4,13.8,10,33.53
2040.8,119.0,10.89,22.58,1.07,55.6,302.8,79.0,1,3.0
4075.1,119.6,8.38,38.41,1.81,22.2,300.7,34.0,2,5.41
3302.2,118.0,8.24,28.34,2.79,59.2,281.3,62.2,10,43.07
3878.8,62.3,10.1,58.71,4.61,57.6,306.0,56.6,3,22.91
4071.4,28.1,31.65,24.32,13.7,64.3,316.3,52.9,6,223.49
1453.8,52.4,23.04,43.92,8.26,82.9,213.0,30.9,7,296.45
4657.0,43.8,27.3,39.27,12.16,47.2,310.2,98.3,10,312.87
2471.0,21.4,31.3,43.12,12.74,90.0,351.0,51.7,4,167.83
3375.6,29.5,32.28,58.26,11.29,52.7,289.2,107.6,8,307.51
510.4,65.3,17.35,33.65,6.48,51.1,224.4,49.0,8,376.12
4970.2,54.0,28.88,49.95,13.09,69.0,318.0,102.4,8,226.34
1764.0,38.0,34.73,37.9,11.39,65.6,366.4,69.9,6,254.37
779.3,91.6,33.52,46.43,11.4,11.0,474.3,52.4,1,46.23
2562.2,55.7,34.83,34.63,13.62,98.4,470.1,87.4,3,77.02
1080.6,105.2,27.4,29.08,9.38,94.8,241.2,96.5,6,371.03
1185.5,44.1,20.52,23.34,8.4,35.3,166.5,63.1,5,271.87
3345.3,73.8,35.14,24.07,13.46,60.3,286.7,56.8,2,83.3
2268.2,38.4,17.66,58.38,7.36,79.3,220.7,73.5,7,194.49
4648.3,69.5,26.37,51.54,12.36,92.8,328.1,74.4,5,141.43
1936.2,35.2,13.81,29.8,1.75,62.7,590.7,56.8,8,14.88
3767.8,36.2,1.0,41.17,1.02,11.7,231.5,93.3,6,3.82
2574.9,81.2,22.2,48.57,8.4,71.3,293.5,54.0,4,109.75
3469.8,46.4,7.53,34.1,2.03,18.4,476.3,59.8,2,3.29
3198.6,37.2,37.29,37.6,14.67,70.4,379.1,76.6,2,82.07
2627.5,113.0,4.21,48.74,1.08,62.9,169.8,118.6,6,12.07
4775.3,24.3,27.19,29.1,11.05,67.7,222.8,38.7,4,136.43
2042.2,76.5,12.55,41.05,4.41,27.0,570.9,35.5,8,41.39
1297.6,74.8,36.89,28.4,14.55,54.4,196.4,29.5,7,763.67
3551.4,45.1,16.58,20.12,6.34,65.6,435.8,85.8,3,28.21
4307.0,65.3,4.97,47.61,1.38,37.0,506.5,59.4,8,5.91
681.1,28.8,1.2,48.29,1.38,26.3,269.4,52.7,6,12.49
2523.3,92.1,28.16,59.83,8.75,30.0,476.3,32.4,9,147.13
4516.2,42.2,37.68,27.24,14.81,87.2,226.5,108.0,10,521.68
3873.3,39.3,36.48,49.58,14.72,51.8,278.1,58.7,10,473.98
4963.1,51.5,13.29,57.92,5.72,69.5,290.3,76.8,2,19.96
2891.4,110.2,16.83,45.78,7.76,56.3,598.4,22.4,6,57.88
3470.0,99.6,10.11,58.53,2.41,85.1,246.6,21.9,1,5.1
1861.2,114.7,20.63,59.78,8.31,55.8,208.1,17.4,9,305.57
4763.9,85.2,25.47,52.06,9.4,18.4,566.6,50.4,8,78.07
2148.5,86.3,8.33,59.97,4.51,27.8,222.9,62.0,3,36.36
3823.3,68.0,28.65,45.03,9.57,11.2,545.7,36.9,7,93.73
2314.1,110.5,35.97,39.88,13.6,84.8,442.7,48.5,6,204.34
3028.2,71.1,4.09,56.71,1.01,69.7,409.6,10.7,6,5.31
3739.0,55.5,13.07,53.24,4.21,78.3,488.1,48.6,6,26.22
2790.2,84.0,13.28,24.4,3.94,74.4,476.7,23.1,10,52.62
4581.9,74.6,4.28,32.11,2.73,84.2,199.7,24.1,8,27.27
2386.9,32.4,14.68,30.43,3.33,98.8,599.8,10.5,5,21.79
3411.8,59.3,25.9,54.21,9.76,68.8,573.9,86.6,8,84.96
2040.6,51.3,5.49,29.33,2.44,32.7,553.5,112.4,2,3.2
2336.7,104.7,24.79,32.16,11.34,19.1,430.0,78.4,3,75.46
2480.2,57.9,35.82,40.75,13.42,63.1,385.3,20.6,2,81.57
1066.1,102.2,34.77,23.04,13.97,79.4,391.3,118.9,9,581.22
912.8,64.2,27.01,58.45,10.24,60.5,156.7,117.3,1,94.82
3503.7,95.4,10.74,39.64,3.76,37.3,374.8,61.5,9,45.72
3449.8,33.5,4.04,27.62,2.19,74.8,430.7,21.9,9,14.37
3483.1,112.5,13.3,30.83,4.25,50.3,446.4,89.3,10,51.21
588.9,68.1,34.68,51.92,14.47,35.8,299.5,115.8,8,928.49
1969.5,46.0,35.22,45.36,14.47,85.7,362.1,95.7,5,247.63
1390.1,44.1,23.73,38.59,6.35,61.9,436.3,78.7,9,139.77
4001.7,46.5,17.4,33.26,5.56,35.5,342.7,77.2,10,97.71
4372.8,56.7,23.5,56.03,8.14,39.6,583.0,117.6,9,65.03
1610.1,91.8,21.85,50.9,5.08,61.4,467.4,18.0,8,100.2
3505.3,115.0,37.0,48.72,14.72,48.1,150.6,26.5,8,544.33
1082.1,86.9,11.78,37.84,4.1,24.4,160.5,101.4,7,157.62
1738.2,74.7,14.15,59.25,6.17,64.9,460.6,26.0,9,102.06
1123.9,64.9,16.77,48.4,7.01,72.0,335.7,52.2,5,118.29
1775.8,102.8,2.19,36.94,2.75,10.0,527.8,41.0,6,9.04
3536.3,105.0,19.0,58.42,6.36,58.3,227.9,36.8,9,158.76
4596.5,49.3,28.09,55.83,12.99,61.9,156.2,12.8,3,137.04
1411.4,115.3,11.53,49.6,2.97,39.9,324.6,72.3,8,66.56
2939.4,59.5,22.98,50.68,9.18,40.5,481.2,54.1,2,30.74
3656.3,100.0,17.78,36.95,6.69,38.6,587.3,70.7,6,33.01
4788.2,116.7,9.66,40.29,3.39,50.1,547.6,43.5,1,3.0
3245.3,90.4,8.86,27.66,1.17,83.1,367.8,113.6,10,13.84
1648.0,36.2,16.73,43.82,4.83,52.2,515.8,75.0,9,68.66
3314.7,78.6,6.2,34.8,1.87,99.4,181.6,115.7,3,12.08
1942.2,31.9,13.73,33.9,6.27,43.9,407.5,48.5,2,25.68
4892.6,98.9,33.16,57.93,12.34,72.9,565.9,10.3,7,115.09
2298.5,48.1,24.55,26.59,11.08,59.4,328.4,95.9,10,314.75
3584.4,89.5,30.14,53.2,14.26,78.6,582.0,101.0,4,64.52
604.5,111.0,19.54,31.26,6.98,90.0,249.3,16.5,10,404.92
2300.3,38.1,30.75,21.15,10.91,56.1,197.5,78.8,5,288.45
4438.0,59.3,24.51,21.62,10.31,54.5,386.1,82.7,5,94.43
3246.0,84.7,12.5,37.17,4.04,94.8,558.3,26.0,4,14.98
2497.7,62.0,12.83,38.18,5.25,94.0,290.1,70.8,3,37.5
4711.7,37.5,23.53,32.81,8.42,99.7,510.1,36.8,4,38.26
4342.9,22.9,33.24,46.75,12.15,24.1,226.1,11.8,2,83.43
1950.0,60.7,18.38,39.41,7.47,10.3,485.5,105.4,4,49.67
2950.5,84.9,8.55,22.96,4.19,49.4,400.7,64.1,3,14.98
2704.2,77.4,31.92,33.92,14.91,76.0,228.8,96.0,1,62.27
3344.9,35.6,10.8,24.08,2.62,16.6,473.1,89.5,4,10.79
2003.5,65.1,31.67,22.52,14.38,43.6,471.2,119.3,1,34.28
1598.9,56.9,31.47,28.33,12.33,62.3,381.9,58.2,2,80.96
4607.0,47.4,33.64,48.02,12.74,29.1,251.5,57.0,8,317.75
4657.4,92.9,28.39,47.84,12.13,75.8,209.5,41.0,1,38.24
4295.0,51.0,10.5,54.46,3.91,30.7,580.8,78.8,4,10.5
4901.9,74.0,27.67,50.26,9.86,85.7,445.1,63.5,7,92.91
3852.5,112.3,26.24,41.42,11.59,41.3,514.2,90.2,1,15.78
3941.0,73.9,25.58,32.5,11.44,63.9,463.6,49.2,8,137.44
3931.7,81.7,12.34,20.23,4.8,59.0,523.3,24.4,1,4.68
2662.7,27.3,13.97,45.89,3.54,36.7,223.1,104.9,1,10.54
2554.0,37.8,19.7,31.59,5.59,49.5,373.6,101.1,2,24.75
1581.0,30.1,19.45,30.0,7.72,86.1,450.2,48.6,9,147.02
3401.7,96.5,20.64,58.99,9.03,59.4,196.5,85.9,1,33.82
1801.9,103.6,34.44,26.97,12.72,15.0,217.5,64.2,1,77.89
1660.1,38.6,24.06,21.3,11.77,74.2,435.3,93.7,10,271.84
3136.8,41.9,26.81,57.98,10.47,26.4,540.9,52.9,7,104.78
2344.9,52.3,12.65,32.24,4.69,53.7,447.2,68.9,6,39.79
1484.9,79.1,23.6,35.74,7.7,52.2,166.3,16.4,1,43.14
4172.3,82.2,19.29,23.24,5.7,53.8,586.7,29.2,4,24.44
4372.6,88.7,9.04,36.16,4.29,12.8,212.8,96.0,6,48.96
1254.6,110.5,5.13,58.89,1.14,34.5,254.7,52.0,6,16.87
533.8,49.5,13.52,47.76,5.75,14.6,588.7,13.9,6,92.84
2012.6,85.9,11.67,38.95,4.59,47.3,497.0,28.4,2,12.62
4088.8,76.0,24.57,32.3,9.01,65.9,571.5,55.3,10,96.63
4276.3,50.6,5.3,34.64,1.87,68.9,513.0,89.0,8,8.31
1122.5,110.7,13.59,44.45,4.79,15.8,443.3,50.0,3,30.06
3984.5,29.5,8.61,30.18,1.63,20.7,278.0,92.0,10,25.34
1020.7,91.2,29.5,26.08,9.98,69.5,297.1,104.4,4,208.44
2255.3,92.8,23.46,47.85,8.95,57.8,576.3,47.5,2,24.76
4993.7,111.5,15.52,54.78,5.72,85.0,537.3,98.0,9,43.73
1366.7,71.9,5.72,56.06,3.06,28.5,311.8,24.0,2,12.23
1192.8,52.2,39.9,53.66,14.41,20.8,318.0,55.7,1,73.29
2402.6,102.8,24.6,41.22,9.18,42.6,284.0,20.7,7,206.96
3288.5,97.1,26.58,51.55,10.51,67.3,296.8,15.8,3,88.58
4698.1,70.0,21.66,57.05,8.44,53.7,537.3,17.1,2,21.03
4913.7,96.8,31.35,20.93,12.29,18.9,154.7,21.5,2,89.32
813.4,46.8,35.48,36.48,13.55,16.4,346.2,101.9,2,145.23
1121.0,79.0,19.31,28.17,6.36,71.0,574.3,69.8,10,108.44
4058.3,106.5,31.35,59.87,10.66,36.7,394.2,114.2,7,156.32
1717.8,51.8,12.43,57.18,4.22,70.3,352.7,69.2,9,87.43
4481.8,68.4,30.55,52.09,10.13,36.5,290.6,79.2,7,184.7
3485.5,115.1,20.33,31.84,6.59,38.3,183.3,30.3,6,146.11
1003.3,99.8,4.34,58.08,1.09,28.9,251.0,69.5,3,8.09
4246.4,108.7,30.07,21.17,14.38,98.5,190.7,52.4,10,554.48
1293.6,58.5,32.52,27.52,13.16,11.4,207.0,112.5,9,804.8
2405.7,119.7,18.34,44.67,5.07,21.5,223.6,112.7,6,117.35
2984.8,35.3,34.1,51.72,14.97,85.3,285.9,31.8,2,107.35
2753.4,71.9,14.76,55.35,5.44,22.4,155.0,78.2,8,169.78
3587.7,67.9,19.57,32.02,7.42,35.3,577.6,80.2,4,26.22
3437.1,99.8,34.54,35.63,12.92,33.7,205.7,71.9,3,179.99
4964.2,110.9,12.94,38.19,5.26,72.7,322.4,23.7,8,64.98
4997.4,93.1,16.2,21.08,7.31,47.0,545.8,81.9,9,55.25
2824.1,82.7,27.44,54.56,10.32,85.7,198.0,97.9,7,325.32
928.4,62.7,6.27,33.52,2.83,77.3,367.6,48.0,1,5.91
3775.3,71.0,12.39,27.97,6.91,57.8,530.2,66.6,7,41.37
4895.0,70.9,19.78,36.37,5.33,32.4,400.6,22.8,10,89.26
1932.5,22.0,28.87,48.42,10.47,81.3,244.7,112.4,7,339.16
2575.4,70.3,14.33,54.84,2.9,87.9,481.0,22.0,3,11.89
2411.5,105.6,14.42,28.62,4.26,85.3,456.6,32.9,7,45.22
731.4,90.9,29.25,26.9,10.96,14.7,313.0,42.8,3,193.82
3525.2,99.6,10.44,57.75,3.19,72.8,170.8,100.8,9,83.19
2090.0,59.0,17.33,42.04,6.91,73.4,153.5,87.1,9,279.56
4043.6,72.9,28.79,34.63,10.98,94.9,521.4,10.8,6,103.05
4244.5,23.3,27.29,27.97,11.72,33.7,294.7,30.2,2,60.15
4195.5,58.3,4.15,59.81,2.33,80.8,212.0,92.5,5,16.89
2375.0,67.4,30.74,48.77,12.93,72.0,383.3,54.4,2,73.93
1947.0,45.5,31.49,28.72,11.14,89.1,564.4,12.9,8,212.93
3869.7,23.1,11.53,23.65,5.75,72.4,153.8,116.0,7,119.28
4106.3,89.0,25.24,27.97,11.69,86.7,175.3,26.6,3,122.75
2710.7,63.5,29.53,29.91,11.2,42.4,337.7,66.2,9,308.43
4518.6,61.6,22.4,24.44,9.41,24.2,454.2,37.3,8,98.49
1147.6,45.0,23.74,29.19,8.82,42.7,364.2,91.1,10,298.32
4455.8,73.8,30.93,24.67,11.29,83.4,553.9,95.4,3,39.97
932.4,63.8,37.86,35.11,14.99,21.8,169.8,53.7,2,297.56
1190.9,67.4,21.03,39.45,9.1,67.4,303.1,82.4,5,200.7
2902.3,78.1,34.19,38.21,12.32,98.9,308.1,110.0,3,119.88
803.8,20.6,30.49,53.17,11.42,90.6,303.1,99.6,8,600.93
737.6,110.8,31.94,30.16,12.98,70.4,369.5,55.6,5,354.01
502.3,27.1,34.97,55.48,14.36,81.3,505.8,58.6,7,435.94
2463.4,65.1,11.64,56.32,3.7,20.5,293.0,107.6,2,16.91
3985.8,40.7,8.69,58.39,3.32,54.9,485.0,13.8,1,3.16
656.8,72.4,18.29,27.24,9.21,57.9,215.9,12.5,10,556.58
3435.2,48.0,21.02,29.83,7.29,80.4,402.3,32.6,5,64.99
4204.1,106.0,24.75,44.95,8.99,35.4,318.8,101.0,2,42.16
1256.0,59.6,23.09,25.64,12.17,19.6,392.6,26.9,9,349.25
1160.9,83.9,35.83,23.42,14.04,72.8,198.5,41.4,2,198.93
4373.6,44.9,23.01,22.95,6.84,54.3,579.1,79.2,10,63.68
4204.1,21.9,24.03,44.25,11.05,85.8,557.8,30.3,4,54.29
2925.2,60.4,10.42,52.19,3.76,53.3,521.9,43.3,5,19.16
4186.4,73.6,20.97,30.36,8.48,86.2,551.8,61.4,3,26.28
917.4,66.0,9.98,57.34,1.31,55.7,216.0,35.1,1,5.76
2275.2,116.2,23.88,51.68,8.05,80.4,376.7,119.2,5,106.56
3820.1,90.7,19.22,23.1,8.63,74.9,293.1,28.0,4,78.18
1658.5,119.6,29.01,36.29,11.3,33.9,549.3,103.5,5,91.19
3885.5,49.5,32.12,22.72,10.09,37.8,235.2,61.7,5,191.71
2768.8,98.9,13.97,56.61,6.02,90.9,249.0,24.2,7,102.59
3876.2,75.6,4.45,49.71,1.08,30.8,459.0,23.0,1,3.0
2591.1,81.2,9.56,47.46,2.62,72.8,190.0,65.0,4,27.7
2155.6,118.6,33.8,47.31,14.62,23.1,479.6,48.9,9,335.74
1486.4,85.4,39.29,31.41,13.91,78.0,270.7,35.8,10,793.69
1437.7,109.9,13.35,57.34,5.55,30.1,447.4,115.5,6,58.66
3881.7,92.6,8.47,56.91,4.62,63.5,542.9,61.0,4,12.19
1035.1,32.7,16.78,49.58,7.11,60.8,424.3,112.2,5,94.54
886.9,89.9,28.48,38.76,10.66,28.3,245.7,28.0,8,573.75
1293.3,68.4,13.4,21.88,6.0,54.2,172.1,30.2,4,113.98
1289.1,111.9,7.37,21.13,1.94,89.1,170.1,75.6,10,69.65
4204.0,100.7,18.96,25.53,6.64,71.2,190.0,39.7,1,20.19
2293.3,30.4,9.06,43.83,4.65,99.3,410.9,30.3,7,45.13
4956.7,33.4,13.07,51.92,5.55,80.6,306.7,20.4,6,54.52
1117.5,27.0,10.59,57.94,3.28,67.9,259.4,18.4,5,55.02
3440.9,69.3,27.62,27.01,10.22,60.7,248.7,92.8,5,168.45
2519.3,28.1,19.64,31.02,8.37,94.4,576.9,41.0,2,21.55
2268.1,92.4,13.48,22.16,4.79,57.4,203.5,117.6,4,67.63
4437.9,75.2,21.28,59.56,8.75,46.2,287.2,30.1,4,76.76
4890.2,103.6,22.35,51.24,7.9,85.1,362.2,49.0,7,100.66
4427.9,48.0,31.49,39.23,12.14,94.6,150.2,51.2,6,328.65
1365.4,71.9,33.96,43.02,14.38,53.1,564.4,65.0,5,163.09
1493.6,31.7,9.94,42.49,2.83,22.4,194.6,105.8,6,66.3
3452.3,108.5,31.52,30.17,13.37,64.8,457.1,101.8,6,141.87
1800.9,37.5,28.37,27.42,10.87,76.7,433.0,11.1,1,28.15
3806.3,30.2,28.01,31.88,10.7,43.6,514.1,55.0,9,134.59
3048.9,40.5,23.47,29.89,6.24,77.3,443.1,101.1,9,98.32
2979.1,100.6,14.37,42.3,5.81,57.8,496.2,10.0,4,32.48
4228.5,30.6,4.06,32.33,1.08,37.1,339.6,68.7,8,6.35
3697.4,81.4,33.99,49.16,14.75,66.7,369.9,38.5,4,148.76
619.6,94.6,20.73,42.72,9.49,45.0,465.7,55.4,1,31.01
722.6,95.1,15.89,41.29,6.63,80.8,405.8,56.2,9,206.69
3207.0,39.0,23.8,58.05,8.61,10.3,380.2,53.1,3,59.23
2687.9,26.2,7.82,32.9,1.57,83.6,242.5,108.1,4,13.08
1670.8,64.9,10.78,45.41,3.43,37.6,266.1,69.0,6,60.4
2384.0,40.2,23.48,20.0,9.73,96.4,311.3,109.4,5,149.23
3910.6,89.9,19.38,49.48,8.2,78.3,154.2,89.9,3,94.05
4219.8,55.7,26.89,40.1,12.02,31.7,337.8,48.6,9,243.57
3025.5,64.9,23.84,28.34,10.22,98.1,151.2,64.3,4,185.79
2234.2,31.3,19.78,20.06,9.42,55.0,404.3,52.9,6,115.42
1718.1,76.8,34.63,48.28,12.41,57.1,466.8,101.1,7,240.96
2848.6,38.6,12.01,46.51,1.96,91.9,403.0,30.6,10,30.18
1916.4,87.9,20.74,46.62,10.67,92.7,462.1,113.0,5,106.04
3038.4,27.1,28.21,37.5,11.02,72.7,150.0,73.8,5,288.05
3544.9,117.6,13.98,45.57,4.85,98.1,176.7,77.3,10,155.49
797.4,88.5,11.23,42.85,3.74,39.6,464.3,66.8,5,39.36
504.8,38.2,9.41,29.56,3.99,30.9,511.3,71.0,3,26.11
1455.2,21.4,13.75,40.75,3.77,12.6,473.0,83.4,1,6.71
4525.3,53.4,22.4,40.58,8.33,41.2,448.4,82.1,4,48.41
3408.3,35.3,11.77,52.94,2.9,64.2,468.3,33.6,2,7.47
1273.8,41.8,23.32,37.34,10.23,37.5,482.8,74.1,4,98.22
4506.2,107.3,3.53,37.44,2.47,62.2,476.0,49.0,6,7.35
2614.8,80.3,6.47,59.38,1.38,14.4,482.1,80.1,6,6.7
2642.4,37.6,11.69,55.78,5.47,41.9,183.3,70.3,2,32.91
4709.9,75.7,13.64,29.69,3.69,77.3,178.5,29.8,5,43.0
767.7,45.6,29.76,56.41,14.84,19.4,312.5,90.8,5,383.38
1468.3,117.6,12.65,25.52,5.24,74.3,387.4,60.3,1,11.24
3136.0,23.3,9.6,54.14,4.11,78.7,493.2,70.7,3,11.91
1379.7,93.2,9.64,27.33,3.75,61.2,300.6,84.0,8,80.49
3557.9,97.3,17.12,37.02,6.23,89.7,273.8,81.8,1,14.93
1463.4,26.7,25.0,59.36,9.48,95.9,501.7,92.4,4,73.5
946.2,37.2,31.4,23.88,11.95,13.1,262.2,32.7,5,401.81
1431.4,58.4,18.3,53.59,6.1,71.1,519.4,22.1,2,25.22
2402.3,106.8,23.94,39.79,9.76,31.3,229.7,83.6,7,277.51
1292.6,73.7,26.15,24.44,7.75,46.7,311.8,36.0,8,237.6
1106.1,85.5,35.72,58.1,12.85,66.1,330.5,22.6,4,256.44
4371.3,98.3,21.69,41.97,8.97,74.1,284.8,24.4,3,62.7
1941.8,102.8,13.22,55.23,5.06,85.6,151.5,44.4,8,170.08
2123.4,67.6,25.96,54.76,10.85,73.5,256.0,119.1,3,135.97
748.7,70.9,31.8,20.59,12.48,80.0,301.9,27.3,2,164.66
2108.2,91.8,16.37,30.59,7.52,63.9,291.1,42.8,1,21.65
1691.6,46.3,33.72,33.48,14.82,20.5,503.5,111.3,1,34.38
3247.2,105.4,26.1,41.39,13.31,11.9,171.3,116.0,9,516.51
1424.3,22.1,9.45,22.87,3.76,57.7,325.0,35.2,10,83.56
4497.6,39.6,32.83,35.56,12.01,74.4,166.9,106.8,6,321.01
4683.5,100.0,23.19,52.59,9.41,19.8,568.8,25.3,10,107.31
949.2,54.0,21.23,26.93,8.49,48.6,505.6,93.8,8,165.77
983.3,35.0,21.68,48.05,8.2,33.1,592.0,11.4,5,103.17
1019.0,38.7,28.77,38.41,12.95,61.0,559.6,54.7,8,241.42
3288.1,73.1,24.05,22.83,9.55,45.1,292.1,37.2,5,132.85
1048.9,104.6,24.29,27.09,8.53,28.1,461.2,87.4,10,245.02
4335.7,27.1,6.79,25.64,1.68,10.4,287.9,11.8,9,19.21
3894.2,23.0,21.67,44.79,7.28,38.9,549.7,61.1,9,79.0
4189.1,66.5,37.33,23.49,13.71,56.5,334.8,86.6,6,210.65
2867.3,115.6,29.21,52.92,10.96,93.6,319.1,15.1,6,224.75
4985.0,47.9,3.8,52.27,1.71,30.5,561.3,108.7,2,3.0
698.8,115.9,31.73,23.2,13.38,56.1,526.5,49.7,7,320.14
2305.7,108.8,36.71,55.53,12.57,61.0,584.9,28.2,2,44.23
1957.7,48.3,22.85,58.37,8.65,68.4,179.9,34.8,6,259.24
4768.9,101.7,5.56,21.74,1.31,39.6,259.5,47.3,2,3.39
3095.9,88.6,19.83,58.01,8.87,19.0,285.4,31.8,5,116.19
4127.9,71.2,5.78,31.18,1.76,92.9,341.0,66.2,8,15.41
1266.5,62.3,16.77,46.59,5.49,95.7,362.9,79.6,4,63.87
4903.9,101.6,24.6,26.99,9.8,49.4,281.2,57.7,7,147.53
2743.9,99.3,32.14,52.7,13.78,62.3,505.7,57.0,3,76.16
2721.5,95.7,14.96,53.68,6.01,12.6,250.5,96.0,3,50.9
4869.0,119.8,35.57,59.13,13.04,14.2,463.4,43.1,2,41.78
2213.3,67.9,35.87,59.7,13.86,16.9,533.3,78.5,2,50.74
2288.9,100.7,6.58,23.03,1.29,76.5,421.7,108.2,4,5.98
3131.4,106.2,13.33,46.32,4.35,30.5,309.4,34.4,2,16.6
1076.2,41.2,23.61,30.92,10.94,26.6,234.6,78.2,9,593.37
1944.9,24.2,29.49,25.02,11.6,10.8,210.5,114.3,8,530.21
1369.4,60.5,20.14,25.95,6.49,12.1,484.9,68.3,3,45.24
964.8,105.7,24.66,57.46,10.19,46.5,361.1,117.5,9,407.91
4397.7,48.9,26.94,47.35,9.57,58.8,170.8,44.1,4,144.51
3152.0,90.0,29.76,22.02,11.36,62.1,592.7,72.1,6,82.11
2114.0,20.7,29.92,59.37,11.06,51.2,452.1,44.2,7,178.9
2339.0,55.5,7.22,52.31,2.2,51.4,529.9,10.4,8,18.01
2441.8,81.6,12.06,32.37,3.22,77.8,347.2,119.7,1,6.43
3349.2,33.0,4.18,38.83,2.86,36.1,579.9,36.4,3,4.26
4670.5,109.7,34.43,49.06,14.05,31.4,239.8,117.0,4,194.54
4697.5,35.6,35.86,47.04,13.79,86.9,233.3,81.8,6,276.42
2261.7,111.0,30.87,38.52,12.16,72.0,550.7,109.4,9,185.23
1981.7,41.6,11.35,40.5,2.63,52.9,551.3,116.4,5,13.23
2529.7,119.4,22.32,21.73,9.04,34.8,374.6,72.5,5,111.36
3055.7,80.5,8.69,40.03,3.62,22.3,206.6,120.0,1,8.28
2578.2,28.4,11.24,33.61,6.16,13.4,287.3,94.4,6,78.59
3464.4,26.5,12.08,31.4,4.74,86.7,489.4,67.6,5,25.55
2994.8,27.5,32.54,30.78,12.61,63.4,530.7,82.0,7,131.47
1943.2,79.0,11.23,45.96,3.02,14.1,306.4,31.4,9,58.45
2055.8,101.0,20.91,37.17,10.05,24.3,177.6,11.2,6,240.18
2203.7,60.3,39.51,37.03,14.77,35.2,449.6,38.2,1,41.6
925.9,64.5,23.5,26.37,10.62,33.7,482.8,57.8,9,279.65
1247.3,78.9,6.49,58.47,2.11,59.4,340.8,35.1,5,20.3
3754.0,73.3,31.83,28.96,13.71,45.9,412.4,66.5,5,134.42
2250.9,88.8,26.26,36.24,10.0,89.4,594.3,82.4,9,120.41
1465.4,67.2,19.28,27.61,7.39,74.7,260.2,82.1,6,198.55
3032.0,91.4,27.58,48.13,10.24,92.0,407.8,108.3,8,172.14
3899.9,119.7,38.14,37.45,13.31,87.7,424.9,116.3,9,253.59
1658.4,55.0,20.86,36.55,7.68,92.9,397.1,108.0,5,103.16
4220.6,21.2,19.68,55.0,8.44,98.2,541.1,78.2,10,91.38
4673.8,32.6,20.25,50.38,7.33,38.1,422.3,32.6,2,20.0
3188.3,75.4,12.47,40.8,2.02,28.9,378.6,113.8,9,26.84
3510.3,54.4,31.61,38.74,12.02,24.9,205.4,29.2,9,414.59
736.6,114.0,11.21,58.4,2.77,66.5,466.4,26.7,1,7.05
4754.8,82.7,12.22,58.26,6.52,71.3,209.4,44.9,2,27.59
2266.2,72.0,17.92,48.19,6.42,17.9,162.0,73.1,1,29.57
4657.6,99.8,12.51,50.41,4.92,83.9,369.8,85.0,3,19.43
3105.4,45.9,15.22,55.96,6.64,80.5,407.6,11.5,10,110.34
520.8,102.0,24.13,58.57,9.65,66.6,599.6,95.6,2,48.45
673.4,20.3,14.65,23.29,5.36,49.2,470.5,29.3,1,16.18
3561.9,82.0,7.98,59.89,3.42,23.8,531.9,42.6,5,12.17
3032.0,113.5,32.86,48.12,13.17,55.5,305.9,45.4,4,168.83
619.4,98.8,35.04,43.71,14.59,24.3,379.0,46.6,7,562.9
3845.6,105.4,21.17,36.53,7.42,64.4,588.4,93.6,7,47.0
4334.7,59.7,15.51,33.46,5.58,37.9,337.8,14.5,9,82.72
2733.9,102.4,6.96,52.17,1.66,32.3,513.3,31.6,5,7.65
2595.9,75.1,8.42,46.18,1.52,49.7,386.7,12.5,5,10.71
524.6,81.9,18.62,28.03,6.5,62.3,250.8,95.6,1,45.47
4039.9,25.9,34.24,44.4,14.02,43.1,411.2,118.2,10,278.53
1988.2,40.2,21.57,25.65,11.23,96.7,248.1,82.6,3,145.58
4454.4,75.1,17.09,39.87,5.89,10.5,151.4,74.9,6,106.89
2178.8,25.9,32.74,43.34,14.55,92.2,256.2,109.9,9,581.02
3042.9,94.1,17.85,45.43,7.0,10.1,236.9,38.0,7,143.91
1716.5,104.0,14.33,25.81,4.88,29.5,316.9,17.3,7,88.69
1222.6,112.0,22.03,23.82,6.97,99.7,549.9,66.1,2,27.15
3987.1,30.2,16.64,30.35,3.96,75.5,324.5,38.6,8,59.55
2734.7,114.0,30.05,44.28,13.4,68.0,530.3,59.6,2,43.33
2914.2,26.8,11.98,57.27,6.06,75.3,400.0,60.2,7,62.77
4844.4,67.4,26.46,51.16,10.21,46.7,153.4,45.1,6,228.63
4836.1,104.0,17.55,49.83,6.45,80.6,234.9,63.5,5,71.91
4350.4,27.0,29.73,33.21,13.62,23.9,569.1,51.8,8,125.68
1344.2,21.8,24.93,24.47,9.99,81.5,421.9,22.4,8,222.55
3174.2,22.5,21.81,55.68,7.84,94.6,568.3,105.3,3,24.09
4451.7,71.1,4.86,40.03,2.85,87.2,289.6,87.1,4,12.81
2185.1,101.2,30.36,24.02,13.63,76.6,472.5,14.5,5,174.31
955.0,32.7,19.98,41.4,8.66,68.6,497.4,22.7,2,52.23
4149.3,32.5,12.84,47.02,4.99,56.9,589.1,20.6,4,16.89
2667.9,76.9,34.65,32.8,13.29,45.6,158.2,16.8,1,65.87
3039.8,43.4,5.07,20.37,1.76,87.9,578.5,16.5,5,6.07
4919.6,93.0,14.58,44.86,5.4,68.3,326.2,27.3,3,27.83
3232.5,115.0,28.32,21.6,8.52,49.1,527.1,103.3,3,37.92
2412.4,96.6,12.37,37.31,5.76,80.6,395.1,101.1,9,81.37
2164.9,107.7,17.69,52.99,7.67,14.9,404.1,96.1,2,30.91
2379.3,72.0,14.85,59.95,4.7,83.2,311.7,77.6,2,23.79
1032.8,103.2,11.45,34.81,2.82,83.0,522.8,89.6,4,18.71
4076.4,38.3,6.73,20.81,1.52,30.6,268.8,91.2,1,3.0
4269.7,26.8,14.8,39.72,3.21,13.4,371.5,107.8,9,41.65
1779.8,85.6,35.94,31.05,14.34,74.2,402.1,90.6,10,474.21
1867.1,25.2,16.9,55.71,9.06,28.0,484.1,91.0,9,138.98
4434.5,109.2,20.34,48.46,7.85,99.6,362.2,98.4,8,104.91
607.9,89.2,14.96,36.17,6.38,10.8,456.1,71.2,2,40.6
2842.1,115.2,31.26,50.48,10.92,30.7,368.4,33.4,6,184.56
2586.5,51.4,11.74,33.65,2.98,13.8,446.7,19.3,1,4.11
3605.6,68.6,8.42,40.87,4.87,80.4,453.4,56.1,4,19.13
1235.3,94.2,29.47,56.91,10.18,62.1,469.2,20.1,5,164.87
3507.5,44.3,22.54,28.01,7.71,86.4,520.5,28.6,7,77.57
2195.3,74.2,28.12,32.52,11.78,96.6,393.3,12.6,3,105.51
3284.2,85.9,32.95,55.42,13.56,64.9,237.0,43.0,3,156.96
680.4,117.9,34.99,38.48,12.53,30.9,455.8,116.7,9,486.73
2577.8,94.5,4.32,32.72,3.58,18.3,184.7,51.7,3,17.65
2850.1,31.8,8.58,21.49,2.28,88.0,248.5,36.5,5,24.32
1464.5,67.5,13.04,36.76,3.37,32.1,506.5,54.4,3,16.6
1128.3,78.9,29.26,40.02,11.97,90.4,345.8,43.1,9,506.73
1348.1,34.7,35.67,36.25,13.79,89.0,374.1,84.1,6,319.25
2048.6,63.2,34.41,31.1,13.96,66.5,594.3,79.8,2,45.59
935.6,48.4,11.55,34.77,5.18,64.4,255.8,13.0,2,41.24
4762.9,31.9,28.93,45.7,12.76,95.6,158.8,66.2,10,493.84
2322.5,71.2,23.7,55.65,8.51,78.0,200.1,14.0,10,359.94
4140.4,36.6,28.89,45.99,12.52,71.5,260.0,84.5,8,314.08
4884.9,79.1,17.38,45.85,8.68,49.2,476.7,112.9,1,8.26
863.3,37.0,9.36,52.67,3.04,53.6,499.1,109.8,8,42.17
3432.5,92.4,5.31,26.61,2.11,45.0,404.5,32.6,7,12.9
4421.3,39.5,31.53,32.04,14.4,95.2,264.8,91.7,10,402.91
3354.1,109.6,18.23,22.02,6.96,67.4,384.8,97.2,5,62.62
2430.6,22.6,17.89,33.99,5.91,80.2,156.7,105.1,5,133.13
2439.8,72.2,15.83,59.95,5.99,13.3,456.8,38.6,7,71.35
661.5,52.0,13.3,33.17,6.31,86.7,426.4,59.6,2,38.07
2905.7,42.5,36.17,54.39,14.23,47.6,159.8,34.4,8,639.7
4970.9,67.2,9.42,23.43,1.88,76.3,517.7,12.7,5,7.94
4814.2,104.2,14.77,38.39,2.67,13.6,493.5,82.5,2,5.18
681.8,111.5,34.05,34.06,12.06,90.4,288.7,57.5,9,764.35
3676.1,50.3,18.97,28.06,8.69,69.4,435.9,37.3,3,39.73
1857.9,35.4,11.01,34.9,2.8,51.2,420.7,103.2,9,40.79
4563.5,92.0,6.18,46.05,1.48,37.3,214.4,64.5,3,7.17
703.0,78.2,8.06,39.61,4.14,38.0,237.0,119.4,5,89.76
4711.4,40.1,13.55,53.77,4.65,37.3,457.4,97.3,5,22.61
4268.6,96.0,10.51,56.2,1.2,21.8,570.1,105.6,8,5.95
1028.8,71.9,14.85,39.28,4.03,51.7,409.3,95.1,2,23.08
769.2,85.3,25.03,59.27,11.34,50.8,405.5,21.7,3,131.35
4256.2,55.9,31.89,22.88,12.98,47.1,441.0,17.2,2,50.51
1200.9,63.9,34.7,31.05,13.58,73.3,348.3,110.7,3,199.71
2907.0,38.0,11.67,36.67,6.46,47.8,174.4,25.2,5,94.67
4620.9,95.7,9.5,43.31,5.47,18.0,328.4,53.0,6,47.32
3053.5,35.7,36.96,41.84,15.0,86.7,555.1,77.1,9,212.99
2287.5,97.8,29.58,42.72,11.77,48.3,512.2,33.3,5,117.52
2502.6,99.8,16.09,55.85,8.52,69.0,567.3,34.8,5,49.63
784.0,94.7,13.67,31.1,4.57,93.7,218.8,61.3,2,51.32
4859.4,21.9,17.91,52.67,5.5,79.1,377.7,49.7,1,8.54
1897.9,47.3,20.24,42.32,8.22,58.5,413.1,84.4,8,148.03
1352.1,66.8,21.93,39.62,8.59,59.1,244.5,18.3,7,263.83
1787.2,79.6,6.45,31.98,1.19,86.5,240.4,63.8,6,15.69
4839.7,111.9,36.51,32.16,14.43,84.1,501.9,29.2,5,113.67
924.3,57.6,17.83,35.54,9.06,26.1,452.3,76.7,6,134.11
4402.9,107.5,20.56,50.54,9.25,66.4,441.2,22.8,9,118.54
3685.3,36.3,9.92,39.07,3.96,87.9,270.1,31.7,2,12.35
4235.1,57.1,26.35,26.15,11.71,82.3,378.0,98.4,5,117.97
4891.5,25.2,32.44,50.39,11.32,21.2,160.4,35.9,3,142.14
4289.7,94.2,9.27,46.54,2.33,49.2,208.5,91.1,2,9.55
4745.2,35.1,20.13,57.97,9.33,56.6,383.2,40.0,7,113.42
1071.2,45.7,24.85,41.18,10.21,33.2,289.4,35.9,8,430.68
4081.0,97.5,34.6,46.18,12.7,71.2,584.6,42.9,9,147.5
2955.5,73.5,9.0,39.17,3.89,52.9,362.2,106.9,1,5.52
2945.7,21.4,35.11,47.23,13.29,36.8,187.6,53.7,2,130.96
4545.1,20.2,23.31,37.44,7.46,40.3,158.0,36.8,6,161.74
4873.1,71.1,11.06,25.51,2.35,87.1,476.4,69.0,9,17.85
3671.8,50.5,8.24,59.47,2.48,88.0,227.2,52.4,10,48.55
2673.2,38.0,14.42,48.81,3.77,83.1,234.5,96.9,8,91.77
2553.8,81.4,11.84,44.35,4.96,92.2,340.7,118.9,10,93.05
2238.5,42.8,27.74,39.26,7.95,95.7,268.8,67.9,9,297.49
2127.2,79.2,29.13,48.46,11.48,54.3,427.5,59.7,4,111.73
2261.8,57.9,13.75,25.07,3.61,18.7,368.6,47.7,6,43.12
903.9,38.7,35.18,33.04,14.9,82.0,200.2,117.1,7,888.9
848.5,33.8,11.0,24.99,3.26,67.0,503.1,63.2,4,24.15
4009.4,43.7,25.23,25.04,9.39,44.2,341.6,29.6,9,205.41
2507.3,23.0,31.43,20.85,14.01,97.8,424.9,116.6,8,249.63
4688.1,50.8,28.23,50.24,12.66,40.5,151.8,115.7,6,323.64
3255.0,110.2,24.55,29.09,10.07,91.7,431.9,57.9,5,88.72
658.3,103.1,30.65,53.28,11.02,63.3,277.3,48.3,8,575.8
1208.9,57.2,3.13,56.18,2.88,13.3,372.5,84.8,3,11.3
1426.2,77.6,3.52,26.74,1.14,87.4,284.0,101.2,3,5.58
4890.8,76.7,22.21,48.35,7.08,78.6,598.3,64.8,5,29.62
1484.2,102.9,3.49,38.41,2.25,67.8,253.9,46.4,2,8.4
2820.9,43.6,19.58,56.76,6.01,65.3,560.8,43.2,5,36.93
4712.8,49.6,8.12,39.38,4.13,29.7,563.1,45.9,5,12.5
4897.4,50.2,31.06,35.15,13.83,29.3,339.5,23.0,6,175.59
1563.6,24.1,32.2,31.78,13.32,12.6,286.8,95.6,5,331.94
721.0,51.5,36.29,56.14,12.47,23.9,321.5,21.5,9,726.57
1191.2,107.8,25.37,29.05,11.0,40.3,595.2,53.8,3,55.2
785.0,111.2,4.06,53.11,3.16,58.7,428.5,101.8,5,24.39
1378.1,31.0,1.65,27.77,1.68,21.8,395.2,54.5,8,11.47
3058.6,65.8,28.15,45.74,10.15,60.2,166.2,42.4,3,151.98
4606.0,58.1,20.92,38.04,9.99,33.7,531.5,114.3,7,75.47
2917.5,68.9,19.76,24.18,6.17,32.9,187.7,23.9,10,226.84
3317.0,75.5,19.73,25.04,7.62,95.3,171.1,107.3,4,120.92
1408.4,22.0,19.95,31.26,7.85,99.3,273.7,16.8,3,97.26
4102.6,104.2,12.92,50.67,4.36,83.0,364.1,55.5,2,12.06
3280.1,117.4,12.01,49.16,5.4,14.9,552.9,79.5,1,4.12
4388.6,85.3,18.19,28.2,6.86,75.6,505.5,50.7,3,21.6
4769.8,86.0,20.14,39.05,9.44,26.1,238.9,68.8,9,230.25
2065.6,72.8,39.12,23.88,14.38,61.2,317.4,32.4,3,170.56
907.6,53.4,18.56,48.64,8.54,90.4,501.1,72.6,10,204.94
1516.7,34.9,29.16,51.73,11.24,44.2,387.2,24.8,10,391.46
2470.3,78.4,27.18,55.74,12.3,93.6,228.5,97.6,7,375.03
4755.6,24.5,6.36,55.43,2.59,73.8,328.2,74.2,10,25.74
2202.4,102.5,24.21,33.52,10.14,37.1,431.7,63.0,5,111.95
3968.5,62.1,28.77,30.18,7.75,18.5,588.0,16.0,10,104.73
2932.1,61.5,22.69,55.86,9.01,83.4,447.8,65.0,6,101.3
1322.6,52.7,3.07,25.84,1.54,51.2,157.3,72.0,1,4.06
1943.3,116.9,32.15,22.37,13.69,16.5,467.3,39.2,9,297.4
3439.4,37.5,30.47,32.57,14.34,19.3,262.9,84.5,10,533.68
3527.8,35.1,3.92,50.41,1.05,97.0,538.0,18.4,9,5.6
2456.4,36.6,16.71,47.77,3.98,31.9,322.8,33.0,5,43.98
1528.9,85.9,11.11,59.48,3.52,97.0,239.8,91.1,2,23.57
3748.6,119.2,32.17,34.38,11.94,71.3,360.6,26.2,6,188.23
1259.9,43.5,20.83,31.03,9.37,37.0,264.8,37.0,9,364.17
4715.0,110.6,9.4,35.13,3.48,44.5,256.1,81.6,9,51.82
1345.6,47.9,31.12,51.29,12.4,79.9,408.0,90.2,7,272.6
982.9,84.8,13.51,28.57,5.95,49.2,495.3,15.7,8,101.88
2739.4,24.0,20.34,57.91,7.45,16.7,525.7,23.9,1,10.7
2838.0,69.6,18.62,40.5,6.42,30.7,329.0,59.1,7,98.84
2786.9,85.5,22.72,51.33,8.3,87.4,180.1,75.2,2,69.78
2465.0,73.6,19.31,53.09,7.72,72.7,367.8,59.9,8,151.42
4976.7,43.8,16.41,39.15,4.84,55.1,345.2,81.2,1,7.62
2688.3,102.8,17.2,49.65,6.94,32.1,238.6,93.2,6,137.08
2650.8,117.0,32.5,34.59,13.72,52.7,553.3,114.4,10,214.75
2397.9,65.9,24.82,52.44,8.04,81.0,588.4,48.5,2,20.46
800.7,83.6,30.49,52.96,13.83,17.3,173.3,27.9,5,589.18
3168.3,99.0,16.91,42.65,8.7,99.5,508.1,39.0,1,11.28
1525.9,44.1,26.45,28.73,11.76,87.4,440.6,26.3,8,254.25
3369.2,106.4,14.92,58.81,5.11,38.6,267.6,53.4,10,124.08
728.8,48.0,33.6,57.88,12.07,88.4,435.8,106.0,1,56.44
4916.2,97.6,10.83,44.79,4.7,71.4,207.9,48.2,6,52.35
2610.5,31.2,10.37,59.36,1.27,70.0,181.2,26.4,8,27.9
4535.4,48.8,9.56,40.11,3.25,22.6,597.1,67.5,1,3.0
2640.0,73.4,4.65,35.02,1.3,91.5,436.4,119.1,5,5.33
771.5,72.5,32.25,38.42,14.26,50.5,264.0,30.7,2,196.63
4200.0,105.0,42.35,21.84,15.0,82.3,352.5,95.6,10,393.28
3416.8,119.6,28.39,41.96,11.67,37.0,577.5,100.6,6,79.32
4017.9,30.7,3.79,46.65,2.51,37.7,347.4,54.1,6,12.71
2426.8,47.1,40.62,24.38,13.59,96.8,555.2,78.2,10,251.85
3370.7,55.8,29.43,30.22,11.41,54.7,541.0,57.6,8,126.15
4353.0,67.9,17.39,48.85,5.65,15.4,304.9,38.9,4,46.76
3339.8,69.4,25.52,51.74,8.03,85.2,463.2,56.9,7,89.8
2064.5,105.6,27.45,59.43,10.26,30.5,447.2,20.5,3,70.69
3481.4,97.1,8.0,30.13,1.34,89.1,497.0,87.8,6,6.22
3523.3,21.9,20.61,53.66,8.02,92.5,314.7,101.2,9,172.28
4822.6,65.5,30.08,26.88,11.25,16.5,173.5,43.8,10,439.42
2169.1,81.8,10.26,25.24,3.64,62.4,227.0,72.3,10,109.65
2412.9,66.0,18.53,49.17,7.21,98.3,427.4,35.5,5,69.16
4154.6,33.1,21.81,37.83,8.46,93.8,498.8,24.0,9,105.84
2775.9,59.7,26.79,51.76,11.3,57.3,490.2,83.0,9,179.93
3814.6,61.2,36.87,31.3,14.5,71.2,412.7,24.8,6,187.84
2568.7,38.8,33.12,28.53,12.88,64.4,188.1,96.0,1,68.22
1469.7,95.6,26.77,41.95,9.7,28.3,157.8,39.9,2,147.53
3853.4,52.1,25.01,24.61,9.17,68.8,502.0,100.0,7,86.63
1090.2,78.9,29.72,31.15,9.44,40.0,397.2,50.5,9,334.92
1393.6,71.6,25.01,26.65,8.63,40.4,502.2,50.6,10,203.96
3320.7,107.7,5.59,32.8,1.83,47.8,223.3,92.6,3,8.78
3862.7,32.2,28.14,50.62,10.78,86.7,333.3,66.1,9,228.56
4526.1,31.4,31.6,24.83,11.03,31.5,563.6,32.1,9,119.86
1726.6,50.0,17.95,44.47,8.17,32.6,227.2,103.5,5,175.58
998.3,63.1,38.37,43.39,13.19,10.7,177.7,47.4,4,477.52
4802.2,49.9,23.63,41.53,10.41,24.0,444.1,21.3,5,78.12
1194.9,96.3,18.68,39.37,6.08,98.1,417.5,55.8,7,113.93
1389.5,44.5,4.95,46.55,1.28,49.0,578.4,73.1,9,8.05
1811.0,28.5,6.05,54.07,1.83,27.6,557.9,77.1,2,3.0
2882.3,61.4,11.72,26.48,5.93,96.9,487.2,101.9,4,23.25
4472.7,97.3,21.9,52.57,7.47,12.4,158.6,69.6,2,51.87
3922.5,105.1,5.81,22.46,3.34,53.6,366.2,34.6,10,30.88
3686.7,93.3,6.07,39.28,3.65,82.4,553.2,38.8,5,10.72
1288.3,75.8,15.19,40.46,4.22,79.6,345.1,21.1,3,38.0
2109.6,92.4,34.8,27.9,11.93,27.0,583.0,91.0,3,60.07
2652.8,88.1,27.13,23.59,11.8,73.7,443.6,21.7,1,23.42
1163.4,43.4,19.64,23.0,6.36,66.0,199.3,76.6,5,180.91
1730.4,75.1,12.24,21.49,3.41,70.8,379.2,75.7,8,51.31
1887.5,97.1,7.6,42.94,2.55,33.9,463.0,96.4,4,11.53
1072.7,51.7,11.11,26.22,2.22,83.0,179.4,18.2,5,48.8
2976.1,85.4,16.41,52.35,6.48,60.3,305.1,32.3,7,107.73
3672.6,68.1,7.32,55.96,1.64,75.3,472.7,110.1,4,4.63
814.7,70.3,11.28,31.7,5.67,94.6,220.7,72.9,8,229.17
2665.1,29.0,31.63,26.58,14.46,87.0,306.8,60.3,4,186.55
4020.0,86.6,24.15,36.38,8.11,80.4,460.5,92.2,5,54.7
3866.0,106.6,32.44,55.26,12.52,36.1,499.0,109.3,10,186.06
4167.8,34.1,8.03,35.99,2.81,14.9,383.3,38.9,9,27.98
2517.1,56.6,18.66,24.33,4.75,61.7,580.6,109.2,6,29.91
4192.5,24.9,40.47,59.39,14.25,13.1,566.4,22.0,4,85.29
1583.4,23.0,17.97,39.99,6.37,74.3,363.0,117.5,10,174.23
2123.6,119.0,20.81,33.69,10.08,76.3,222.1,28.1,5,188.73
1293.6,69.3,35.4,55.74,14.67,60.7,497.8,39.3,4,175.61
2603.7,55.6,19.54,57.1,8.71,25.1,259.4,20.6,6,164.79
2264.3,47.5,14.4,39.87,5.27,88.8,529.3,98.4,5,32.38
1584.2,118.0,18.62,32.27,8.45,63.6,414.2,118.3,9,178.01
3883.0,45.2,2.47,39.31,1.76,56.3,327.3,42.7,3,4.08
1912.3,92.6,1.13,28.77,2.57,61.1,400.4,45.8,1,3.0
1727.6,48.4,5.03,39.13,1.1,17.5,389.8,40.7,5,7.74
1089.0,27.0,25.88,29.18,13.38,76.6,566.1,27.0,10,304.84
2474.7,88.3,24.95,44.89,10.4,15.5,246.5,96.6,1,36.17
1863.3,20.2,15.99,50.4,5.18,62.1,567.7,16.7,9,77.14
2161.7,87.6,9.26,58.78,4.1,25.2,164.1,116.5,1,13.31
1562.0,45.0,23.04,53.7,10.56,28.7,496.1,112.0,6,126.34
3934.2,94.6,33.71,23.45,13.87,31.0,563.9,23.0,5,97.89
4685.0,97.0,11.45,28.46,5.19,11.3,327.3,68.2,2,16.7
2740.7,92.4,15.21,41.27,5.5,90.3,182.9,119.2,8,172.66
3393.5,22.4,28.71,30.3,12.96,82.4,512.1,103.8,2,39.79
4402.3,90.4,32.75,20.57,13.51,12.8,529.3,88.7,5,86.27
4994.7,119.0,32.69,50.19,13.8,15.1,301.3,12.5,6,213.3
3260.8,44.3,13.71,34.31,5.1,80.5,383.4,17.5,6,49.21
4504.0,47.4,13.08,22.64,2.68,10.6,514.3,97.3,1,3.0
4588.7,101.4,19.07,40.35,7.16,52.2,236.4,51.4,5,88.14
4061.5,36.0,15.34,59.09,5.14,19.7,433.0,83.5,7,48.69
2574.2,86.1,30.89,47.14,13.37,63.2,343.8,91.3,6,236.83
865.2,95.5,6.15,26.35,1.51,99.9,228.5,56.4,8,40.33
571.1,23.7,23.89,40.57,9.87,25.5,524.1,25.8,8,272.76
2647.4,75.4,33.57,56.07,13.69,96.1,296.1,52.5,2,99.95
2724.4,77.6,37.7,22.17,14.67,87.9,570.5,105.8,9,193.35
2333.1,50.3,23.73,45.52,10.1,98.7,406.0,46.4,9,213.26
3056.8,107.6,33.69,48.85,14.3,79.0,381.5,16.9,9,329.42
2984.7,36.3,5.28,48.16,2.06,87.1,340.5,115.5,9,22.6
4264.8,56.4,14.35,26.01,6.03,63.5,330.3,84.9,3,32.6
989.0,104.9,5.1,56.29,1.12,88.1,518.1,69.5,7,8.82
1513.3,39.1,34.8,32.89,14.74,20.0,454.9,101.2,5,233.95
4068.5,102.1,37.86,22.07,13.64,76.7,498.2,55.2,10,235.46
4315.3,27.9,13.24,23.33,1.39,66.6,339.5,118.4,9,21.52
4976.7,68.9,3.18,38.3,1.25,15.4,267.6,104.3,2,3.0
4428.1,27.5,17.0,21.6,6.14,36.2,189.1,40.9,10,156.22
4504.5,87.8,15.74,51.18,4.62,29.4,499.5,50.8,7,31.37
1914.6,99.1,30.77,54.63,12.86,46.5,336.9,40.3,6,266.56
2307.5,105.0,6.48,20.53,3.25,27.9,379.2,82.5,5,20.05
1706.4,118.1,34.97,52.4,12.07,34.7,361.2,80.3,5,199.94
3228.3,87.2,24.21,59.25,8.76,36.6,344.0,67.5,8,175.76
4724.6,96.9,17.41,21.21,6.28,64.0,457.8,116.2,8,51.49
2050.9,70.6,13.34,49.0,3.04,22.1,423.9,62.0,6,32.69
3006.5,111.3,38.74,59.96,14.97,31.7,587.4,96.2,10,227.48
1833.3,84.4,24.06,51.88,9.65,38.5,212.5,82.4,3,137.56
1264.1,108.4,15.52,40.21,7.15,50.4,408.1,67.0,5,90.06
1378.3,43.5,14.77,55.39,6.2,13.4,178.5,14.6,6,159.9
760.8,69.7,37.08,48.32,13.68,99.9,513.6,82.3,2,98.19
4771.8,93.0,32.79,31.7,12.5,37.0,427.3,80.7,5,101.37
2313.0,40.3,29.86,28.97,12.36,35.9,342.8,23.7,9,345.64
4253.5,41.1,29.44,40.5,9.63,59.9,511.0,97.6,7,92.32
3566.0,117.8,32.42,34.92,13.43,86.9,354.8,61.4,8,271.69
1363.6,63.5,16.9,33.18,5.19,51.1,252.5,45.7,2,39.04
1289.6,38.2,27.62,27.12,10.85,32.4,362.6,100.6,2,87.22
4153.9,53.1,23.12,53.81,6.66,60.9,181.9,47.8,5,107.92
1691.2,59.7,25.88,48.2,9.4,53.5,554.0,78.4,4,64.09
4609.8,82.3,36.58,33.25,14.97,48.1,478.9,78.0,1,24.1
1130.2,112.3,35.47,29.51,14.78,98.5,492.1,15.8,6,308.88
3549.7,118.7,20.76,25.13,8.18,99.6,543.5,56.5,8,83.01
4165.1,85.2,20.6,24.5,9.03,60.6,506.2,34.5,8,91.84
1558.7,90.0,29.09,45.02,13.56,16.1,344.3,32.0,2,100.69
1742.9,52.2,36.96,24.35,14.8,61.0,203.4,82.0,8,790.65
4840.3,105.7,27.77,58.41,11.9,95.7,318.0,11.3,4,106.02
1690.7,41.8,4.79,31.17,1.91,93.3,570.3,116.6,2,3.0
2434.8,30.6,14.42,21.03,5.52,29.4,577.1,53.5,5,28.88
2446.3,117.3,33.33,54.21,13.55,27.1,495.5,42.9,3,81.3
1638.7,106.4,29.06,34.7,11.76,23.7,242.0,111.2,7,434.78
3991.1,50.4,33.41,33.72,11.39,83.8,237.5,63.5,8,318.97
3973.3,87.5,27.79,24.74,10.35,54.1,545.9,77.6,8,88.44
2202.4,66.7,23.99,46.42,6.81,40.4,213.9,86.5,2,64.68
4258.1,52.3,15.97,34.35,6.65,39.2,412.9,105.9,4,34.4
1458.8,48.7,32.7,52.92,12.33,34.8,320.2,24.3,5,272.3
519.4,33.6,12.61,45.22,5.11,89.4,285.9,19.0,10,245.14
3070.3,74.9,24.67,55.2,10.59,46.9,454.8,119.3,6,103.06
4973.3,64.7,34.12,44.9,11.17,32.0,581.8,11.0,7,105.57
673.9,71.2,29.19,51.17,12.82,73.9,499.9,87.9,4,181.93
1436.0,41.5,7.91,47.86,5.48,67.2,368.8,77.2,3,32.75
2835.1,113.9,26.06,38.5,11.39,74.4,348.3,70.8,8,237.46
4144.7,83.9,1.7,47.55,2.49,84.0,558.4,96.4,9,5.88
900.7,110.0,5.89,46.54,2.93,19.1,410.1,119.2,1,4.76
2278.6,30.9,15.16,20.27,6.84,10.2,373.5,15.2,6,88.84
3861.8,82.3,6.18,47.95,1.77,14.6,457.3,77.6,8,10.35
2171.9,104.9,28.67,30.49,14.27,73.6,256.7,88.8,2,115.0
1349.8,53.1,36.93,41.67,13.63,94.1,178.7,43.7,7,736.16
1379.7,39.5,1.0,24.45,1.69,39.8,534.8,108.2,5,3.19
2345.2,46.5,30.91,20.92,12.74,80.3,423.3,60.3,6,172.7
2657.4,47.3,19.71,20.6,8.12,75.6,224.2,28.1,6,152.47
4378.2,64.7,29.38,26.33,10.83,98.0,284.1,104.0,9,275.1
3390.1,52.6,33.91,20.8,13.42,52.4,595.5,113.7,1,15.07
3606.8,47.1,26.44,25.3,9.08,24.9,435.5,20.9,3,52.02
4923.4,84.9,6.96,42.37,2.63,78.9,436.3,92.7,4,8.01
2353.3,25.3,2.99,36.01,1.04,83.7,182.5,33.7,9,15.75
2315.1,54.0,21.54,59.23,7.96,73.7,586.0,10.7,6,75.58
4655.1,89.0,37.95,52.35,14.29,87.7,551.8,38.7,2,39.71
1606.4,37.6,25.21,25.87,9.02,43.4,396.5,104.0,1,26.82
3784.2,42.1,17.27,36.67,6.22,72.1,289.2,25.5,10,130.43
3895.6,40.1,5.99,37.24,1.43,33.7,464.1,24.4,2,3.0
940.0,20.1,33.65,34.48,13.81,50.2,525.0,91.3,1,35.76
2607.0,67.4,16.06,39.82,5.58,31.8,503.8,54.7,5,34.99
1402.5,23.9,33.1,46.79,10.87,23.9,589.7,26.3,6,136.13
1334.2,47.3,25.93,45.64,10.72,13.2,436.6,35.3,3,90.8
2587.2,119.5,11.38,34.28,4.55,70.4,294.6,97.4,2,19.59
1802.4,111.8,5.03,48.2,1.89,88.8,374.1,78.6,1,3.0
4082.3,41.5,17.87,31.58,6.39,38.3,517.3,93.7,5,32.08
4584.2,51.0,8.15,53.42,5.44,48.6,269.4,20.8,10,74.75
4112.2,66.4,26.44,58.57,10.8,10.3,254.1,60.4,2,59.22
1697.1,104.4,33.34,31.79,12.48,47.2,476.2,97.7,6,172.93
1733.6,100.3,9.88,51.39,4.11,35.3,350.0,39.2,2,17.04
1646.3,32.6,21.87,52.54,8.4,61.7,517.5,28.6,7,122.57
1107.7,32.4,11.94,39.63,1.57,91.8,214.7,52.0,1,6.68
4747.1,61.7,12.19,23.51,4.0,55.6,301.1,46.7,3,20.32
2309.2,107.0,22.11,51.45,11.66,70.8,270.6,30.4,1,37.05
1511.1,108.2,25.62,36.3,12.11,73.5,464.0,114.9,7,197.03
4310.0,30.7,28.55,28.32,11.87,23.7,491.7,63.1,8,130.02
2296.4,77.4,6.47,45.07,2.99,41.2,355.2,76.9,2,9.08
658.0,35.6,22.35,37.48,8.71,20.2,365.1,23.3,5,209.62
1228.7,88.6,17.03,23.5,6.92,49.7,209.4,77.1,3,96.73
3376.6,111.6,39.72,59.35,14.88,89.9,465.8,71.1,1,31.15
4023.1,65.5,22.09,29.79,10.16,53.3,596.5,112.5,1,9.52
1449.2,28.3,33.79,40.44,14.09,51.1,500.1,55.4,10,357.86
4628.3,77.9,9.63,46.69,3.03,28.8,250.4,96.0,7,35.21
4329.5,60.9,19.84,24.6,7.31,37.9,430.4,43.5,7,76.47
4317.7,101.1,29.59,49.58,11.8,94.3,282.7,73.7,3,108.99
1524.5,54.0,8.91,45.93,6.15,37.3,163.6,112.0,3,75.8
727.4,107.5,24.92,39.75,9.86,75.8,230.9,78.8,8,542.41
4403.4,47.4,20.32,41.13,8.16,13.8,196.2,88.2,5,131.66
1876.1,35.8,38.83,58.19,14.89,21.5,238.2,106.4,2,173.7
3285.1,50.6,12.07,56.44,3.43,38.0,508.0,111.8,5,15.53
3919.9,23.5,35.14,24.48,14.09,91.1,281.8,32.9,6,281.83
1077.3,48.1,18.17,34.75,6.62,29.7,490.7,31.5,6,96.69
4013.8,86.0,23.43,40.67,7.55,75.4,577.0,70.6,6,47.61
4723.3,34.2,24.77,56.8,8.4,25.1,408.4,119.5,9,114.34
3777.7,31.1,13.67,52.66,4.72,65.2,368.4,63.9,3,22.06
2485.5,33.2,41.77,35.46,14.49,62.8,487.6,46.4,6,191.44
4445.1,27.8,31.77,55.45,13.76,66.0,193.7,69.1,9,484.16
2873.6,107.5,32.07,35.13,14.62,35.8,342.7,17.1,10,456.16
3851.5,114.4,36.37,30.85,14.96,24.6,374.5,29.5,10,340.12
4192.3,24.7,24.75,44.4,10.38,89.8,524.0,26.4,8,102.44
3872.1,96.0,11.45,34.24,7.32,61.2,516.4,13.1,2,15.8
1795.3,93.7,29.74,44.9,12.91,29.1,531.7,89.4,10,242.68
1030.3,119.7,6.1,36.39,1.33,47.2,464.0,45.8,1,3.0
1572.5,54.8,30.99,51.83,12.68,16.0,388.8,28.5,6,248.46
2762.9,48.6,17.98,58.17,7.96,52.8,522.5,66.3,5,49.69
2773.7,65.3,26.1,30.81,10.43,48.2,543.0,45.6,7,111.26
3121.9,105.7,16.71,40.4,6.24,21.9,366.2,53.2,8,94.57
2278.0,92.9,18.31,48.98,6.16,50.0,593.5,44.7,8,53.35
4041.0,67.2,3.4,26.34,1.44,67.6,543.7,10.4,3,3.0
4609.2,44.5,20.57,51.84,6.93,93.6,379.7,85.7,8,91.4
1610.3,92.7,14.18,43.32,6.72,73.3,181.2,22.2,8,204.9
3814.4,105.5,10.03,25.99,4.15,55.2,251.0,34.1,1,7.86
3550.9,60.0,17.36,54.73,4.46,79.3,499.4,30.9,7,40.09
2853.9,86.9,20.04,37.07,9.18,35.2,200.0,46.5,2,70.49
1348.4,60.0,12.56,27.06,5.45,70.2,361.4,27.6,6,86.33
4078.5,67.8,27.27,27.82,12.62,10.5,422.2,48.2,3,66.11
4822.8,72.5,5.4,51.42,2.56,16.5,545.3,36.8,4,4.88
3748.3,97.6,23.32,57.43,9.09,66.2,531.2,16.7,3,39.48
4630.4,117.8,11.57,35.13,3.24,27.3,493.9,105.8,9,22.05
4928.8,64.4,21.25,23.15,8.4,72.0,333.5,43.6,10,166.2
2084.2,54.2,21.12,24.03,8.74,67.3,214.0,20.5,8,266.33
3372.0,57.4,21.25,46.18,9.99,15.7,451.3,67.4,8,126.79
2632.7,33.4,15.88,34.83,6.98,45.3,231.6,23.6,4,79.13
4939.8,49.7,16.07,37.05,8.13,65.2,402.6,95.0,2,20.41
922.1,28.6,12.34,33.48,3.53,74.2,591.3,16.8,6,37.67
2355.7,62.8,21.63,38.62,7.48,83.4,397.6,61.1,5,85.86
4439.9,36.7,16.19,45.74,6.22,39.7,440.5,113.8,3,21.57
1778.2,54.6,27.07,41.65,10.33,85.3,454.9,27.5,3,80.82
4045.1,99.4,20.93,26.57,7.09,41.9,523.7,32.2,2,16.63
2222.5,44.6,29.7,39.65,11.91,10.6,345.7,76.1,9,335.47
4909.9,81.2,22.2,38.42,6.96,64.9,373.9,117.8,4,46.64
4475.9,110.1,8.82,41.83,4.3,31.8,229.2,52.4,10,76.9
1855.9,76.7,12.07,24.43,4.83,21.2,426.6,81.4,7,54.26
3965.9,39.4,4.35,26.14,1.63,33.3,283.1,26.8,2,3.66
2015.9,54.5,23.63,41.21,8.56,84.5,378.4,80.6,1,22.42
3228.6,79.0,26.75,31.02,12.63,92.3,495.0,37.8,5,105.01
3463.2,70.7,33.41,45.16,11.77,96.6,157.9,77.5,1,59.95
4233.2,34.9,20.08,34.91,7.13,37.3,403.8,19.8,10,119.12
610.0,64.7,15.87,28.83,3.75,51.0,228.1,67.7,10,240.35
1490.7,74.3,31.98,46.26,13.09,82.2,275.7,36.1,7,435.87
3703.6,46.7,4.48,35.76,1.79,38.6,165.6,85.0,3,9.71
3035.9,81.2,19.13,26.3,6.59,44.7,226.3,92.2,9,189.58
2730.2,27.0,34.97,52.35,12.99,31.4,594.0,103.3,7,129.69
748.4,53.7,14.82,37.27,6.5,61.5,599.3,119.2,4,41.98
2067.2,100.4,2.1,56.6,2.65,69.3,473.9,60.5,9,12.84
4393.0,45.9,7.38,27.74,4.72,38.7,425.3,83.8,3,11.81
639.0,80.5,24.41,55.05,9.4,12.2,499.7,12.0,6,206.06
2284.0,61.0,13.82,52.64,3.13,76.2,553.4,109.6,7,24.09
4753.2,51.6,21.49,24.16,10.17,65.5,383.7,77.7,10,171.22
729.0,111.6,17.59,41.27,7.13,29.7,165.9,56.3,2,109.53
3873.7,54.3,14.02,46.15,5.68,38.3,469.2,57.8,3,19.2
1659.3,43.7,17.82,39.82,4.37,96.1,593.1,93.4,9,48.22
4399.7,110.9,37.59,35.61,12.53,66.7,266.1,101.7,5,217.72
3857.3,94.6,18.35,57.75,6.55,63.6,358.6,98.9,8,97.26
4485.7,88.2,30.77,48.03,11.34,67.6,312.6,66.2,8,237.72
1471.7,25.0,21.09,58.63,7.16,95.9,325.7,50.8,4,99.14
2890.8,33.1,3.42,53.85,2.29,40.6,474.6,114.0,4,5.35
4006.7,83.8,20.58,52.69,7.17,35.3,320.3,79.8,5,79.23
1605.6,40.9,17.59,49.03,8.11,43.9,573.5,69.8,1,11.95
1538.4,42.6,18.53,45.84,7.41,82.1,505.3,75.8,8,110.72
622.3,97.9,34.0,55.47,12.43,20.9,162.4,79.3,2,320.75
4813.3,48.6,33.87,44.54,13.75,28.6,518.3,88.4,10,177.86
3695.1,27.2,32.94,23.01,12.01,30.5,497.8,70.9,8,143.43
3360.0,23.6,26.96,43.3,9.16,67.3,382.4,106.3,4,75.75
3848.0,64.3,16.46,24.11,8.58,67.7,373.6,104.6,1,14.94
2892.3,81.7,18.52,57.97,10.02,43.5,526.0,58.6,8,90.0
2642.6,106.9,17.05,45.87,5.03,34.9,341.2,28.5,5,60.14
2522.9,31.1,34.05,42.23,12.37,77.9,221.8,73.4,2,114.91
3382.0,39.7,32.66,27.91,13.0,12.9,290.8,78.3,5,230.9
1406.9,73.0,14.08,40.63,4.74,76.5,269.3,67.6,10,167.05
4496.3,56.4,36.05,33.7,13.64,28.9,456.5,108.0,7,165.78
4152.9,68.3,34.25,47.02,12.88,91.2,230.5,20.2,7,343.28
2073.0,112.4,17.06,44.18,6.94,47.2,440.1,41.6,6,76.58
3103.7,74.5,36.44,39.97,13.73,67.8,359.7,105.2,2,76.33
1134.6,61.5,7.14,30.11,2.69,20.9,527.8,113.3,10,30.09
4875.6,118.9,5.93,41.03,1.39,32.8,368.2,56.9,8,9.39
4563.0,26.5,16.1,38.47,5.87,73.1,568.4,31.2,6,31.12
4648.5,113.2,19.93,54.05,8.92,59.5,555.2,56.2,8,64.6
1994.7,70.2,13.39,55.77,5.92,79.3,233.4,60.2,4,72.19
1261.1,70.4,41.34,50.37,14.19,60.7,458.8,67.2,8,384.47
1453.0,112.2,9.83,32.79,4.57,61.2,246.6,40.2,10,142.95
905.0,70.7,14.46,21.52,4.94,87.2,520.5,44.4,4,38.75
1040.5,63.8,26.48,57.01,9.89,48.2,436.1,82.1,1,31.61
820.9,47.2,4.26,59.68,1.05,90.6,282.4,78.4,8,22.08
4954.2,85.9,29.74,25.08,11.19,43.5,262.1,82.8,9,263.91
833.3,77.0,17.44,47.42,6.28,39.6,343.3,51.5,9,247.51
1096.4,41.4,33.17,37.01,14.69,80.1,510.3,47.0,10,410.19
4222.6,90.9,28.17,25.94,10.68,11.0,508.3,48.7,4,58.68
3111.1,84.4,4.35,59.92,1.73,25.5,165.0,114.6,10,35.33
3984.9,59.7,12.5,57.33,2.3,16.5,286.0,53.5,3,13.83
3339.1,20.4,8.43,59.3,2.23,56.1,340.3,76.7,6,19.23
4469.8,64.7,32.87,25.76,14.34,66.5,413.5,67.5,9,233.94
3373.1,20.6,27.35,39.68,10.58,10.9,217.3,106.4,10,391.07
2849.6,27.5,15.29,55.83,6.99,24.5,300.9,50.6,7,109.95
3707.4,63.1,11.53,47.01,3.81,37.2,548.5,57.8,6,20.16
2513.3,28.2,31.75,37.38,13.23,36.5,364.4,102.7,5,187.38
2057.3,47.6,8.31,40.67,3.82,18.7,484.9,27.7,9,41.89
2604.4,85.5,24.54,21.54,10.89,25.6,368.2,75.4,9,229.15
1263.7,50.9,36.18,44.46,11.69,86.2,359.2,54.0,3,146.51
4084.6,119.8,14.06,54.39,5.13,73.1,429.9,118.4,2,12.33
1673.2,111.6,19.26,20.11,8.07,36.6,266.7,89.4,9,275.23
1190.9,78.5,9.67,26.4,4.12,33.7,262.4,11.2,9,110.05
1608.6,116.7,17.92,40.72,6.31,17.2,595.2,102.3,1,7.21
4289.3,106.8,33.46,42.44,14.51,41.4,541.0,87.3,5,90.62
1985.9,51.9,23.34,33.73,10.7,45.8,482.0,71.7,6,131.03
3587.2,95.0,31.46,21.12,12.85,91.4,211.7,36.0,1,47.56
4353.8,33.7,21.59,49.74,8.57,76.9,163.6,26.4,7,206.06
849.9,88.5,10.75,29.72,4.35,53.1,228.9,79.1,10,164.62
3942.6,69.1,24.58,45.78,10.98,22.1,572.0,58.4,3,33.6
1884.5,21.7,19.25,42.37,8.01,69.1,517.3,104.8,8,89.09
1474.8,47.4,8.59,37.23,3.48,94.2,385.4,38.9,1,6.84
3600.1,115.5,15.76,43.61,6.77,17.0,586.0,80.1,3,17.33
4594.1,51.6,25.57,47.8,9.89,86.4,216.0,37.4,6,171.4
1827.6,38.1,34.66,42.89,11.29,26.2,401.6,80.0,10,358.05
3059.8,38.8,16.13,42.3,4.41,73.1,232.4,15.3,9,111.73
1804.3,67.9,38.33,37.44,13.26,26.5,287.9,53.1,10,681.24
2994.3,104.3,14.82,37.2,6.31,64.0,573.1,29.0,10,65.93
3298.4,95.8,18.05,39.64,4.8,31.4,540.7,76.7,9,40.8
3246.5,63.7,11.26,38.08,3.73,58.8,195.8,44.8,4,37.08
3306.0,40.9,33.15,37.56,12.26,64.0,262.3,94.9,2,93.04
1107.9,24.6,17.08,28.41,5.96,65.7,417.5,22.6,9,166.66
3620.9,66.3,18.84,48.99,7.77,71.5,177.6,71.2,2,53.99
3536.4,101.5,13.63,25.32,4.12,16.2,397.5,75.3,6,34.27
3571.6,93.0,27.85,56.35,10.61,73.3,413.0,12.4,8,196.51
833.3,60.9,24.14,44.99,11.93,23.9,280.9,14.0,1,66.46
2510.8,79.5,14.86,21.96,5.75,70.9,281.9,43.9,10,138.82
2340.7,63.6,37.35,46.36,14.23,21.2,253.1,77.0,4,267.94
890.2,77.9,6.12,34.46,1.43,53.1,571.1,115.9,3,4.7
1500.7,71.8,9.99,57.19,2.86,44.8,325.0,20.0,4,26.83
2484.3,88.1,21.0,57.44,9.24,97.1,413.4,87.3,5,96.21
3843.1,70.8,27.65,53.84,10.82,66.8,285.7,86.2,5,141.91
1566.8,114.1,12.08,42.71,4.51,17.9,466.2,83.6,2,13.42
4233.9,62.8,21.53,56.77,8.76,73.1,195.6,66.8,2,54.5
2956.1,21.6,12.51,45.99,5.46,27.5,182.2,116.4,5,84.62
3921.9,43.6,24.89,55.01,8.76,35.8,484.9,65.2,3,37.06
2626.5,70.1,26.57,26.4,10.23,44.1,477.0,102.2,7,129.84
2746.4,74.1,36.36,56.17,14.62,79.9,269.3,38.9,9,588.59
3288.7,75.2,25.13,46.46,7.38,95.0,309.8,98.7,1,19.26
4675.9,91.5,26.59,32.13,10.08,93.2,580.8,119.6,1,9.11
2713.2,47.5,26.51,59.91,9.09,25.4,196.9,110.1,7,278.47
2879.0,86.5,15.34,47.48,5.45,15.4,232.4,43.4,1,16.4
3209.0,90.4,11.39,56.34,4.54,84.6,343.5,103.1,7,55.27
3818.8,61.1,32.93,20.22,14.83,35.9,276.9,20.5,5,221.34
823.3,60.2,11.68,42.09,3.9,62.5,442.1,84.5,5,50.66
2820.6,37.9,21.76,48.5,12.06,98.1,460.8,47.6,7,137.42
2667.2,61.4,9.84,20.55,3.05,26.8,386.9,82.5,9,41.81
4647.6,98.7,31.15,50.5,12.26,43.7,425.0,55.3,2,45.77
2720.8,110.9,9.63,46.06,3.6,88.1,345.0,11.0,2,10.9
2607.4,79.4,35.17,30.99,14.54,68.5,492.2,35.4,7,219.39
4829.9,49.9,22.64,47.56,10.6,94.4,168.9,14.7,1,27.31
2527.6,88.2,11.36,25.24,2.26,66.9,290.8,57.0,5,25.85
1314.0,94.0,25.61,52.96,10.7,37.3,458.0,102.4,5,131.62
1476.1,53.2,20.82,54.65,9.45,82.5,298.3,91.2,4,148.77
928.3,102.7,16.8,39.42,5.73,78.3,185.3,96.8,6,228.44
502.6,27.4,13.03,40.3,4.65,94.0,305.3,98.8,2,49.8
2443.8,21.1,26.37,36.08,11.06,52.9,470.2,50.9,3,66.9
3961.6,32.3,26.78,33.81,11.38,55.3,204.9,65.7,1,41.15
3800.6,35.6,14.82,54.92,5.58,39.1,476.1,65.9,10,61.2
644.7,107.9,36.55,32.19,13.27,34.2,499.0,22.5,9,527.59
3064.9,62.5,14.36,36.11,4.76,99.7,435.9,75.8,3,18.72
1194.3,47.5,6.45,32.0,1.98,98.0,259.9,89.2,1,5.28
4734.8,62.9,26.17,46.27,9.4,57.7,512.4,77.2,3,32.52
1253.1,59.5,7.83,52.57,2.5,96.0,246.5,92.1,10,73.08
3319.9,50.1,14.41,26.57,4.87,42.1,557.6,23.1,9,42.97
1968.1,33.8,21.08,30.19,8.1,86.5,468.0,93.8,7,99.26
3387.0,85.6,15.29,24.16,5.01,67.1,174.6,32.9,10,130.6
2355.2,33.7,9.89,26.41,4.01,74.5,509.7,106.5,2,7.99
3918.4,97.5,23.52,36.28,10.84,74.6,377.9,36.9,6,127.57
1538.1,40.2,24.63,51.04,8.66,67.2,353.7,64.1,8,202.45
4576.1,93.1,35.86,41.66,12.76,86.7,339.2,63.6,1,31.96
2750.9,100.6,19.74,22.13,9.14,45.3,423.0,39.6,5,83.57
3902.4,32.5,20.4,45.0,7.77,86.4,476.1,49.8,4,38.67
4323.8,28.7,11.37,51.81,4.66,26.5,553.2,30.4,2,7.36
4994.7,115.0,32.45,35.74,12.09,28.0,272.8,72.7,3,107.7
1507.8,66.3,11.38,29.8,3.76,74.6,433.8,110.4,10,62.77
1791.0,83.0,22.08,50.56,4.39,77.5,458.9,44.8,6,57.0
1626.9,22.3,30.49,20.96,12.78,91.2,453.7,65.9,1,34.26
1682.9,47.9,32.78,52.62,11.38,34.7,371.9,104.8,7,266.88
3121.0,70.5,28.94,52.17,9.58,15.0,326.0,59.8,6,169.82
4970.9,108.6,7.15,55.52,1.54,55.7,493.1,101.4,4,3.96
4956.3,47.1,8.51,23.58,2.78,88.8,285.0,59.1,4,15.21
2870.5,97.5,20.68,24.31,8.0,97.4,243.6,58.4,6,174.53
3375.6,86.2,28.36,54.91,11.45,87.2,395.6,27.3,10,262.6
4369.9,31.5,22.64,39.01,7.5,54.1,270.4,23.7,8,133.26
4698.2,49.3,2.24,35.69,1.24,87.7,165.0,77.3,5,6.73
1417.4,43.8,9.75,42.93,3.58,29.3,173.2,101.0,3,49.76
2878.4,64.3,22.41,22.34,9.24,92.9,462.8,24.9,2,31.2
4247.8,83.5,21.48,45.75,10.72,61.0,587.9,110.1,2,18.25
1864.4,63.3,7.95,57.8,1.47,45.0,354.6,49.5,2,5.42
2479.1,44.5,8.88,47.03,1.61,62.3,216.2,56.8,9,37.46
4935.3,89.6,10.81,38.58,4.66,80.6,518.1,108.4,6,20.61
4932.7,78.4,10.08,58.44,2.17,31.6,267.6,108.6,1,3.65
4577.5,71.9,17.0,47.54,8.59,19.2,598.0,67.7,10,63.68
4093.0,75.4,8.36,22.28,2.73,76.0,403.5,40.4,2,5.45
1711.1,42.2,24.79,46.8,10.08,95.7,254.7,28.9,7,309.25
1943.8,88.0,29.59,22.39,11.88,67.3,373.2,39.9,1,36.16
2962.8,58.8,35.8,32.29,14.59,22.8,300.9,95.9,6,300.04
3023.5,56.3,34.61,44.63,14.28,67.9,500.8,45.7,6,168.69
2774.8,35.0,11.94,28.62,4.83,20.5,197.6,86.4,10,141.3
3365.0,79.7,4.92,21.53,1.41,37.3,535.7,31.5,7,6.71
2337.5,80.3,19.0,44.72,5.61,12.8,495.3,62.6,5,43.31
3871.3,54.0,25.38,31.43,10.92,53.9,537.6,48.7,6,80.41
2001.0,106.0,12.99,41.32,1.84,38.9,552.7,65.4,7,13.24
1988.0,104.5,13.98,30.45,6.04,18.8,253.4,72.7,5,104.62
1072.5,30.9,14.62,47.46,5.17,37.8,384.5,119.0,8,115.72
1349.2,89.5,13.08,55.83,4.07,68.3,532.5,109.0,6,30.75
4327.3,59.4,26.16,23.46,10.89,36.0,319.8,86.5,10,265.79
2508.3,120.0,29.67,51.45,10.23,22.9,177.2,26.9,2,99.55
1525.4,42.5,23.18,26.24,8.5,59.0,281.2,111.1,8,273.67
3917.0,48.1,33.01,33.18,13.75,77.8,258.9,108.2,9,440.02
2992.9,64.2,11.73,34.29,2.44,84.7,541.5,107.5,8,14.95
595.2,46.9,6.07,28.25,3.1,52.5,358.7,62.7,10,79.12
1923.6,89.2,14.95,23.01,6.37,74.0,457.6,28.8,5,55.72
1296.5,68.1,27.11,50.74,10.18,85.0,583.0,93.0,6,113.16
3451.4,42.1,25.51,51.75,9.18,70.6,284.6,52.7,2,58.51
1737.6,70.6,7.65,59.87,2.04,57.5,492.5,47.9,4,9.33
792.3,108.9,34.78,57.38,14.42,15.4,160.2,53.0,2,310.77
747.2,99.2,13.37,37.39,5.27,36.1,196.9,71.5,8,290.39
3117.8,69.9,19.25,25.34,6.03,38.8,222.8,46.7,8,153.6
597.8,48.8,25.1,20.43,9.73,45.6,290.6,85.9,2,134.95
4319.6,38.0,32.12,41.26,14.23,95.6,331.3,81.2,9,298.02
1199.3,107.8,22.85,54.42,10.28,28.8,364.7,66.0,4,160.27
3229.5,91.0,39.58,30.72,14.37,58.7,260.4,15.9,8,417.48
2501.1,77.2,8.18,27.96,3.63,99.2,179.8,113.0,10,102.45
2492.8,107.9,25.04,37.56,9.66,65.7,454.9,55.3,9,170.8
823.1,32.2,35.04,55.74,12.6,28.8,160.6,59.4,2,264.49
4112.4,88.2,22.32,38.07,8.13,96.4,514.3,60.2,2,18.73
4518.7,41.7,13.69,48.91,6.07,40.3,568.1,50.2,2,9.43
549.6,32.1,32.96,38.5,14.79,14.3,469.7,84.2,9,639.61
1303.7,66.6,14.45,34.92,2.97,48.8,418.2,11.5,6,48.59
4567.6,58.7,14.41,37.64,6.75,31.7,445.7,106.1,2,14.61
2972.7,114.1,30.76,50.74,13.23,83.7,443.5,21.3,6,168.25
1175.2,52.4,34.41,50.18,13.61,29.8,569.3,120.0,6,169.8
1412.6,101.5,35.21,37.27,14.73,83.8,583.9,79.1,6,196.94
3469.9,94.9,34.51,30.7,13.39,13.3,342.0,17.3,7,259.15
3761.7,86.8,1.54,25.57,1.71,93.6,427.7,71.9,2,3.0
3197.4,112.0,33.61,20.05,14.02,13.8,511.3,46.4,4,98.7
4789.2,60.8,20.12,24.53,6.99,94.5,150.5,114.8,8,217.41
2723.3,59.0,27.33,26.59,10.12,16.6,387.2,93.1,10,238.15
1851.2,36.1,15.28,47.6,6.52,88.5,443.8,65.8,3,33.35
2647.5,47.6,27.43,52.72,12.39,84.8,472.7,57.3,6,151.13
2118.5,108.0,23.49,49.48,9.06,63.5,316.0,119.5,10,303.04
1509.9,67.4,27.59,48.93,12.84,13.2,283.0,83.4,7,421.31
706.8,54.1,14.39,59.77,3.71,65.9,232.0,66.5,3,68.56
2085.0,41.6,10.73,58.5,3.59,65.6,401.0,53.8,6,36.37
3701.3,68.5,16.39,30.75,7.17,60.1,563.7,45.7,1,7.37
583.0,91.7,1.29,25.8,1.07,66.8,553.2,87.6,5,3.46
2476.3,48.7,24.71,26.13,10.7,97.1,312.0,74.7,6,205.65
3398.0,95.8,9.15,55.82,5.14,99.6,266.0,103.3,1,9.88
3246.8,83.0,23.73,24.09,8.8,56.8,505.0,70.9,3,36.04
3994.9,98.8,4.15,33.61,1.98,18.3,476.2,74.1,10,11.22
4147.3,45.1,10.99,41.21,3.39,22.1,377.4,62.5,7,29.56
3702.7,83.1,25.97,44.54,9.72,74.8,325.1,93.9,5,121.28
962.6,35.4,17.04,43.83,5.28,98.4,205.7,55.6,3,89.27
2637.6,56.4,11.97,51.46,4.01,49.2,503.3,103.7,2,8.8
3215.3,92.4,15.04,42.87,4.2,18.8,427.9,46.0,5,31.17
1605.0,83.2,15.38,54.04,4.01,41.8,319.6,86.2,6,71.2
691.5,38.8,25.13,23.39,9.72,44.7,563.5,108.2,2,48.65
1506.2,105.8,10.66,54.36,3.35,99.7,446.9,94.6,9,47.78
2547.0,25.3,14.31,43.6,6.08,71.8,568.2,47.7,5,31.56
2362.7,79.5,23.49,28.92,10.63,20.6,363.5,87.7,1,25.05
1295.0,118.4,24.69,59.11,8.19,40.3,354.6,32.8,2,59.9
4209.9,73.2,25.35,57.59,9.36,14.4,571.8,16.4,9,103.46
4665.6,100.1,14.44,53.83,4.51,68.8,581.9,97.1,4,12.4
1406.1,79.5,32.56,56.46,14.06,70.5,582.3,98.9,4,101.09
4683.1,98.3,22.5,35.29,6.79,15.2,518.5,12.5,2,16.0
580.4,85.6,12.85,29.11,5.02,40.2,358.1,114.3,9,196.32
4662.3,89.1,31.01,27.32,13.66,91.3,244.6,59.0,9,378.61
4783.7,42.8,23.68,54.95,10.17,84.4,322.5,109.6,3,68.36
554.2,94.2,28.78,53.07,9.6,61.7,572.2,96.7,8,216.22
3933.6,43.8,29.52,59.24,13.41,53.6,313.6,109.1,5,193.02
4865.9,118.1,3.93,53.93,1.82,99.4,490.5,101.7,2,3.0
4576.6,42.8,39.97,45.29,12.73,75.0,565.4,117.1,8,123.35
4868.2,43.7,28.95,25.69,10.49,95.7,586.7,79.2,1,9.43
2976.5,105.9,13.69,26.59,6.04,16.4,576.5,35.0,9,60.51
851.7,44.3,9.31,38.95,4.59,29.1,399.8,52.9,1,10.92
4324.1,56.1,2.66,50.71,2.47,12.8,371.3,92.7,4,6.39
3262.2,91.5,34.89,26.93,14.18,88.1,594.4,27.3,3,65.68
3266.3,35.9,11.05,56.62,2.99,72.5,248.2,112.3,3,20.0
2377.6,35.9,17.21,47.35,4.63,26.0,234.4,32.6,5,77.21
3073.3,68.6,20.87,32.49,10.68,97.7,583.4,106.4,8,91.28
1191.1,44.4,23.19,55.43,10.94,96.0,460.1,63.2,4,119.21
3829.0,43.6,9.12,43.95,3.25,30.2,391.3,102.5,6,22.48
837.6,20.9,38.88,49.33,12.4,68.2,209.4,115.4,10,1205.2
3784.0,57.0,23.39,35.42,8.14,70.1,381.0,56.4,5,85.73
4320.4,51.8,32.74,35.74,12.88,10.4,574.9,86.6,8,111.51
2626.1,23.1,3.44,20.5,2.22,72.0,421.3,34.9,4,6.41
2794.2,82.1,1.0,41.52,1.6,29.9,332.1,98.1,1,3.0
1905.0,82.7,24.93,50.43,9.92,91.1,398.0,100.2,3,73.96
4862.6,27.1,8.83,58.75,3.1,85.5,548.8,42.5,2,3.82
3799.1,51.7,20.4,55.69,8.35,91.5,560.8,12.7,10,102.72
2160.4,107.3,3.61,23.48,1.2,78.2,330.0,57.4,1,3.0
1286.6,78.2,27.17,59.22,11.92,24.8,423.6,28.7,9,347.88
1488.1,61.2,30.33,25.98,13.59,42.4,275.6,100.0,2,137.0
2587.7,66.5,35.48,21.64,12.74,73.8,353.0,38.7,2,76.95
4741.6,40.8,32.5,49.96,14.42,39.1,248.9,113.8,6,288.12
3803.7,101.2,32.55,56.24,13.64,73.9,389.2,116.9,1,30.55
1468.6,111.4,18.48,57.99,7.22,40.3,410.2,110.0,1,19.16
4368.0,111.1,19.25,53.0,6.58,26.0,302.0,76.0,8,115.54
2201.9,42.4,30.6,28.2,13.55,56.6,272.5,39.4,1,53.8
4332.7,51.1,37.08,26.16,13.98,71.8,218.0,98.8,6,351.8
1587.6,36.1,33.89,22.36,14.62,56.5,212.8,87.2,2,187.01
3284.0,50.7,28.55,43.28,11.76,67.8,470.2,117.5,1,20.32
4670.0,53.3,15.73,39.49,3.83,49.4,249.7,51.5,7,60.15
1660.5,83.3,31.82,24.37,14.23,80.0,203.1,16.5,4,312.49
3618.2,39.0,36.96,38.59,14.26,68.5,599.5,119.8,1,16.54
4942.9,111.9,28.76,42.69,10.33,61.7,267.0,102.2,7,196.95
1177.7,30.3,32.83,48.92,13.0,49.2,553.2,34.4,10,320.97
897.8,20.7,22.02,36.57,8.86,58.2,424.1,89.8,6,155.89
3533.9,105.5,41.08,32.73,14.22,14.6,471.8,10.1,4,124.17
2028.8,90.4,7.28,46.63,2.32,70.0,402.4,71.4,9,28.6
820.6,55.5,32.73,47.37,13.1,28.4,231.4,49.9,4,436.56
2638.9,79.5,5.08,30.82,1.78,87.4,531.2,51.9,7,8.76
3892.0,42.4,15.67,20.79,5.75,83.1,522.6,36.9,5,29.75
1783.1,36.8,11.55,57.83,2.89,57.5,307.4,40.2,8,55.41
2007.7,67.1,18.9,50.21,7.71,86.2,493.7,60.0,6,75.81
4305.6,55.3,5.45,28.04,4.25,70.4,394.4,37.3,5,17.04
2840.3,81.5,36.5,42.63,14.33,22.7,559.1,61.3,5,100.92
4292.3,41.8,19.08,43.8,8.83,76.7,511.3,73.5,3,25.84
2508.8,86.3,35.43,25.04,13.57,99.6,168.4,88.2,5,433.75
4788.4,96.7,13.25,27.67,4.89,13.7,545.7,84.5,1,3.94
3428.6,36.7,7.97,58.27,1.36,32.0,585.9,36.6,4,3.84
1021.5,24.4,26.43,40.32,11.86,63.8,484.0,14.3,1,38.1
4482.9,64.0,25.31,27.66,10.83,47.4,204.0,101.6,4,135.44
2701.7,97.4,20.84,51.9,8.64,67.4,513.3,106.0,4,46.41
1137.4,85.1,26.11,38.82,12.41,62.8,441.4,117.7,1,38.15
1187.1,90.2,34.68,45.54,12.76,80.9,302.5,115.6,3,216.97
3593.9,60.3,18.35,31.9,9.23,16.4,547.8,79.7,7,66.8
713.2,43.5,38.69,22.32,14.52,49.7,404.5,108.4,10,802.66
1789.7,73.2,28.75,26.6,11.08,87.4,533.8,59.3,7,162.55
1129.0,40.4,25.5,58.92,10.48,42.6,451.6,96.6,8,235.51
2484.8,92.6,16.97,44.94,6.06,55.3,279.8,115.1,7,137.66
2364.6,39.7,5.33,53.24,1.03,11.9,588.8,97.6,10,5.28
2848.4,49.1,10.86,20.86,4.37,30.2,407.0,55.7,10,58.39
1758.4,70.7,29.79,50.62,11.69,51.7,382.5,51.6,2,74.89
644.2,68.7,29.35,39.4,10.94,45.9,331.6,42.1,5,342.77
3264.7,80.1,12.12,46.61,5.63,74.3,211.4,50.4,10,143.89
2181.7,63.7,25.48,34.33,9.76,65.1,458.8,100.3,9,172.17
3431.0,111.9,2.71,44.83,3.73,89.2,343.9,87.2,6,19.27
989.0,104.0,7.0,21.42,4.69,86.9,570.6,37.5,5,27.94
562.0,107.9,36.5,21.82,14.26,31.7,584.3,88.3,1,42.4
1617.3,83.0,16.35,51.95,6.78,11.6,495.4,51.7,5,63.59
2554.5,83.5,9.63,24.98,4.43,86.9,259.1,71.4,6,62.33
2273.3,80.9,19.83,20.56,7.82,39.6,472.2,50.7,7,99.58
4146.4,63.5,15.57,56.5,6.42,41.2,159.2,67.4,6,122.24
2200.3,52.2,24.83,30.62,11.21,24.3,521.9,90.3,3,50.23
2887.0,79.2,30.36,43.3,14.47,72.4,372.1,90.4,10,373.1
3170.8,22.6,17.45,53.56,9.28,35.2,571.5,92.9,3,24.38
598.2,20.7,25.55,49.84,9.28,25.9,320.0,53.0,4,230.77
2818.1,105.2,14.78,21.87,6.11,55.3,268.4,86.0,6,97.75
2051.7,24.6,25.39,42.44,8.9,77.5,597.8,36.3,3,42.84
2395.8,72.5,13.28,41.67,5.47,34.3,388.8,62.5,1,9.64
951.3,81.5,5.4,34.0,1.02,75.0,538.4,74.1,7,8.06
4022.7,39.8,31.81,50.14,13.13,51.6,560.0,85.5,3,44.65
4740.8,109.6,18.26,58.56,7.01,46.3,383.3,110.3,9,98.82
600.2,39.0,20.42,25.89,7.89,42.4,355.1,43.5,8,319.9
3206.2,108.5,5.65,25.81,2.17,23.1,398.8,103.0,5,9.98
3937.3,96.3,27.57,49.39,12.72,39.9,531.5,44.2,5,86.08
1781.6,44.1,12.08,38.18,3.38,89.1,584.1,70.7,10,37.08
4044.0,35.1,22.3,51.81,6.75,19.2,297.7,101.1,1,16.26
3345.6,51.6,36.33,25.64,12.76,96.2,482.4,89.5,4,87.96
4681.2,59.8,17.38,21.59,7.41,19.7,278.4,104.9,1,15.75
4914.5,44.6,32.08,47.92,14.04,42.6,424.9,99.6,2,48.68
690.6,119.9,9.38,59.79,3.93,64.6,512.2,40.4,10,73.87
2502.2,43.0,26.8,23.79,11.01,85.4,548.9,119.2,2,29.41
2961.4,103.1,35.63,54.57,14.69,22.9,351.9,113.1,10,443.53
1160.3,35.9,19.0,35.41,8.69,22.7,316.4,57.3,8,279.16
2013.3,118.0,22.15,20.67,10.69,66.6,264.1,15.2,7,292.26
4944.4,42.6,17.11,40.4,6.51,36.3,210.0,43.4,8,133.05
573.0,62.2,17.9,31.15,11.52,68.0,314.2,102.0,2,116.85
2536.3,75.9,33.26,47.74,13.72,83.9,542.4,114.6,2,48.2
4291.9,32.0,24.1,31.51,10.84,16.9,338.5,101.5,4,96.13
1957.6,101.7,36.78,39.27,14.1,86.0,292.8,53.6,8,452.01
2659.1,47.5,26.4,28.02,9.24,13.4,482.6,16.2,4,69.49
4901.2,74.9,26.1,53.12,9.08,90.9,247.0,66.9,2,49.23
2636.9,75.0,13.07,57.02,5.26,97.8,265.3,51.4,8,109.59
1089.1,80.3,23.74,36.13,10.93,70.1,571.2,23.5,7,157.04
732.7,25.5,30.26,37.96,13.35,98.6,186.7,21.6,6,691.63
4754.4,36.9,25.97,59.31,10.05,84.0,336.6,26.8,5,108.17
1696.1,36.1,6.87,25.68,4.26,14.0,409.5,32.6,8,42.41
2768.3,50.2,26.0,52.34,8.62,10.3,253.6,92.9,8,260.51
908.2,34.5,27.65,42.69,11.58,11.9,276.5,52.0,4,288.69
2406.4,112.2,36.05,55.23,14.15,50.7,249.8,58.1,2,124.46
4685.5,71.3,4.0,31.7,3.19,66.1,305.3,75.8,9,24.82
2760.9,82.4,5.63,31.85,2.78,53.3,554.3,115.6,2,3.21
4870.1,55.7,11.88,33.03,6.78,70.9,344.2,93.2,5,39.96
1664.8,47.6,11.41,20.67,2.76,50.5,338.0,81.0,9,56.84
2770.5,70.3,35.39,26.8,14.73,13.8,324.0,91.8,5,248.32
4367.9,49.4,19.68,59.78,6.94,30.4,583.9,89.1,9,48.41
2517.1,54.4,21.67,29.96,8.47,99.3,202.8,85.9,5,184.13
1757.7,65.3,13.02,20.8,4.18,41.1,542.3,64.6,8,42.05
4349.6,70.6,17.75,31.14,7.29,39.2,297.2,72.4,6,91.2
2254.5,118.4,35.4,36.34,14.79,23.8,580.4,60.8,3,71.02
2888.3,42.3,19.76,41.91,7.84,98.8,291.9,53.4,9,197.26
4894.4,68.8,5.8,22.74,1.12,30.7,187.3,39.8,5,9.26
1339.2,35.0,13.41,51.62,4.4,68.2,384.0,49.1,5,52.27
1856.3,55.0,44.24,53.02,14.7,13.8,252.5,57.1,7,612.68
639.8,91.7,41.19,28.53,14.85,16.0,488.8,73.7,10,667.22
2263.3,37.4,5.74,51.94,3.95,74.5,445.8,65.0,9,36.07
1400.8,78.1,23.68,34.46,9.61,67.2,458.9,21.9,4,111.13
3560.2,61.7,5.56,36.92,2.08,71.2,237.1,47.4,3,9.19
1315.9,25.2,26.73,57.46,9.08,30.8,468.9,51.4,4,94.5
3536.7,113.3,7.41,55.68,2.76,98.6,290.1,87.8,3,12.08
1685.6,61.4,32.05,35.0,12.46,60.3,599.4,46.6,3,69.13
2098.5,98.4,27.54,39.52,14.15,97.3,479.3,10.9,5,164.68
2069.9,61.6,5.33,31.46,3.42,24.8,415.7,19.3,1,3.84
3725.4,113.7,25.48,40.62,7.48,46.5,540.2,64.7,6,58.82
2599.3,49.0,7.74,47.28,2.43,40.2,415.2,30.7,9,29.23
2125.8,61.2,12.22,23.71,5.75,78.0,398.7,64.4,5,49.33
4336.8,95.9,7.12,56.79,1.91,77.3,256.8,73.2,1,3.0
3073.8,54.4,9.66,48.75,4.7,53.8,455.2,112.7,4,21.66
1462.2,56.4,35.34,23.87,14.86,11.5,318.6,82.1,4,284.12
4550.4,119.5,1.38,54.76,1.62,25.8,169.4,13.4,6,7.48
2041.9,75.6,29.59,49.75,13.03,14.5,517.2,51.9,3,76.13
675.4,88.9,5.54,32.53,2.08,86.2,173.3,97.3,4,36.01
2725.7,84.3,24.7,40.86,8.41,36.1,452.5,38.7,8,125.25
1057.7,102.8,20.25,54.41,7.33,20.6,220.5,111.7,2,88.69
1573.1,106.2,36.21,58.73,14.04,41.9,344.7,68.2,10,572.41
3862.0,76.3,10.63,31.24,3.79,17.0,536.6,20.2,3,10.57
1088.4,49.5,12.55,46.02,3.52,98.1,192.5,36.6,9,149.36
4131.2,22.3,25.79,54.41,11.48,38.4,450.2,109.7,1,16.42
4716.1,81.4,25.47,59.53,11.16,94.0,425.7,119.1,4,73.68
3229.4,102.5,28.04,22.83,10.79,71.4,540.4,104.9,4,58.23
3696.6,65.1,4.3,40.14,1.37,60.9,227.7,45.3,5,9.43
3711.1,36.5,12.63,54.95,4.64,52.8,509.9,94.6,1,4.36
4967.6,48.8,30.85,20.13,12.76,71.9,352.6,34.4,3,73.59
2036.9,71.0,27.41,37.49,9.41,71.8,342.9,52.3,9,264.71
1232.9,103.7,27.61,43.37,9.43,10.9,312.8,86.7,10,399.51
2836.3,37.2,11.95,41.06,5.14,91.7,323.5,116.6,5,49.71
2899.6,81.2,7.4,49.31,4.64,43.1,384.0,58.3,2,11.53
1300.6,95.3,32.64,22.62,14.25,41.8,198.1,64.5,3,305.95
3259.0,113.6,25.04,51.42,11.19,46.6,341.3,34.2,10,287.72
563.6,31.7,10.88,31.33,2.78,71.7,443.4,54.4,10,71.68
4674.5,112.6,37.26,52.97,14.13,43.8,374.2,16.9,9,277.15
1690.6,80.1,19.96,36.78,9.15,43.6,224.6,104.4,9,380.48
678.0,96.7,12.77,21.72,5.67,15.7,313.4,12.6,8,185.84
987.1,25.4,12.65,58.56,6.56,47.5,349.3,85.2,7,131.42
1581.1,70.6,28.06,51.22,11.16,23.5,451.0,40.1,8,252.24
1732.6,82.3,16.28,33.91,6.27,87.0,555.3,62.4,7,64.25
647.6,50.7,25.3,30.8,9.1,40.1,397.7,41.0,4,171.84
1757.1,63.2,28.67,43.56,10.95,96.5,454.4,54.0,7,175.75
1368.2,75.4,12.42,59.49,3.74,71.6,184.7,70.1,3,50.72
2203.8,75.3,30.08,31.61,14.22,78.1,579.5,80.5,7,149.03
2233.3,24.2,13.89,57.93,5.99,95.3,291.8,113.4,4,61.52
2025.5,63.9,20.65,33.22,6.87,31.5,309.4,46.5,5,113.61
1975.7,41.4,25.18,48.16,10.78,61.1,250.3,74.3,2,91.47
903.8,111.7,19.02,35.27,9.52,13.7,188.1,109.2,10,722.4
613.4,117.7,20.9,23.4,7.16,19.1,505.5,41.9,8,187.54
1409.5,50.0,23.49,57.45,10.1,43.0,258.2,105.2,2,97.98
3904.9,37.5,36.56,26.56,13.64,71.4,277.2,115.3,5,239.86
4958.6,42.0,30.01,57.79,12.2,84.9,231.8,103.2,5,207.56
4678.4,67.8,30.01,24.13,12.54,33.1,588.7,72.7,9,117.0
2769.0,107.5,16.71,30.68,4.62,77.4,501.5,89.4,8,46.23
2893.2,70.0,13.9,56.84,6.87,30.2,568.5,62.9,9,55.77
1915.6,25.5,26.44,46.34,8.75,10.5,537.8,75.7,5,70.44
3982.7,24.0,3.8,27.58,1.62,14.9,557.8,117.2,2,3.0
3941.4,42.7,29.57,43.68,11.78,62.7,365.6,37.6,8,212.17
4299.2,104.3,15.23,27.22,5.53,54.7,226.7,97.2,3,39.96
4529.8,82.1,12.12,54.98,4.96,34.3,297.1,65.7,7,56.79
2454.6,76.3,10.36,21.99,4.63,10.6,281.6,29.5,5,52.09
3950.9,51.9,12.32,41.19,4.97,61.1,472.7,80.8,4,19.74
4128.8,112.9,12.14,22.54,5.73,83.6,161.6,97.2,2,35.2
1888.1,53.1,29.66,47.8,9.47,16.2,213.9,72.6,9,443.37
4681.6,103.5,21.65,57.43,9.17,76.3,457.3,102.1,7,77.61
924.5,109.6,16.01,53.24,4.58,67.1,205.5,50.2,4,97.37
4974.2,68.3,14.03,34.87,3.89,53.1,171.7,110.5,8,85.78
3965.4,109.4,32.0,29.48,12.57,14.4,199.1,81.3,10,539.17
919.7,47.7,6.88,24.84,2.3,93.1,460.8,98.3,8,28.52
3453.0,85.8,21.39,54.94,8.18,53.0,212.7,40.0,10,252.76
653.8,28.8,22.78,23.24,8.29,46.0,215.8,59.1,5,350.15
3965.8,67.4,23.09,45.15,9.04,87.5,253.6,110.1,4,96.43
4096.5,41.7,28.12,34.69,13.4,86.1,487.9,15.6,9,207.13
3210.8,26.3,18.94,59.83,9.73,75.5,240.2,54.4,7,196.36
4355.9,20.4,40.18,40.35,14.63,84.6,165.9,95.8,7,510.84
940.5,52.5,24.45,41.95,13.2,21.2,557.6,91.8,7,210.08
1741.7,79.0,11.8,56.72,4.01,78.5,544.3,103.7,10,46.89
2363.8,65.5,11.36,58.79,4.38,39.5,233.2,91.3,7,84.36
691.1,50.2,15.88,43.35,5.83,88.1,269.4,114.2,9,303.66
2517.0,119.1,13.49,51.85,6.48,43.3,234.9,64.8,1,19.07
1693.5,114.0,23.16,45.39,8.74,14.9,473.8,78.7,8,172.87
2267.3,32.6,12.4,37.1,4.26,47.3,262.5,103.2,4,42.06
2413.0,61.5,19.74,22.29,4.11,78.1,569.2,87.2,2,8.8
4457.4,84.9,16.97,48.71,6.34,55.1,522.4,21.2,3,21.9
1716.5,93.3,29.98,48.01,10.41,78.7,414.8,50.4,9,272.36
4521.8,56.6,21.96,24.67,10.63,13.2,154.0,70.8,9,363.02
2416.9,94.6,38.79,29.2,14.67,25.9,547.7,93.0,4,97.08
1975.1,32.4,11.5,49.29,3.83,60.7,477.5,69.8,2,10.41
2761.3,53.2,17.76,25.99,6.5,44.7,504.6,95.5,5,42.53
2379.8,91.6,36.21,47.64,14.51,71.2,182.3,102.1,4,335.59
1658.2,82.6,31.64,48.72,10.66,96.6,468.9,39.2,5,141.93
2762.1,103.7,24.14,34.13,9.29,69.4,512.1,77.8,8,101.99
1183.1,24.7,19.32,30.33,8.56,47.6,580.5,71.3,4,56.84
2083.7,37.4,4.88,34.92,2.06,58.8,411.2,35.0,2,4.83
3046.1,24.8,35.52,34.37,13.51,92.2,378.6,63.9,2,67.26
2360.3,39.2,25.78,44.28,9.76,70.6,341.4,70.3,7,185.46
4207.6,20.4,18.12,49.75,9.0,82.3,465.6,99.9,2,22.76
1655.2,70.4,23.22,54.47,8.55,37.1,564.4,60.7,3,38.87
4864.0,72.8,13.67,21.2,6.49,77.0,419.9,18.9,9,73.22
4031.2,85.8,13.81,49.06,4.57,22.5,252.3,63.6,1,10.01
4854.2,58.5,26.2,32.57,11.57,77.5,157.9,102.2,7,305.75
4271.6,20.3,19.86,53.55,8.13,89.3,428.6,72.8,1,12.38
1139.5,87.4,3.76,23.03,1.48,91.0,539.1,45.1,10,13.64
2869.1,25.4,21.71,42.05,6.59,20.5,179.7,111.3,8,226.52
1264.9,106.6,35.41,41.95,14.0,84.7,328.9,27.1,9,538.97
4182.0,22.3,20.12,33.06,6.23,19.9,573.0,46.0,7,43.74
3128.7,73.0,26.29,58.81,6.79,53.1,375.8,58.1,5,73.12
1685.5,109.5,24.53,24.28,9.74,71.4,249.3,91.2,10,442.95
4683.2,77.2,34.62,25.46,12.22,53.6,309.1,101.9,8,261.41
1018.3,80.8,23.73,45.77,10.36,40.6,333.7,16.4,1,48.7
3037.4,88.2,35.44,40.57,12.9,71.5,202.8,97.1,6,370.17
3744.7,32.2,5.55,30.58,2.6,69.5,447.4,89.3,6,10.8
764.8,87.5,34.02,32.17,13.94,62.5,416.5,108.4,3,203.34
3190.4,108.0,35.02,26.28,13.65,57.6,441.5,109.0,5,146.03
4171.6,117.4,23.1,54.71,8.27,73.5,424.9,95.5,10,133.53
803.9,64.3,20.6,42.78,9.75,46.3,157.5,30.9,1,81.02
2805.1,54.5,8.55,29.79,3.98,16.2,228.5,44.5,10,94.71
1663.5,95.3,20.56,35.74,7.27,58.4,224.5,113.0,8,257.75
3483.2,74.3,9.72,56.27,3.84,75.1,194.1,75.8,2,17.29
1034.0,45.7,1.0,55.47,1.31,36.9,481.0,69.3,4,3.0
4716.7,37.2,35.67,22.76,14.73,22.7,204.1,110.7,9,509.51
4526.3,37.0,12.29,46.16,4.63,92.1,450.7,106.2,8,36.52
1336.9,65.9,23.93,26.12,9.3,87.7,230.3,90.0,1,47.82
1954.7,37.0,15.56,28.44,5.2,65.7,203.2,107.0,2,42.88
3144.4,22.0,17.63,54.57,6.19,80.8,223.1,22.5,10,182.14
3731.3,25.2,14.8,55.81,6.57,97.2,378.8,93.3,2,20.09
2492.0,113.0,13.86,23.31,5.69,61.2,440.5,116.2,7,54.59
1203.3,27.3,27.61,54.96,9.92,32.0,515.4,15.4,10,297.88
968.7,27.3,33.61,49.14,14.45,67.5,207.9,34.5,2,227.15
4998.9,65.1,16.92,51.03,7.0,92.3,427.3,97.3,1,8.91
2549.1,44.5,31.13,51.67,14.63,72.1,498.2,67.2,9,216.78
4426.4,116.3,25.72,40.29,10.35,12.4,290.6,19.5,10,250.09
2670.7,111.1,24.89,57.88,9.5,92.5,185.9,39.5,6,239.49
4650.6,60.5,6.01,28.01,4.32,77.8,220.2,45.6,3,19.05
894.9,64.9,3.12,40.2,1.88,46.2,191.2,45.3,1,5.21
1013.1,57.5,27.47,32.74,12.93,98.9,549.2,106.5,10,295.65
4683.3,23.8,25.15,52.9,9.04,75.0,319.5,82.8,8,158.75
4763.7,49.3,11.91,23.31,6.8,84.3,385.5,90.8,9,73.26
1916.2,32.3,30.21,37.35,12.37,94.9,495.9,11.5,8,227.74
2098.2,30.2,16.45,50.94,5.35,13.6,317.2,57.0,5,67.91
2536.0,76.1,30.1,32.49,11.97,79.7,442.1,45.0,5,140.41
2372.7,29.9,13.54,29.62,5.59,44.8,184.5,103.7,4,78.81
1355.2,30.3,34.99,30.5,13.89,88.2,366.4,114.9,8,481.54
4542.7,68.1,16.04,48.54,4.75,89.1,193.4,56.6,2,26.58
1639.9,64.2,8.41,31.47,2.93,84.6,261.7,117.0,1,8.02
3673.7,33.8,20.06,36.11,10.77,80.1,282.0,11.6,10,257.29
802.2,20.4,12.99,41.83,3.28,81.5,472.9,45.8,4,30.35
674.4,39.3,36.07,57.63,14.29,36.7,453.3,95.2,1,62.24
3441.8,43.6,25.31,51.77,10.18,46.6,486.2,49.6,7,111.87
2025.6,100.0,5.79,27.41,4.23,20.4,177.8,111.3,4,39.69
3449.6,111.5,10.13,55.32,3.92,84.8,597.3,34.0,3,9.4
923.1,60.6,31.42,53.79,13.93,68.1,174.5,97.5,5,619.9
4774.3,60.5,20.22,49.81,9.51,65.1,521.6,32.2,5,52.06
3868.3,91.2,32.67,40.68,13.51,32.1,483.1,31.7,7,161.85
4443.2,82.7,6.24,22.79,2.54,65.4,416.3,59.0,10,20.74
1114.1,38.4,32.69,48.46,13.96,50.9,347.5,113.9,9,547.46
1940.7,30.8,23.26,40.73,8.28,99.6,490.7,74.4,9,139.27
2157.5,63.8,26.59,32.39,10.36,87.7,482.9,79.9,5,102.45
2917.3,76.5,14.82,20.4,6.22,57.3,211.7,11.1,6,90.74
1835.9,33.9,4.34,29.24,1.83,82.8,506.7,16.2,2,3.14
772.8,49.3,33.78,44.23,14.41,24.8,185.4,17.4,6,796.05
2160.0,50.6,35.58,24.49,14.92,19.1,375.2,100.2,7,343.75
1645.5,46.1,17.79,46.22,6.1,66.8,440.3,36.1,9,120.49
2236.6,66.1,31.56,52.79,14.21,75.4,519.8,46.2,1,26.43
1386.3,85.3,14.08,32.73,3.35,14.8,358.4,77.1,9,82.55
1678.5,70.9,11.04,23.28,3.17,28.1,256.6,74.2,6,53.56
3321.3,40.1,1.0,25.59,2.02,58.4,370.8,55.2,1,3.0
2246.7,30.3,17.15,34.32,6.48,15.7,262.6,10.5,10,175.94
2054.2,102.2,9.11,52.54,1.73,48.2,387.9,59.5,5,13.66
2902.6,67.9,18.17,45.37,6.53,53.4,358.1,91.3,5,64.3
3973.4,26.2,7.52,54.72,2.94,93.0,501.2,35.9,2,4.66
2204.9,45.8,27.64,59.78,11.23,38.4,258.0,87.9,1,47.49
3143.8,100.4,31.67,28.1,12.67,25.2,240.0,11.7,1,43.7
4847.9,95.2,28.76,47.79,10.63,10.7,363.4,109.9,3,66.77
2848.9,107.6,6.51,38.66,3.81,20.9,172.7,114.5,3,25.97
4594.1,80.2,27.18,39.74,11.74,77.6,253.2,10.3,5,153.28
4071.5,62.3,17.25,33.02,4.49,50.0,309.2,60.4,7,61.25
764.2,62.7,28.85,33.7,11.63,27.9,369.4,55.5,10,594.6
2430.9,39.4,27.15,47.05,8.94,94.0,271.2,102.6,8,276.53
3642.4,85.1,25.06,44.83,6.13,80.9,402.3,69.5,5,61.53
4940.2,78.5,5.51,32.74,2.17,20.3,545.3,77.3,10,10.29
2562.7,35.5,27.35,24.74,12.59,34.2,394.7,32.3,6,157.92
917.5,108.6,33.76,43.13,14.16,86.4,279.1,18.5,5,432.42
3029.0,56.8,29.04,49.58,10.32,72.3,177.9,86.2,3,159.17
1069.5,25.0,39.07,42.34,14.5,95.1,211.5,78.3,5,589.37
3881.8,52.8,41.19,20.15,14.08,16.9,402.5,101.6,1,29.55
2784.5,107.0,10.46,31.29,3.72,79.8,457.7,102.9,2,8.71
3755.4,111.7,29.31,51.14,11.24,16.9,172.4,79.4,10,503.81
4412.1,69.0,13.41,49.7,5.89,40.3,233.5,69.2,2,24.98
3330.3,115.6,12.48,20.42,7.83,77.6,293.6,110.5,6,93.16
3256.0,107.5,9.24,38.81,3.2,74.0,293.9,98.1,2,10.68
3895.6,102.5,32.23,37.49,14.65,10.2,581.3,107.1,7,117.01
4291.0,106.0,29.61,46.09,11.17,28.2,241.7,119.5,10,365.83
4410.7,58.2,7.25,25.0,4.74,80.1,178.1,54.4,5,42.91
663.9,95.6,14.04,44.86,6.2,21.4,308.9,88.9,2,56.02
3002.9,77.7,18.71,57.88,6.91,39.4,210.5,85.7,1,22.87
1473.2,92.0,29.49,34.87,11.47,26.6,207.0,29.2,8,574.05
4371.6,37.8,33.97,33.49,13.96,20.0,333.4,80.0,2,73.44
3417.8,93.1,20.25,21.13,5.5,85.3,287.9,57.1,4,55.66
2391.0,115.8,24.22,22.3,7.62,15.5,191.3,59.6,9,316.39
1346.5,50.3,21.35,57.26,9.3,58.2,421.9,29.8,6,163.25
2025.6,118.6,21.79,59.02,6.51,72.3,375.8,91.9,9,148.89
3667.0,57.8,25.82,20.23,8.06,15.2,184.7,86.8,9,300.47
1419.6,40.0,7.33,56.03,2.48,67.0,538.2,68.6,7,19.61
921.1,31.2,9.84,26.96,3.35,40.1,278.1,27.2,10,111.9
4496.1,98.5,17.06,42.45,6.62,85.0,582.6,71.3,1,5.58
3938.9,75.5,31.83,47.13,13.81,81.8,569.2,21.0,3,64.12
1399.1,50.7,13.91,34.36,5.89,81.5,345.3,47.3,3,48.88
1815.4,80.8,16.3,41.16,4.5,45.9,252.9,51.0,10,153.9
4874.3,53.2,29.53,45.1,11.4,84.0,525.7,107.2,7,92.85
3686.8,64.8,33.2,27.76,14.29,66.7,312.6,55.7,3,122.47
3247.3,106.3,16.31,59.77,7.43,44.1,223.6,75.8,3,62.82
1884.3,86.8,2.3,28.16,1.12,17.3,398.2,106.2,9,8.28
1846.1,96.2,25.97,20.41,10.63,16.0,370.2,56.8,9,272.41
677.9,78.3,20.4,57.77,6.81,32.6,532.5,107.2,1,16.77
3778.2,119.1,23.41,37.17,10.43,37.0,478.2,25.0,4,62.55
694.3,44.1,15.95,35.94,4.89,93.5,544.3,50.1,6,61.84
521.9,46.2,4.97,31.03,1.03,100.0,480.6,20.4,3,6.13
3782.7,29.3,15.82,21.03,5.82,22.9,439.0,71.7,8,59.88
4769.9,75.4,30.07,30.58,10.87,94.8,375.1,115.3,8,181.98
3904.3,81.3,19.49,35.73,6.5,73.6,594.4,82.3,9,48.93
2622.4,92.6,7.14,40.81,4.07,54.9,581.6,78.9,8,20.88
2687.2,53.5,15.99,38.31,7.5,95.9,532.0,40.6,9,79.12
2462.6,21.2,27.84,55.16,11.53,74.2,498.9,112.4,4,79.43
1960.9,83.2,9.21,56.45,2.67,63.4,409.9,61.9,3,12.24
2847.7,119.9,30.67,32.69,10.68,28.9,266.9,39.4,4,160.48
2440.2,49.5,25.98,58.38,10.34,32.0,543.9,118.6,9,133.22
3191.8,38.4,21.35,54.6,6.19,92.0,154.9,56.5,7,201.4
4541.5,48.2,33.42,57.11,14.58,29.4,252.3,50.9,4,189.36
4977.5,62.5,31.5,48.25,13.53,12.9,331.7,13.8,8,230.96
854.3,45.1,13.56,27.93,5.43,34.0,413.8,29.6,3,43.88
2231.1,54.7,2.85,27.81,1.44,53.3,402.4,99.0,3,3.56
1313.2,83.8,17.71,56.35,5.32,44.4,229.1,63.1,1,23.64
2084.5,54.5,2.58,40.28,3.87,94.2,197.2,115.0,10,64.31
1793.6,59.6,20.41,55.62,8.66,47.7,250.0,19.2,3,102.32
1285.4,24.0,37.33,48.82,13.86,90.0,306.9,77.8,8,617.33
3938.3,111.8,31.39,28.5,13.18,63.5,156.3,89.2,2,118.25
2733.3,60.7,17.37,35.39,5.28,57.2,461.6,78.3,1,8.19
4636.6,52.8,24.69,58.71,7.0,24.4,261.5,68.3,7,131.92
646.7,28.6,5.72,20.78,1.51,34.4,308.1,73.6,1,4.28
801.4,83.4,25.33,48.58,8.62,88.0,300.7,85.9,2,97.09
2314.7,106.4,13.6,59.15,1.89,80.2,380.3,105.0,4,14.4
861.2,24.1,35.73,24.17,14.14,50.3,536.9,47.0,6,257.0
1682.3,34.5,32.07,30.88,13.14,91.8,217.2,60.6,1,77.17
4937.1,34.6,13.9,41.88,4.0,83.7,303.3,80.0,2,14.39
1440.3,80.2,30.37,53.75,10.79,20.1,461.4,44.6,4,126.6
1391.5,112.1,22.47,40.26,8.95,64.5,169.9,29.7,8,423.15
3081.4,63.8,28.65,22.38,12.22,81.9,523.5,116.3,1,17.69
2741.0,54.4,24.77,25.09,7.66,82.8,582.8,31.4,3,31.02
3112.0,96.6,9.66,35.04,3.68,18.2,423.4,35.6,2,8.73
2195.3,94.3,28.48,32.9,9.96,30.2,580.4,78.1,4,52.8
4220.4,44.7,7.67,28.79,2.12,47.2,335.9,18.5,3,7.7
1123.6,36.1,28.6,53.61,9.18,32.6,336.8,13.7,7,295.7
2427.8,55.8,8.6,21.08,3.98,19.8,197.8,17.0,1,9.58
3603.9,97.6,23.8,53.17,10.59,66.6,166.0,23.6,10,377.27
4407.1,89.5,33.53,56.87,12.59,55.7,260.0,57.2,3,119.84
2163.1,86.6,4.44,45.2,2.53,23.9,365.2,101.2,10,31.37
3054.9,102.9,17.54,45.01,6.6,62.8,378.5,47.6,8,103.32
811.1,47.7,32.56,25.96,11.27,15.6,247.9,57.0,4,340.27
1266.4,54.0,4.22,42.73,3.29,44.5,425.8,76.0,4,17.56
811.1,24.2,23.75,35.01,8.93,81.3,231.5,43.2,10,680.43
3775.5,106.9,29.57,29.16,10.41,90.1,296.8,57.6,10,288.69
1796.3,78.2,15.65,43.33,5.97,32.1,238.1,52.5,7,149.49
3756.9,49.8,28.31,20.05,12.65,87.4,463.5,47.6,1,21.64
798.8,26.9,19.96,31.06,8.15,90.3,382.5,52.7,10,299.33
4381.5,92.3,21.97,46.24,9.78,64.6,481.2,11.2,5,73.9
4259.9,94.9,9.04,38.2,2.97,98.4,175.8,107.5,1,6.8
900.2,86.6,4.22,25.83,1.32,32.2,341.4,117.5,9,23.11
606.9,40.4,4.39,20.05,1.71,16.2,585.1,104.9,1,3.0
753.3,111.3,34.8,30.82,13.65,85.9,174.1,10.6,4,472.67
4341.3,95.3,37.46,41.96,13.36,54.2,338.3,92.6,1,31.41
1556.2,85.8,31.29,41.38,12.31,41.2,168.2,73.0,5,468.32
2967.2,85.1,14.76,25.24,3.79,15.0,216.0,20.4,9,98.5
2418.1,110.4,25.96,44.55,8.36,15.8,358.1,112.6,2,46.98
4079.9,112.8,28.18,59.96,12.15,18.2,220.9,95.4,2,86.47
2700.0,79.6,26.85,43.39,10.45,26.5,383.4,26.0,10,227.13
2753.0,61.7,6.74,41.11,2.62,97.3,565.2,116.0,2,3.21
4950.9,56.4,28.69,44.91,13.54,35.3,240.2,23.9,2,74.88
1175.6,101.9,10.54,55.19,3.25,83.5,198.2,60.0,6,77.97
4238.2,84.5,6.68,57.84,3.41,11.7,521.4,27.5,3,6.4
732.9,27.7,34.77,21.64,13.61,39.0,357.1,26.5,10,746.6
2649.4,34.2,15.24,28.2,7.78,91.6,547.2,116.5,2,16.19
4488.5,110.0,16.82,24.63,6.22,26.7,287.8,72.9,6,76.23
3493.5,108.4,17.42,50.89,8.75,35.6,432.4,38.5,10,136.76
3583.5,115.2,37.92,21.82,14.74,84.4,565.5,95.4,8,173.93
1684.9,62.8,6.97,56.11,2.67,20.9,227.3,106.3,1,7.35
2383.6,98.4,27.2,20.82,11.6,14.8,510.3,110.9,2,38.19
2149.6,102.8,18.44,44.1,5.68,96.9,434.2,112.6,2,23.16
2846.5,51.6,7.1,31.02,2.64,46.4,515.8,109.6,10,18.53
2580.0,34.5,18.22,38.82,6.91,69.2,226.8,80.3,3,64.05
1971.0,119.7,21.37,37.68,8.68,21.4,345.3,47.7,1,23.67
1874.7,23.0,12.45,49.96,3.88,29.8,208.0,111.8,4,58.2
1628.8,79.7,20.48,39.87,6.67,51.4,582.0,23.5,3,34.9
2142.7,85.0,27.28,36.85,9.9,70.8,178.2,28.6,2,94.78
1174.7,88.2,21.46,49.21,9.07,36.4,179.5,57.7,5,280.19
4424.5,45.6,31.21,57.03,11.12,89.6,554.2,41.2,10,131.09
3209.5,92.2,28.48,51.76,12.71,80.3,285.3,77.7,3,113.2
1102.0,41.6,15.25,49.47,6.73,59.6,418.7,109.6,10,181.69
3622.4,102.9,17.54,39.51,6.92,51.3,279.4,64.0,7,114.21
4314.5,41.9,23.43,56.01,7.95,65.8,441.9,70.9,4,50.84
1568.9,89.7,19.03,39.45,8.93,75.8,236.6,56.5,7,257.5
1177.7,98.3,10.46,57.21,2.52,22.1,356.5,87.8,4,25.67
538.8,38.9,14.2,52.12,5.38,86.7,390.1,21.1,3,64.47
712.6,43.8,8.53,26.01,3.41,54.0,300.1,15.3,3,35.73
3930.1,97.9,20.02,21.88,6.4,94.2,263.3,80.5,1,16.77
4942.3,28.6,33.23,49.63,14.63,96.0,213.1,68.8,7,376.71
702.0,39.1,29.92,47.43,9.16,12.8,467.8,54.8,1,36.17
3866.3,65.6,17.6,44.08,7.01,44.6,225.7,46.7,2,35.92
823.4,113.0,22.97,59.05,8.92,57.4,281.5,15.7,1,49.68
3164.6,76.2,30.47,41.82,10.37,58.6,301.6,84.9,1,32.22
3902.3,58.8,18.83,33.92,7.09,84.0,354.5,56.4,10,125.98
2116.4,117.8,22.28,42.6,7.27,22.7,466.2,59.0,1,14.36
549.2,66.4,21.03,21.14,10.82,66.0,342.6,108.3,7,429.42
3178.4,63.4,4.93,43.17,1.85,94.8,542.0,91.1,4,4.02
4960.6,61.2,22.88,56.1,8.56,99.7,455.9,34.1,2,22.82
1659.3,51.2,25.17,20.17,8.66,10.9,527.3,82.3,3,44.43
1352.7,52.6,30.98,53.81,11.59,97.5,472.4,24.5,1,31.4
1057.7,88.8,37.97,52.08,14.76,21.0,216.9,31.3,4,444.21
2998.7,24.1,33.11,24.24,12.14,58.3,590.1,88.6,9,143.87
3184.0,88.2,21.95,53.87,8.05,32.2,504.0,23.8,7,83.15
4065.2,40.1,3.33,50.54,3.37,64.6,407.7,40.8,9,21.11
3888.8,58.4,27.57,39.64,9.24,13.3,224.4,108.8,7,224.74
4516.4,34.7,28.65,29.81,12.68,31.4,227.7,91.2,10,410.71
4126.0,75.3,35.26,31.52,14.05,37.1,426.4,112.2,2,53.11
1612.7,92.9,31.42,44.49,12.55,92.4,337.3,107.0,2,103.72
3001.4,55.5,10.53,29.85,3.65,62.5,454.1,44.4,5,20.24
1838.4,36.3,23.93,33.01,10.98,73.7,317.6,79.6,6,224.9
1984.0,42.7,26.82,57.23,13.32,70.8,380.8,51.7,8,295.17
4693.7,101.8,23.22,49.17,10.53,45.3,234.6,86.7,2,57.71
3568.5,46.8,28.86,49.44,10.6,11.3,219.8,48.3,2,78.36
4885.7,97.5,16.07,58.24,8.0,19.6,184.0,10.1,8,148.5
2376.1,53.1,22.17,20.23,9.92,51.3,518.8,20.3,6,108.97
2918.5,38.9,15.03,29.78,5.12,94.7,399.9,94.8,5,41.81
2692.0,92.7,4.08,46.32,2.24,32.4,576.2,19.2,3,4.34
982.8,66.9,29.32,37.53,12.59,72.8,487.3,75.9,7,262.67
1565.2,23.1,34.91,24.51,14.2,84.4,495.9,104.4,9,334.43
2874.4,116.0,32.74,51.25,13.0,91.6,379.1,91.5,1,33.4
803.2,34.8,11.91,21.88,5.67,36.4,517.0,55.5,1,10.89
4691.6,55.3,7.73,41.75,2.31,93.8,573.9,32.9,8,11.5
1057.3,58.5,14.52,42.5,4.92,64.7,474.8,111.5,9,89.72
1390.9,68.9,27.62,45.44,12.8,55.8,197.5,72.3,3,250.6
3943.9,98.5,26.06,32.63,10.18,80.1,443.0,54.6,8,148.71
936.2,20.6,33.28,20.94,14.53,31.5,204.2,113.6,9,1050.12
4551.3,113.2,15.71,55.56,5.8,83.1,184.8,33.7,2,32.78
3765.7,84.6,24.23,57.17,8.72,68.5,461.8,58.7,2,25.76
808.8,115.1,29.21,39.28,12.06,81.9,525.7,22.0,2,85.99
3613.3,101.7,14.57,20.83,4.28,87.0,221.5,23.7,8,87.32
3342.3,112.8,37.72,43.23,14.5,65.6,183.4,53.8,8,591.38
3908.1,80.1,26.1,32.64,9.29,13.3,548.9,87.0,2,20.85
4226.9,55.7,5.76,27.3,1.11,36.8,209.5,47.3,2,3.43
3732.6,64.3,8.41,26.76,1.35,89.0,165.8,85.9,7,21.98
3137.8,85.8,33.86,27.17,13.35,66.4,474.5,98.6,9,220.3
1951.1,62.7,20.08,33.23,10.03,90.1,531.5,106.5,8,116.89
3637.7,93.2,26.49,31.22,11.68,44.6,381.5,14.9,2,50.4
4806.4,29.2,28.91,53.46,11.98,55.4,393.0,95.1,4,80.5
3143.8,103.0,17.58,39.81,6.89,87.6,301.6,26.2,1,15.95
3489.6,40.4,31.09,37.11,12.18,78.6,257.3,86.8,3,135.9
2467.1,114.4,32.07,25.83,14.13,44.0,489.9,50.9,6,177.16
3902.5,35.6,15.87,55.04,3.41,12.0,532.2,87.9,4,12.73
4989.5,32.9,28.6,22.19,11.7,89.2,294.6,33.5,7,222.65
1221.8,101.2,14.19,29.58,5.31,80.8,273.2,80.9,3,58.41
1410.8,101.9,12.64,44.86,5.5,50.4,270.5,23.8,6,104.83
2927.5,93.9,14.58,48.09,6.78,59.2,172.8,28.7,7,142.08
2666.2,116.1,31.73,52.05,13.09,28.4,276.5,77.6,2,96.91
3072.1,47.1,5.09,36.41,1.31,47.1,161.5,47.0,1,3.0
720.8,102.7,18.01,33.87,7.07,24.7,504.8,87.4,4,70.33
2319.2,55.2,31.16,31.54,10.52,29.0,265.2,85.4,1,40.62
3123.4,73.7,7.48,42.72,2.55,86.2,460.6,78.4,2,4.85
3133.4,64.6,29.55,33.95,12.09,42.6,394.4,90.4,3,83.35
3458.0,20.6,37.08,33.12,14.19,83.3,526.9,97.3,4,90.46
3741.0,77.4,6.71,20.68,2.27,52.7,582.2,110.3,3,3.46
3387.0,94.8,10.84,57.93,3.14,16.4,315.3,18.9,1,4.99
4056.1,37.5,31.83,22.42,14.64,42.5,189.8,72.9,2,119.26
3311.4,113.2,6.86,30.83,3.77,24.2,487.3,92.4,9,26.87
2918.8,73.0,7.21,56.86,2.11,72.4,159.6,33.9,8,40.39
3227.9,37.8,34.27,49.41,14.33,92.0,250.3,39.0,5,276.45
955.4,84.6,30.62,43.13,13.5,78.7,174.0,39.4,1,110.28
1729.2,39.2,25.78,46.43,10.18,80.1,554.2,73.0,4,70.17
2873.3,26.4,22.68,23.88,8.72,87.6,152.4,50.3,10,398.19
4428.4,88.5,31.77,52.35,13.87,79.9,371.7,83.3,9,255.84
3555.7,31.1,23.85,30.0,10.18,61.2,340.8,77.1,8,187.01
906.8,30.6,26.15,58.25,10.22,74.3,443.7,82.3,3,100.52
3165.2,94.0,28.4,29.25,12.81,47.4,280.4,37.8,5,208.88
1497.8,25.5,23.52,45.01,10.15,16.4,543.2,94.4,1,18.6
3803.1,101.0,22.12,41.81,8.05,73.5,480.5,83.0,9,98.65
4223.5,99.6,16.78,25.72,6.46,74.9,344.5,24.4,2,20.48
3170.6,34.1,19.07,34.52,8.04,30.1,311.1,32.0,7,125.76
3161.1,71.8,18.41,51.25,8.31,95.9,517.1,43.1,3,30.34
2023.7,29.7,12.88,28.5,6.05,14.7,490.7,113.0,6,46.24
2508.1,83.3,18.33,58.51,7.27,76.2,329.6,45.9,9,156.74
4388.5,26.3,36.2,31.82,12.23,97.2,303.6,12.2,4,140.22
3754.9,114.4,19.41,45.07,6.83,37.8,167.5,25.6,1,23.38
2838.9,40.8,1.12,44.75,1.36,92.1,186.8,13.5,7,7.62
2157.0,88.3,15.53,38.83,4.96,84.4,174.3,54.3,6,125.05
726.7,32.8,9.49,46.21,4.24,77.0,161.0,97.7,2,51.09
1143.5,41.0,29.84,49.74,12.11,95.8,218.8,59.5,1,81.35
1368.6,65.1,17.0,44.76,7.29,68.9,535.7,102.3,6,73.76
2180.2,77.3,19.39,42.4,4.92,54.5,509.2,15.2,7,59.53
4748.6,119.9,27.0,44.27,12.35,70.8,530.5,61.7,2,28.32
2773.2,22.6,5.86,36.08,1.27,47.1,430.7,96.6,6,6.79
1556.8,20.0,7.85,22.83,3.44,39.2,430.8,84.2,5,23.84
975.9,55.0,33.14,26.39,12.58,17.4,205.8,103.8,2,192.05
2022.4,56.6,22.91,44.27,8.71,44.0,464.5,40.1,7,118.77
4170.8,108.4,32.98,57.09,11.83,82.3,276.0,65.1,7,255.29
2225.0,111.3,33.44,21.03,12.73,95.1,383.7,84.5,2,74.08
3976.3,108.1,32.55,41.76,14.19,97.8,579.6,28.5,7,132.68
4112.2,34.3,15.09,30.08,1.89,28.6,541.8,99.7,3,4.74
998.7,61.2,31.7,42.47,12.19,61.4,254.9,44.3,6,516.91
3239.0,94.6,25.47,49.99,10.92,61.8,481.5,20.3,9,160.94
4815.9,51.3,11.58,49.42,3.9,25.8,196.8,94.2,10,82.0
2309.6,86.3,36.19,49.0,14.04,62.3,162.0,87.6,3,259.88
729.2,43.7,19.09,51.16,6.66,42.6,162.7,107.2,4,221.85
4654.9,52.3,34.37,22.9,13.43,94.8,226.6,108.1,1,48.97
4476.5,106.0,26.68,40.38,9.47,33.0,462.7,40.6,10,145.75
2849.6,45.1,23.87,30.47,8.37,85.1,313.5,80.5,4,98.09
2985.1,116.4,6.89,56.85,3.23,90.7,157.2,119.9,9,73.42
1452.8,50.6,40.07,51.32,13.8,76.2,594.6,36.8,10,308.78
4187.5,22.4,28.13,24.3,8.79,29.3,390.0,62.0,5,92.36
2743.7,45.5,6.9,29.73,1.09,33.4,327.2,110.1,7,9.58
652.5,37.1,5.0,38.21,1.26,97.4,383.5,21.3,5,13.65
3573.6,70.7,29.51,58.52,11.89,16.8,384.0,112.1,6,158.94
4777.2,31.3,8.54,24.39,3.27,20.5,361.6,63.7,3,11.78
4231.2,82.6,23.0,42.72,9.38,98.1,425.8,108.2,9,118.69
1747.4,107.5,19.67,33.65,10.54,79.9,548.5,78.4,2,30.58
740.0,56.3,17.89,45.85,4.91,77.2,285.8,83.9,7,167.39
4731.6,36.8,26.16,45.95,8.97,24.4,369.1,95.0,10,153.52
4716.8,60.0,7.01,29.62,4.36,54.0,151.6,17.4,9,69.63
2895.9,98.6,37.44,51.43,14.25,85.7,536.9,79.1,8,195.78
3390.4,79.1,31.97,23.65,13.04,39.6,287.7,111.6,7,314.96
2581.7,30.1,12.98,52.73,5.03,27.3,272.1,115.2,10,122.86
2388.9,73.7,22.81,28.48,8.4,11.0,598.9,116.5,9,87.51
1037.5,66.8,15.19,43.58,8.01,66.0,413.0,81.0,3,62.86
935.4,52.7,35.18,33.89,14.44,36.4,205.4,79.7,7,889.91
1547.3,31.0,17.23,44.39,6.52,87.7,269.5,70.8,5,128.63
4264.9,118.1,22.65,30.7,8.87,35.5,309.0,76.8,3,59.55
1156.2,37.6,30.1,42.76,14.0,23.6,593.7,77.3,9,259.14
1520.1,39.3,10.88,20.33,3.28,96.4,343.8,14.7,1,7.14
2968.8,34.6,25.21,34.98,8.71,96.8,253.6,19.8,2,58.06
1468.1,77.0,8.92,53.06,2.48,71.7,406.4,78.1,2,9.09
1234.4,64.4,23.5,38.52,9.64,93.6,332.1,44.6,3,119.25
3034.9,45.0,24.14,39.97,6.12,24.6,174.7,43.2,6,145.26
2156.4,62.9,32.68,44.86,14.55,51.4,537.4,31.3,10,288.93
3317.7,87.4,20.0,37.37,6.82,28.4,157.1,98.1,10,282.26
4604.9,48.2,9.42,54.68,2.91,53.1,554.3,116.1,10,17.94
1179.5,111.5,37.19,36.13,12.68,81.2,506.3,79.1,8,290.33
4610.5,50.6,31.89,57.7,12.49,86.0,184.1,114.0,5,267.25
4561.2,39.8,28.48,55.08,10.73,10.4,475.6,107.2,8,111.17
4230.9,115.5,29.93,36.84,11.48,45.1,496.9,34.0,3,51.22
3340.8,101.1,9.65,34.63,4.71,99.5,421.0,26.9,7,36.1
3290.7,54.3,22.37,47.07,9.99,63.0,410.0,33.3,1,19.3
3376.5,104.1,4.7,50.21,1.53,36.7,172.4,20.6,10,26.09
3607.2,71.9,13.51,27.43,3.76,45.0,176.8,74.1,10,130.33
574.2,54.7,35.02,29.64,14.05,39.0,477.3,41.1,8,540.76
4811.4,104.0,27.48,25.85,11.35,50.3,197.5,110.4,2,79.88
3135.2,95.2,15.84,50.43,4.23,50.0,258.8,77.5,3,33.58
4016.6,49.8,1.94,48.58,2.56,55.6,374.5,49.6,8,11.07
2197.8,80.7,30.97,27.56,14.28,51.8,223.9,118.3,5,357.03
555.8,56.9,1.0,41.47,2.57,56.5,505.4,114.9,6,10.48
2793.8,20.1,16.2,50.57,4.6,12.5,513.3,95.6,5,24.46
2782.4,116.2,9.89,57.88,3.56,14.9,529.0,97.1,9,28.29
2466.5,75.0,7.44,27.14,1.1,43.4,172.3,117.5,2,6.1
2028.7,79.8,14.09,32.17,5.4,89.6,342.5,76.1,5,67.73
1624.2,80.0,38.74,33.93,14.64,81.2,531.1,106.8,3,97.72
2874.0,75.1,14.93,45.0,5.79,19.9,313.4,17.1,7,83.23
2188.8,49.0,21.77,25.46,8.06,54.5,463.1,70.9,3,45.43
4864.7,117.2,29.11,27.74,11.44,64.4,415.2,65.3,3,58.12
1278.2,82.2,23.06,51.22,8.72,53.3,306.2,14.1,2,69.95
1938.5,87.1,33.3,41.68,11.41,72.8,274.4,19.6,9,416.38
1822.8,65.5,20.73,26.42,10.26,99.8,443.7,12.4,3,71.5
2944.9,48.8,23.69,35.54,9.52,18.7,210.1,42.3,9,313.21
2746.8,26.4,25.81,25.38,10.1,56.4,537.1,15.9,10,172.78
3396.8,55.0,30.18,34.51,12.19,56.1,409.4,56.5,10,265.76
4775.0,37.6,25.97,36.01,10.94,60.6,200.2,99.4,4,141.23
1783.5,86.2,28.19,24.48,12.08,25.0,466.6,77.5,7,192.42
3617.5,107.9,13.58,22.39,3.04,67.5,344.0,84.1,9,47.41
612.7,50.3,25.91,55.26,10.49,14.0,241.8,13.5,1,75.44
1680.7,53.3,35.35,55.51,11.32,76.7,582.5,102.3,1,22.66
2586.7,87.0,15.54,20.1,5.2,69.7,473.8,26.1,3,23.86
639.5,34.9,31.59,45.65,13.24,39.7,416.8,43.3,10,608.31
3279.5,112.9,15.77,23.75,5.27,99.0,532.0,66.8,1,5.24
3552.4,56.4,12.48,52.41,4.41,84.6,394.7,112.3,8,46.13
3860.3,30.1,36.25,55.18,13.14,58.6,348.7,119.8,9,298.01
2824.6,37.5,8.75,44.66,4.46,99.1,235.3,96.1,10,102.11
3217.8,113.3,12.28,44.53,6.82,84.7,219.0,90.2,6,100.99
2282.3,44.7,17.23,34.86,6.15,22.4,344.4,68.0,6,86.75
685.6,86.2,35.72,29.98,13.57,63.2,355.2,83.2,8,695.11
949.8,35.6,19.82,39.97,7.37,62.3,480.0,25.9,7,139.51
3447.5,39.4,28.67,25.35,10.72,68.8,348.9,39.6,8,218.98
4980.0,107.9,31.44,46.89,12.12,94.7,416.9,118.3,4,75.54
571.1,34.8,20.08,38.8,9.79,54.3,524.6,117.8,10,266.19
3009.1,21.9,35.53,27.1,14.21,17.0,597.0,45.5,5,96.57
3879.5,70.1,34.09,43.53,12.24,53.1,295.1,36.5,3,111.3
4220.5,106.3,17.7,51.81,6.6,80.9,555.9,35.2,8,49.55
2953.4,52.6,30.99,43.55,14.31,42.3,512.7,63.3,7,181.01
3289.6,32.8,20.19,41.19,8.34,12.4,180.6,34.6,1,27.25
3635.3,118.2,6.7,53.91,1.32,37.3,300.4,81.3,2,3.81
4365.3,87.7,18.06,20.43,4.64,71.4,248.6,18.2,1,11.02
1050.3,105.1,18.45,44.67,9.7,17.7,449.0,21.4,6,164.82
4667.8,95.2,10.43,36.39,3.2,43.8,399.9,40.5,9,31.68
617.1,89.8,20.31,27.74,9.18,22.0,372.7,95.5,4,181.8
4262.9,58.5,17.47,59.18,6.06,52.8,493.6,45.6,2,15.26
845.3,52.4,23.27,36.15,8.48,22.7,300.0,61.8,9,399.02
1375.8,91.7,3.66,33.41,1.03,19.8,322.2,82.2,8,12.66
517.5,91.7,33.51,26.76,12.88,72.8,539.5,96.7,6,270.89
2503.7,115.1,19.37,59.91,6.07,24.2,587.5,43.8,2,13.6
2004.6,76.9,8.32,54.24,2.96,23.9,499.4,90.4,7,22.25
1247.0,49.5,14.39,22.8,7.13,63.3,247.7,41.5,4,115.3
2529.9,69.0,24.23,42.63,7.81,13.9,200.7,80.9,3,94.64
2310.7,81.4,27.31,25.9,9.92,13.0,244.1,59.6,3,126.71
3954.5,62.7,22.88,48.63,8.34,48.8,340.2,111.9,1,17.98
4519.1,99.1,3.63,39.36,1.61,42.9,256.5,118.0,5,8.26
3436.6,78.5,35.32,24.42,13.2,59.0,555.5,95.2,8,139.14
1059.8,20.9,25.13,42.28,7.39,99.4,451.8,110.7,9,198.8
1829.3,77.0,6.42,56.43,2.08,49.1,337.5,25.0,8,29.72
4609.9,83.4,29.47,33.65,11.82,61.8,273.2,82.0,9,304.08
899.3,111.5,22.36,22.03,10.24,92.7,321.3,31.8,10,492.67
2330.9,61.4,23.05,57.81,10.09,53.5,364.2,40.5,3,74.62
4741.3,77.4,14.82,25.67,6.98,80.3,471.2,67.5,5,34.68
4778.0,67.5,17.91,39.0,6.75,59.4,190.2,91.6,4,79.61
2350.4,73.2,20.55,41.79,8.51,67.3,532.0,89.4,7,75.81
3503.3,26.7,7.05,29.48,1.71,93.9,207.4,105.6,9,30.81
2555.4,109.7,11.25,27.1,5.19,10.1,268.1,71.5,9,112.8
3890.6,111.0,35.61,24.53,14.83,91.1,597.1,111.9,1,16.37
642.1,74.8,22.76,22.8,10.27,54.8,235.6,107.7,6,472.84
1148.7,75.7,18.35,40.33,6.87,64.6,195.5,103.4,2,80.16
3263.9,25.8,6.56,53.68,4.11,50.5,437.3,35.2,4,15.0
1546.5,79.8,28.75,25.07,11.43,33.5,326.9,68.5,5,213.87
3497.2,62.9,11.85,48.02,4.64,15.9,191.3,91.0,7,87.7
2080.5,90.9,10.07,36.5,3.27,95.1,151.7,117.4,8,104.37
4489.9,24.7,4.32,21.41,3.16,66.1,185.6,11.3,10,42.07
4186.7,91.1,29.75,41.44,11.21,88.6,385.2,46.0,4,89.91
2717.8,48.7,24.1,30.08,10.0,36.2,253.9,47.7,6,203.52
3978.0,85.2,7.2,44.21,1.98,35.0,499.9,41.7,1,3.0
1720.1,82.7,2.39,33.97,2.61,40.2,535.9,99.9,2,3.0
2724.2,42.7,20.98,46.66,9.87,30.8,215.2,15.0,10,336.99
1388.7,64.0,21.52,56.74,9.0,54.8,301.7,49.5,10,371.39
4374.0,103.6,30.52,29.78,10.6,94.3,216.0,88.3,10,421.35
4203.8,80.6,11.61,57.59,3.49,88.8,279.0,54.7,3,17.95
4559.7,26.9,28.09,28.17,11.17,54.6,257.6,25.8,7,222.62
4448.6,64.3,31.67,22.83,14.11,41.4,504.1,77.2,3,59.31
4818.2,51.2,20.34,27.71,9.41,65.1,305.5,67.5,7,131.86
1527.5,84.2,11.45,52.6,3.75,65.1,373.0,118.0,5,38.35
4693.2,81.5,28.28,47.1,10.51,71.5,453.3,92.3,10,157.21
3070.5,21.0,15.97,58.83,5.8,58.2,520.0,118.5,4,27.79
2401.2,80.8,11.02,48.39,1.69,12.4,285.5,30.5,7,26.47
3021.7,93.5,11.99,36.51,5.23,16.8,244.1,93.8,7,86.09
2041.7,96.9,34.0,55.7,13.68,97.6,590.3,70.7,8,173.32
1798.5,25.9,12.46,58.33,6.76,77.2,294.1,88.4,1,17.33
1585.9,50.4,32.78,51.67,13.11,95.3,452.0,61.4,5,183.09
870.9,62.1,25.09,42.27,8.12,40.6,455.0,33.4,5,142.97
2734.5,38.0,17.82,53.03,8.24,58.1,381.3,15.0,3,48.24
4494.9,62.1,6.99,27.16,1.07,39.0,252.8,102.2,9,12.04
3335.7,27.1,29.14,56.01,9.92,91.8,213.7,99.6,9,365.56
2844.4,31.3,5.7,59.98,2.51,35.9,369.2,27.9,1,3.0
2428.7,86.9,21.12,46.61,7.7,72.4,379.9,81.0,7,118.1
2589.8,46.3,17.42,27.84,4.64,25.8,498.0,91.2,9,53.91
1441.7,91.1,17.63,25.78,6.49,19.5,469.4,71.3,3,39.99
4203.2,24.8,23.95,58.38,8.52,24.0,560.4,44.9,7,63.96
1392.7,76.3,1.0,54.85,1.2,57.7,586.9,106.9,7,3.0
3724.8,59.1,15.26,49.95,4.98,86.0,477.5,80.7,1,5.88
3919.9,99.7,37.72,57.96,14.85,99.9,184.4,89.2,9,616.52
3086.9,98.4,2.17,40.14,1.8,66.0,332.3,81.7,8,10.68
4383.2,57.6,11.69,55.51,5.47,58.0,424.0,89.3,3,17.92
1809.7,82.3,16.46,26.51,5.5,80.8,415.6,26.0,4,47.13
4467.3,42.8,15.61,27.31,6.31,15.7,231.6,111.5,8,110.79
3782.3,78.0,29.69,40.49,10.59,82.8,412.3,41.4,9,206.93
4094.4,28.1,13.21,33.3,4.47,78.3,307.4,102.0,1,8.22
3490.6,63.5,19.29,37.3,7.44,57.7,302.5,108.3,4,68.79
4308.5,38.3,24.55,51.93,10.03,12.1,525.3,81.6,7,71.99
4968.9,108.3,15.56,22.14,5.51,28.2,339.9,75.8,2,17.08
2390.7,64.5,37.26,48.83,14.28,43.3,387.3,22.0,10,423.79
4162.6,79.1,37.45,23.53,14.72,94.7,403.3,58.0,3,94.92
3850.6,56.0,6.88,53.9,2.68,67.5,403.3,77.3,9,20.5
2537.9,48.9,19.09,28.08,5.81,55.9,245.9,19.0,1,17.58
4671.3,40.3,12.97,49.4,3.91,54.0,419.8,22.3,9,40.96
2274.9,111.2,11.47,43.68,3.62,80.2,300.6,119.3,1,8.15
3044.6,99.9,20.38,35.42,7.87,39.1,444.8,46.5,7,89.96
976.7,33.3,23.96,30.7,8.89,18.5,215.6,48.5,4,232.43
1516.0,94.7,12.51,22.3,6.96,70.9,597.4,37.7,5,46.22
4283.1,61.9,13.8,34.14,4.82,39.6,497.4,81.1,2,8.78
2284.5,21.5,18.19,28.02,4.9,39.3,337.8,62.0,7,82.12
2273.4,72.8,36.91,25.44,14.89,50.9,285.6,96.9,7,408.77
1606.9,33.0,34.29,49.54,13.93,31.8,324.5,66.4,4,233.07
2712.2,41.0,4.96,28.5,2.06,93.0,474.5,11.7,5,8.48
4126.2,89.6,26.92,28.93,10.19,86.2,444.9,63.1,6,102.66
4528.2,45.7,18.43,33.62,7.4,99.2,465.9,16.1,7,67.81
815.5,109.2,30.41,38.51,10.64,96.8,550.0,100.9,6,176.1
3086.7,85.7,20.93,40.55,9.36,38.3,355.3,22.5,1,22.01
2602.7,103.2,31.58,46.58,13.45,44.3,451.3,33.9,6,172.16
3264.3,81.5,4.65,43.54,1.94,72.8,348.7,60.6,4,7.8
2512.7,106.9,21.06,39.27,5.89,11.4,437.1,31.5,5,60.85
2293.9,56.2,35.46,35.76,14.8,99.4,363.7,69.3,4,191.67
2623.5,74.9,8.53,30.63,3.55,11.0,499.5,60.7,4,13.9
3119.0,71.6,2.13,48.4,2.78,57.8,152.4,114.8,3,12.3
2754.4,110.4,25.04,32.7,11.21,70.2,247.1,19.7,4,159.3
2624.7,36.5,30.92,53.98,11.88,92.3,283.4,73.4,8,355.73
4180.3,77.8,27.52,43.45,10.41,68.0,575.4,89.2,3,34.28
3855.4,95.4,27.34,45.36,11.87,63.7,378.2,24.0,8,199.45
2036.2,57.0,24.85,40.35,10.71,37.0,314.0,80.0,5,185.18
4102.6,106.8,14.25,57.14,2.9,63.2,331.9,105.1,7,34.09
4341.4,57.3,31.97,36.86,9.52,77.5,353.3,96.6,2,45.82
1190.7,37.3,32.76,37.08,11.88,56.4,540.5,112.9,3,79.92
3122.1,78.4,36.85,55.72,13.12,80.2,583.1,89.3,10,160.89
1783.9,62.1,17.54,44.2,4.45,16.3,529.9,53.3,9,63.34
3826.3,21.5,15.05,37.97,2.78,40.2,528.7,111.2,1,3.0
1574.5,27.0,28.55,30.49,11.94,96.4,239.6,34.8,10,572.6
3521.3,39.5,9.93,29.8,4.59,39.1,270.9,74.2,9,82.23
1648.1,96.9,10.83,52.06,1.45,66.0,418.2,94.2,2,5.26
2800.1,109.2,27.98,31.18,12.55,56.8,445.3,106.0,3,71.99
4768.9,74.6,17.51,20.23,8.08,94.3,241.2,110.8,2,32.68
2215.9,30.6,11.8,20.78,5.57,24.6,485.8,19.3,9,73.14
4440.8,73.4,4.27,59.14,1.16,36.9,240.0,89.9,9,13.17
4941.3,105.6,1.0,42.39,1.49,87.6,268.4,32.5,8,6.01
4436.8,94.9,25.52,39.56,12.1,70.0,288.1,95.7,3,94.1
1246.4,49.1,18.2,56.72,7.86,58.9,530.7,87.1,10,138.21
4188.5,32.4,5.53,34.07,3.1,45.5,479.4,29.9,9,18.82
644.7,110.1,19.03,51.8,6.02,47.0,388.8,101.6,9,207.76
2269.9,105.4,9.64,48.87,3.31,94.1,518.9,60.8,4,13.13
4418.3,25.4,9.67,39.08,2.58,70.4,515.8,69.8,8,15.39
3599.4,102.4,14.6,50.99,4.87,93.6,325.4,116.9,7,64.89
2897.3,29.7,21.37,58.63,8.69,97.5,501.6,82.2,2,25.21
2245.4,26.3,14.03,28.02,3.94,59.2,242.8,74.7,6,67.37
4155.3,95.9,16.72,20.7,5.81,64.9,376.5,11.8,6,51.56
3693.0,73.6,18.73,52.86,7.69,69.1,203.2,31.9,6,135.43
2607.8,61.5,12.77,36.14,6.88,85.5,342.1,12.9,4,50.29
4516.2,110.4,10.0,41.78,2.8,69.3,384.2,46.7,7,22.61
1534.8,103.9,1.77,28.9,1.54,20.3,186.0,47.9,9,20.19
1266.8,25.8,6.58,53.67,1.5,94.8,358.2,68.3,7,21.01
3392.6,81.6,15.81,48.85,5.9,69.5,443.3,85.9,9,68.5
4874.0,97.2,23.36,58.13,11.06,88.3,426.3,29.7,8,144.52
1612.7,75.0,9.3,39.01,2.84,48.2,174.5,76.2,4,43.35
1623.5,118.3,30.21,59.06,12.02,52.7,192.9,110.9,8,578.26
1127.7,88.6,27.93,40.43,11.02,72.0,308.1,30.4,7,408.86
4372.5,30.4,4.87,44.86,1.06,79.9,529.2,82.5,10,5.29
1518.8,39.8,3.2,46.97,1.37,17.1,541.4,15.0,4,4.54
2764.3,102.6,12.35,39.59,3.73,46.7,289.3,68.4,2,16.44
4958.9,119.7,4.04,42.51,1.79,79.3,473.5,91.6,7,6.48
554.6,29.8,18.19,28.93,8.44,99.3,409.8,13.7,7,258.1
3004.2,30.0,7.6,34.49,1.55,11.0,592.5,46.7,7,6.9
2805.3,96.3,32.95,48.08,12.24,33.8,192.6,106.6,8,488.72
4133.5,26.4,21.99,21.56,7.9,51.8,396.5,34.8,6,82.0
2098.8,26.9,27.12,48.02,11.19,30.1,416.6,89.5,1,28.18
2346.5,108.9,22.65,32.15,11.51,12.4,288.5,77.3,9,348.51
1255.7,100.0,25.06,30.87,8.09,58.6,171.1,28.0,3,158.69
3833.7,108.2,28.23,47.74,13.96,68.4,173.4,91.6,3,173.09
4031.2,85.1,37.94,28.6,14.86,47.4,354.1,68.5,9,335.24
1115.0,52.3,22.2,58.47,6.03,43.3,461.6,22.3,8,130.2
2270.6,110.6,8.8,59.63,2.76,98.7,465.1,114.4,6,19.28
4518.1,49.9,16.87,38.32,6.09,53.0,231.4,64.1,7,101.08
512.2,47.6,12.63,36.06,4.13,81.8,536.1,92.0,1,9.23
1844.4,108.6,21.99,23.16,8.43,35.8,319.7,33.9,3,82.56
2997.7,88.1,23.54,51.13,6.3,84.7,584.0,25.1,3,25.41
2003.4,109.6,17.24,26.51,7.73,84.1,203.2,91.5,5,160.18
1724.2,35.6,25.97,57.32,11.68,34.1,526.4,84.1,4,81.81
2570.2,115.2,12.14,59.62,4.84,69.0,558.8,40.2,1,5.0
1316.9,81.3,26.83,24.9,8.52,71.4,520.2,92.1,7,127.13
2883.3,86.8,13.36,47.32,5.69,49.8,514.0,65.5,6,36.74
3680.1,111.4,30.87,38.64,11.99,79.6,312.6,48.3,4,141.25
3088.8,58.1,28.11,41.65,9.95,37.6,471.0,96.6,9,156.51
919.0,92.0,6.91,27.18,1.12,53.6,410.7,77.8,4,8.31
4299.8,84.0,28.61,48.94,10.24,99.1,341.0,65.8,2,46.12
1287.4,98.8,14.03,26.66,3.38,26.1,596.9,95.0,9,40.18
3941.7,109.7,28.55,55.41,11.14,23.3,280.7,69.9,2,63.59
2122.5,88.0,21.2,38.16,8.94,22.8,335.9,113.2,1,25.39
4022.4,26.8,17.67,45.39,6.62,99.8,556.3,100.0,5,30.29
1428.2,38.3,25.63,56.87,10.72,24.4,280.1,49.4,6,294.01
1340.0,115.4,39.45,49.52,12.99,27.1,218.7,61.1,3,273.83
2736.6,116.9,27.78,41.63,11.9,72.5,289.5,115.3,9,346.02
648.2,116.7,23.31,36.11,8.64,78.4,491.7,108.5,3,81.44
1513.8,23.7,23.07,38.49,11.12,57.4,536.9,31.0,10,231.62
3758.1,58.2,18.03,33.67,6.79,98.4,201.5,40.2,7,150.98
4268.2,96.0,28.85,57.85,12.05,13.5,429.8,50.1,2,38.62
863.5,95.3,33.02,30.11,12.61,65.9,405.3,106.8,5,299.35
4469.3,28.6,10.83,36.37,2.92,64.6,451.0,112.0,1,3.0
4088.8,80.9,16.22,51.13,4.33,38.9,452.0,98.3,9,48.94
4413.6,34.3,17.01,34.57,4.78,90.9,581.8,40.3,7,27.91
3642.9,69.3,9.45,55.46,3.33,59.8,305.9,107.6,5,24.48
3533.7,44.0,14.11,29.72,6.5,32.2,284.9,13.6,7,85.13
2862.9,25.3,8.03,21.25,3.7,18.0,411.6,56.5,7,29.93
3437.5,28.0,24.38,45.15,9.34,19.6,343.2,51.5,6,133.59
4636.0,111.1,8.05,40.33,2.42,90.8,363.2,68.9,4,10.45
952.3,94.5,13.77,57.32,4.78,32.5,181.2,71.7,4,108.37
1920.9,113.2,24.12,36.93,10.32,91.6,216.7,34.8,3,148.46
826.0,67.0,21.44,25.42,6.58,20.8,570.9,32.5,8,126.56
4751.6,61.3,13.45,33.19,6.9,98.6,180.7,98.4,5,90.13
2503.7,55.8,28.22,35.73,12.17,85.0,415.6,18.4,5,171.45
3539.1,81.6,32.77,43.33,14.78,20.5,489.6,64.3,8,195.42
4285.0,55.2,21.87,30.98,8.91,17.7,155.3,31.1,6,179.49
4959.5,94.6,10.59,42.01,2.11,82.3,250.2,45.2,10,36.91
1228.0,100.1,6.75,56.32,2.44,17.0,319.7,40.5,3,16.68
4097.8,107.6,35.79,36.95,14.56,33.6,378.1,87.9,1,33.89
4493.4,44.3,28.16,46.06,10.51,82.1,303.7,60.2,5,131.77
719.9,72.7,27.52,29.16,11.53,91.7,442.0,42.9,6,297.27
3893.4,42.3,27.21,52.05,10.46,79.1,251.9,101.4,9,318.32
2096.3,23.8,10.84,30.79,3.51,90.1,161.5,19.4,7,80.24
3418.7,90.8,15.34,43.19,7.28,60.4,150.7,94.3,10,253.15
2813.2,74.9,28.61,32.01,12.17,80.2,305.5,37.3,1,38.74
1668.8,92.4,33.26,22.7,13.13,41.0,312.7,111.0,6,330.48
1108.5,28.8,15.79,32.79,4.32,80.7,576.9,10.6,9,84.36
1026.3,119.6,27.33,28.48,9.34,71.2,170.2,71.2,6,463.11
965.0,119.4,15.65,55.71,3.2,61.7,388.5,78.4,3,32.86
3370.1,66.5,36.61,30.65,14.42,99.3,410.0,73.5,8,285.29
2081.3,106.6,11.18,58.98,4.53,52.3,464.7,99.7,9,51.56
1474.9,44.4,27.51,39.69,11.17,65.7,437.4,22.3,3,96.19
3613.5,93.8,11.4,28.84,4.24,55.9,153.7,55.7,6,66.6
3590.8,107.9,22.91,35.65,9.62,33.4,434.3,105.0,9,124.85
2926.3,101.5,26.68,27.34,10.23,39.7,295.1,107.8,2,64.13
4707.3,101.2,16.16,53.35,5.6,98.1,497.8,64.8,1,5.16
2234.4,66.3,27.15,24.8,12.46,45.3,234.8,71.4,8,473.21
4261.4,102.0,36.07,54.94,13.4,71.1,472.3,94.0,8,185.69
838.1,89.1,26.32,21.84,12.97,61.0,431.5,95.8,2,92.69
3829.2,33.2,14.28,31.98,5.63,90.1,443.5,107.7,6,39.71
4948.0,31.4,31.72,25.6,11.42,78.2,229.2,102.8,8,322.03
4309.7,97.2,24.14,47.41,8.83,17.3,451.1,55.6,10,140.55
3108.5,82.5,22.31,40.49,9.3,42.0,481.6,81.5,9,117.33
3320.4,71.9,25.58,57.57,7.68,74.1,370.2,63.2,3,48.41
2089.8,110.7,22.31,34.65,9.4,24.5,303.2,23.0,6,176.22
3557.7,86.0,2.66,21.63,2.9,55.3,224.9,100.4,8,26.94
3966.8,59.6,18.82,50.47,6.72,38.6,280.5,76.2,3,46.23
4992.0,61.4,4.69,43.18,3.49,15.8,493.7,16.4,2,4.24
2716.1,80.5,10.83,53.1,4.92,99.7,334.2,84.5,5,48.57
775.9,96.0,10.28,37.05,2.79,93.6,466.2,41.1,8,45.67
3181.4,76.4,9.76,49.53,3.97,77.3,483.0,17.6,6,25.5
1035.6,70.9,31.22,26.84,11.95,28.1,453.4,76.7,7,258.38
1601.4,92.7,18.53,59.98,8.7,99.0,453.1,90.5,7,119.37
1979.5,90.5,7.64,26.95,1.33,66.8,424.9,66.9,10,17.2
3789.6,103.0,24.62,53.19,12.04,96.9,383.3,10.6,7,164.11
1327.1,26.3,37.54,28.5,13.73,13.8,239.0,73.5,2,186.08
1245.9,95.5,31.22,51.3,13.33,25.6,529.3,10.7,5,199.98
702.3,71.4,35.39,54.45,12.52,71.0,583.9,111.9,2,68.98
4429.6,27.5,33.73,55.07,14.89,91.6,359.9,39.4,8,268.2
3620.8,87.9,28.96,39.03,9.21,25.8,570.0,105.8,10,103.61
679.8,91.7,32.42,37.15,14.48,38.5,599.1,11.3,8,414.34
627.3,72.4,29.47,53.35,14.28,62.9,368.8,20.7,3,235.85
3014.0,99.4,14.52,43.18,5.39,100.0,476.0,59.7,7,48.16
1771.4,50.0,35.8,44.85,13.09,82.0,439.7,93.4,1,33.44
3185.3,40.2,32.19,29.44,12.09,93.1,256.8,113.7,3,138.01
2455.7,55.1,32.77,37.85,11.86,70.8,171.2,67.3,4,258.14
4654.9,61.0,35.59,34.78,13.55,89.0,354.0,49.1,5,155.24
1795.1,89.6,14.21,46.61,6.38,55.6,504.2,14.9,4,40.11
3556.2,104.6,19.48,27.86,6.6,21.2,296.3,74.2,5,77.6
743.2,92.1,25.19,36.23,9.96,73.9,503.0,51.8,1,31.24
4801.4,37.4,25.93,53.95,11.33,64.1,444.7,110.0,9,149.32
4913.4,56.6,33.17,41.86,13.32,53.7,463.0,62.8,4,77.08
3825.8,35.8,32.33,55.84,13.26,34.7,278.6,94.2,9,386.31
2593.5,88.7,31.78,29.3,11.1,80.6,361.5,103.3,1,33.7
1490.0,44.8,33.57,37.6,14.4,83.8,231.8,20.8,9,709.04
4156.3,72.5,8.37,40.02,3.5,42.8,261.0,58.5,7,39.77
3813.6,99.2,32.81,36.02,14.3,93.5,190.4,108.3,3,167.45
1498.8,87.1,12.06,47.38,1.9,43.3,207.0,56.7,8,56.22
2530.5,49.8,20.26,25.95,8.78,19.7,244.7,72.2,8,245.13
2582.6,53.3,11.09,40.78,2.26,25.0,411.1,106.0,8,27.2
4218.8,85.3,19.5,25.55,8.95,54.5,348.5,35.6,9,144.07
3577.3,74.9,18.38,45.17,6.46,17.2,270.1,108.4,10,186.86
3394.3,29.6,7.72,53.21,2.14,74.7,537.5,53.7,2,3.13
3424.2,107.4,28.87,20.8,10.07,81.6,386.3,75.2,3,62.12
1717.1,71.3,31.11,38.28,11.24,59.5,565.4,46.1,1,22.93
2172.7,67.3,10.15,39.71,3.44,90.4,435.7,68.0,1,4.49
705.5,39.8,25.05,48.81,10.72,95.9,157.1,15.4,2,185.85
4041.2,57.7,14.94,22.99,3.51,50.3,561.1,17.2,7,24.02
2448.5,53.3,6.81,36.24,2.92,18.0,535.9,55.6,7,15.19
2472.1,47.1,2.24,51.42,3.06,30.8,435.9,46.8,1,3.0
1604.1,76.7,18.01,41.29,9.39,69.2,390.6,77.7,5,115.63
1442.4,66.2,24.53,49.99,11.9,46.5,353.8,14.2,2,90.23
3145.2,108.9,25.31,34.56,9.36,71.7,367.0,28.4,2,41.01
1546.5,114.1,37.0,56.8,12.33,70.0,496.1,33.1,1,31.63
788.9,41.9,17.23,23.09,9.28,64.5,380.9,58.5,6,196.18
3953.8,30.0,27.63,23.65,12.16,24.2,229.2,37.2,1,45.55
2194.1,98.5,36.01,41.14,14.67,35.7,176.2,25.1,8,700.48
2211.1,119.5,21.53,38.83,6.47,44.0,206.8,75.7,10,287.95
2440.9,106.4,6.76,45.54,3.1,84.2,263.1,91.8,9,54.97
4167.7,22.4,10.43,29.16,2.9,71.4,315.5,85.4,9,38.63
1943.8,45.1,22.79,29.04,9.36,68.0,551.6,40.4,8,139.32
3911.2,24.3,29.74,49.96,8.66,70.5,257.6,104.0,10,286.93
4728.0,102.1,10.67,31.67,3.58,55.3,293.8,77.3,9,50.86
3473.9,78.1,33.77,49.09,13.35,13.6,250.4,77.6,3,156.79
2442.6,71.4,35.36,45.63,14.39,28.1,395.6,33.4,7,268.72
3865.1,75.4,11.21,23.33,4.55,22.6,427.7,36.6,4,20.14
2560.5,45.2,13.81,48.45,3.9,15.8,389.5,62.2,9,60.38
2364.9,80.2,7.71,55.18,3.99,38.8,578.3,36.2,1,3.44
2863.8,23.1,10.77,52.67,6.42,80.9,597.9,85.7,5,21.71
1929.8,84.6,31.32,20.35,12.95,20.4,526.8,43.9,4,105.07
969.1,93.4,25.94,41.59,9.34,20.0,512.4,26.7,9,240.91
2366.8,87.3,4.73,56.53,1.95,21.2,314.7,26.7,3,7.17
1057.4,53.2,20.09,43.95,7.62,34.3,410.9,24.0,9,211.76
2347.0,102.6,3.55,31.61,2.26,28.2,308.2,58.4,5,13.99
3006.2,91.6,20.57,27.78,6.69,11.3,503.0,10.3,7,70.88
4688.2,32.8,19.25,47.4,6.65,34.9,227.3,69.7,6,111.58
663.0,39.5,25.24,50.85,10.08,99.7,247.5,42.8,5,374.77
3296.6,83.7,22.5,56.5,8.69,40.3,167.4,70.8,4,146.15
2559.8,48.9,28.29,56.23,13.25,29.0,424.0,112.9,3,87.38
591.2,31.9,1.0,33.57,1.23,54.6,459.8,105.6,7,6.19
1623.0,35.5,28.86,44.16,11.84,30.6,151.5,73.4,4,323.18
1033.2,36.6,6.57,24.06,1.32,60.4,379.9,56.0,9,23.61
1475.6,67.8,15.79,23.78,5.26,46.1,319.6,86.8,2,31.53
1735.6,80.7,31.54,22.86,13.32,90.7,506.6,111.5,3,85.59
2305.9,37.6,28.77,57.09,10.67,93.5,167.5,63.9,1,56.55
2880.7,91.2,14.1,26.1,3.41,74.2,171.9,20.9,9,97.76
504.5,48.1,19.84,39.29,7.87,29.4,429.1,94.3,5,165.09
1228.4,51.2,28.47,37.32,11.11,52.7,416.2,11.2,1,36.25
921.0,42.3,33.86,32.99,14.12,37.5,524.0,94.1,1,40.63
2973.5,98.5,24.35,41.51,9.88,81.8,416.5,19.3,10,188.86
1980.8,116.0,5.6,20.11,1.35,12.6,577.2,21.7,9,9.22
2967.8,69.2,25.5,35.21,8.0,69.6,291.5,96.0,3,71.22
1498.2,24.2,11.97,39.17,3.14,39.1,329.1,85.8,7,64.96
609.0,46.1,8.31,52.13,1.67,53.3,590.0,71.8,3,7.51
4736.2,35.8,22.21,48.04,9.38,39.1,198.4,100.3,9,281.74
987.4,104.3,26.62,53.99,11.88,42.8,508.2,103.7,8,252.46
1070.9,28.5,6.63,35.05,1.5,70.7,155.2,60.3,5,30.88
1159.5,116.6,33.26,25.64,11.97,63.6,368.9,119.6,10,535.6
4915.7,78.9,32.22,36.04,10.89,32.0,219.0,49.3,3,105.44
3279.5,71.8,21.16,58.52,11.53,13.9,419.5,28.9,10,211.19
3246.3,104.7,19.52,28.57,4.43,87.0,509.2,103.1,3,17.07
4940.1,22.8,18.22,26.99,6.51,54.3,164.9,55.7,9,183.03
898.0,97.7,10.88,57.77,2.68,65.7,223.7,106.2,9,117.71
4885.3,31.7,6.77,58.0,4.34,54.0,304.2,16.7,6,29.73
1418.1,104.1,13.34,25.97,5.24,65.7,265.1,22.2,2,37.6
3303.8,72.9,17.05,50.78,5.47,66.4,322.4,14.4,8,89.92
2390.4,26.1,6.41,37.19,3.45,11.4,578.3,76.2,7,17.61
2227.8,103.3,1.71,39.69,3.64,58.0,195.5,101.5,9,43.02
4690.6,22.7,34.33,39.95,13.62,55.2,340.5,54.3,3,95.46
1171.5,33.8,29.39,58.73,11.97,18.6,355.7,20.0,3,142.46
4986.8,99.8,19.72,27.39,5.82,77.1,276.2,51.1,4,48.12
2206.1,66.5,34.33,50.92,14.27,31.2,275.3,48.3,4,232.2
3419.5,108.1,11.73,20.23,4.34,14.9,471.6,80.8,1,4.55
4855.6,83.5,19.49,45.14,6.7,82.3,428.0,81.7,2,16.49
759.2,82.4,33.6,46.11,12.39,87.9,515.8,21.3,5,250.18
4652.9,49.2,16.43,50.15,7.2,31.7,332.3,56.2,10,123.04
3055.2,33.4,14.69,57.04,4.28,71.9,423.0,80.7,2,12.59
3669.8,116.1,14.6,50.15,6.16,10.4,552.1,38.5,3,16.69
1171.3,30.5,20.47,49.29,8.01,74.9,533.1,54.8,9,139.79
2900.2,72.9,26.3,30.15,9.69,51.8,564.0,77.5,1,10.91
3530.8,47.3,19.9,59.71,6.68,81.3,271.0,54.3,1,18.91
2553.1,46.4,19.14,38.74,7.04,45.4,593.4,13.4,9,83.94
1197.4,79.5,9.56,36.7,4.7,41.6,517.4,34.5,3,19.87
1598.5,99.8,15.93,40.08,8.49,85.7,507.7,95.4,4,57.33
4344.8,97.7,10.8,35.76,4.07,13.5,450.4,37.3,1,4.17
655.1,106.9,35.15,43.75,13.15,26.8,592.5,99.9,5,181.22
3689.9,49.3,29.71,33.98,11.46,47.1,348.7,61.4,10,283.67
4997.3,66.6,18.24,29.6,6.74,63.7,483.7,62.0,10,74.9
533.7,20.9,28.34,57.12,11.46,10.5,464.5,94.8,7,339.58
1224.7,94.7,5.45,57.11,1.1,61.8,479.4,52.2,7,8.53
3533.6,50.2,12.41,39.85,5.82,44.1,488.2,36.2,7,45.56
770.0,76.1,20.82,58.49,7.16,66.7,235.8,21.6,7,311.8
3154.1,36.9,21.97,36.63,7.58,91.6,307.1,83.9,6,125.48
3578.0,101.9,27.34,35.5,11.48,49.7,326.5,61.7,3,82.34
3146.7,101.7,36.61,56.68,14.48,59.9,486.6,99.0,9,229.27
2143.3,107.7,11.39,45.32,6.32,51.7,472.3,60.3,9,77.04
3637.8,24.6,16.13,50.5,5.91,20.7,525.0,55.6,2,11.7
3174.3,119.2,23.56,36.51,9.55,81.4,504.8,42.9,1,12.38
1434.4,44.8,17.13,36.28,4.94,89.7,418.2,31.9,8,97.02
3034.1,50.9,8.26,23.33,2.98,83.0,213.0,101.3,1,7.03
4468.6,44.9,37.87,58.67,14.46,95.3,436.0,20.5,9,259.01
3500.7,46.8,29.19,29.12,12.33,52.1,549.2,109.2,10,157.65
2623.1,75.3,28.31,39.77,14.42,68.7,439.4,13.0,1,33.77
1947.1,44.0,10.64,24.58,4.05,25.2,553.0,67.4,8,33.52
886.5,59.4,5.46,45.88,1.25,97.9,599.6,16.4,2,3.12
1600.8,85.6,18.83,35.64,7.12,62.2,311.6,95.8,3,76.19
550.3,103.6,34.86,50.71,14.07,33.5,475.5,33.3,6,383.97
4939.8,89.3,7.23,41.14,2.94,82.5,393.0,72.3,7,19.12
1501.2,79.4,7.1,25.18,2.64,62.8,354.7,110.8,1,4.54
4166.9,34.8,3.14,20.43,1.97,95.5,257.9,81.4,2,3.83
1258.9,101.6,22.94,28.5,11.71,79.3,260.7,29.6,3,176.25
1776.2,23.7,29.29,48.97,12.0,89.0,233.2,97.6,7,409.17
2382.2,46.4,24.46,53.14,10.74,59.2,434.2,58.6,5,110.68
1959.8,25.7,9.26,33.65,1.75,56.6,213.9,11.4,3,15.23
4092.6,86.7,21.04,41.44,11.13,78.2,344.1,63.5,2,46.18
4809.6,56.8,19.62,29.6,7.28,19.5,385.5,99.4,10,107.05
4438.8,85.2,15.75,55.22,3.21,14.9,347.2,57.3,8,40.5
1191.1,54.7,13.25,58.61,5.13,98.5,534.7,93.4,10,77.45
3995.1,65.6,20.43,50.12,8.02,92.5,349.4,87.6,5,82.62
1165.8,65.8,16.19,23.56,5.62,96.0,187.3,60.3,9,262.14
4610.2,24.6,37.04,37.48,14.58,15.6,596.5,45.6,7,113.47
2830.5,63.0,18.36,59.62,7.65,34.2,530.2,89.9,6,56.19
2013.7,84.1,13.26,29.18,6.21,91.1,447.0,50.6,5,46.03
1206.6,74.6,27.93,46.82,10.42,18.1,490.3,28.7,6,168.34
553.1,27.5,19.52,57.54,10.11,50.6,207.7,45.3,5,401.86
1615.8,86.8,6.88,50.93,1.03,40.7,494.7,106.5,7,7.74
4613.1,50.9,23.04,44.35,9.66,89.2,243.5,41.2,5,119.74
4087.7,21.4,12.16,40.27,4.41,56.6,370.0,35.8,10,62.33
4864.1,35.6,14.81,57.15,6.25,36.1,230.1,24.7,9,121.22
953.4,69.8,31.34,35.79,10.89,57.2,489.2,16.1,5,187.38
3164.8,51.0,22.99,56.05,8.8,20.1,260.7,117.4,4,119.67
1657.2,89.4,15.21,37.24,6.16,75.8,263.9,69.0,8,172.93
2943.2,44.1,8.64,50.26,3.34,65.7,199.2,90.3,7,54.58
1942.0,97.3,20.13,56.63,8.08,64.1,474.3,95.0,3,47.14
1775.6,48.6,21.77,42.03,5.47,49.4,283.1,48.8,9,177.46
3082.3,82.1,29.75,32.4,13.78,36.5,383.2,97.9,7,230.36
1324.9,99.9,24.75,22.04,8.48,15.9,299.5,115.8,7,254.65
2611.1,58.6,33.89,52.37,13.12,95.2,498.6,91.6,8,201.14
3428.7,24.7,21.48,44.88,6.46,47.5,251.9,88.3,3,56.56
1076.8,73.5,32.83,30.52,12.58,54.6,573.4,57.5,8,231.11
4687.7,119.5,6.13,55.1,1.79,43.8,294.6,102.5,2,4.2
2775.8,116.9,16.96,56.81,5.17,98.9,196.7,19.8,8,129.98
4187.9,42.1,7.51,55.49,2.09,81.7,258.1,92.5,6,20.74
3442.6,95.6,7.58,44.06,1.44,18.6,183.3,49.8,6,17.66
3695.0,54.5,38.17,59.06,13.86,64.7,360.9,72.3,8,292.92
3722.6,36.0,27.66,54.99,11.04,53.6,262.6,108.2,4,139.63
4437.9,86.6,23.16,24.17,9.75,81.4,548.7,76.6,8,78.37
3261.2,70.1,19.51,59.24,8.45,99.8,382.7,12.8,1,17.16
1752.0,73.9,23.99,41.95,8.97,77.0,255.0,89.5,7,254.1
947.8,102.7,22.23,56.8,9.94,87.8,353.1,112.2,8,334.65
3228.1,53.7,29.87,50.41,12.57,55.2,238.2,80.6,1,44.78
798.6,86.7,20.62,45.9,9.36,43.6,230.4,104.8,7,418.62
1585.8,56.6,29.93,33.07,11.48,67.9,285.3,100.8,8,397.05
773.2,24.3,11.09,21.08,4.93,77.4,198.7,104.7,6,158.84
2970.0,57.8,31.89,31.07,14.67,30.5,234.9,47.9,7,403.51
1221.5,115.0,1.99,47.43,1.45,55.3,572.1,62.2,1,3.0
3246.8,68.3,15.03,54.52,6.41,20.2,450.1,103.3,10,84.57
4058.9,30.8,31.26,20.09,13.35,29.5,564.5,110.1,10,154.75
4198.5,88.8,10.87,28.32,3.53,89.4,265.6,26.2,8,46.57
1892.9,116.3,8.37,46.92,2.98,23.0,535.7,30.0,1,3.38
2970.3,110.8,17.18,31.35,6.12,83.0,313.0,48.2,5,76.38
3033.5,77.2,19.44,25.67,6.99,43.5,214.9,94.7,9,226.01
2628.0,57.6,36.58,23.28,14.07,69.7,512.1,106.2,7,168.02
3448.0,78.1,25.5,45.52,12.71,91.9,176.8,73.8,10,518.02
1445.4,101.6,15.86,43.79,7.5,80.3,332.2,22.5,7,156.58
4906.6,106.1,37.29,54.34,14.62,84.3,518.7,43.4,8,162.19
941.4,101.9,25.62,32.59,9.99,33.5,427.7,104.3,4,153.52
