Spin_Speed_rpm,Spin_Time_s,Viscosity_cP,Surface_Tension_mN_m,Concentration_wt_pct,Volume_Deposited_uL,Annealing_Temp_C,Annealing_Time_min,Film_Thickness_nm
2185.0,87.3,32.76,56.54,10.16,55.0,423.0,95.0,305.31
4778.0,99.7,9.45,41.01,2.12,77.2,301.0,62.9,24.86
3794.0,45.0,43.75,49.0,4.39,60.6,336.0,96.8,116.98
3194.0,82.5,31.04,37.44,11.83,17.5,458.0,18.1,290.52
1202.0,77.2,8.7,45.2,8.4,26.7,538.0,31.1,170.6
1202.0,103.3,48.15,33.62,13.99,29.7,236.0,70.7,741.55
761.0,110.6,26.4,32.05,7.0,33.2,271.0,114.2,314.44
4398.0,21.2,4.57,43.13,13.18,60.9,565.0,18.2,103.42
3205.0,87.4,31.71,39.93,7.29,55.4,389.0,14.7,187.66
3686.0,25.2,13.41,43.18,14.71,28.3,189.0,27.2,224.47
593.0,74.9,40.38,31.47,14.44,16.1,432.0,80.5,915.52
4865.0,48.8,41.07,34.68,5.61,25.4,595.0,53.9,122.87
4246.0,50.7,48.97,23.36,13.4,98.6,512.0,100.8,339.16
1456.0,55.3,25.59,22.09,12.87,52.2,473.0,17.9,418.37
1318.0,82.1,23.29,30.14,3.95,88.1,204.0,31.6,133.78
1325.0,53.4,37.92,22.97,9.74,86.4,538.0,43.0,387.43
1869.0,93.3,7.49,24.15,2.02,56.0,363.0,78.9,30.29
2861.0,60.5,27.8,52.52,12.71,73.6,545.0,85.4,300.56
2444.0,26.8,27.77,21.55,3.44,27.3,265.0,23.7,87.0
1811.0,98.4,5.38,46.36,1.99,72.0,131.0,113.8,26.08
3253.0,48.6,21.48,30.9,6.6,34.5,338.0,47.5,133.47
1128.0,63.3,42.81,54.86,9.08,84.9,235.0,88.4,459.78
1815.0,88.5,42.95,39.4,12.97,17.5,458.0,67.7,500.46
2149.0,53.2,5.86,32.22,14.64,79.6,579.0,34.5,171.37
2552.0,25.7,5.45,40.71,7.15,19.0,445.0,103.1,79.77
4033.0,57.4,13.87,35.28,1.85,89.3,543.0,100.0,25.08
1399.0,114.4,43.86,42.57,11.49,37.4,327.0,53.6,509.46
2814.0,84.2,7.32,24.58,8.91,68.9,486.0,74.7,107.64
3166.0,87.1,36.28,59.88,7.27,53.9,522.0,38.4,197.33
709.0,83.2,5.96,37.02,5.33,43.0,455.0,85.9,118.64
3234.0,39.9,31.53,33.93,8.03,68.1,354.0,44.0,184.84
1267.0,61.8,18.45,48.41,5.74,95.3,413.0,102.8,165.38
793.0,95.1,39.66,34.56,11.6,13.7,450.0,33.9,636.28
4770.0,30.1,12.45,53.33,8.61,92.7,227.0,11.6,113.31
4845.0,47.8,32.32,38.17,13.28,64.8,505.0,39.5,253.81
4138.0,47.6,12.55,48.78,8.61,82.7,575.0,31.0,111.03
1871.0,63.2,35.97,24.3,4.34,44.5,333.0,65.9,147.05
940.0,118.0,43.81,53.84,12.92,52.5,451.0,32.4,667.56
3579.0,26.8,7.21,49.43,8.8,88.2,469.0,94.0,92.01
2481.0,71.9,43.46,28.47,3.9,47.3,431.0,36.6,124.22
1049.0,37.9,30.09,25.81,9.73,58.1,374.0,87.8,393.46
2728.0,117.1,7.23,32.65,6.01,11.8,541.0,73.6,72.38
655.0,31.3,21.95,59.04,12.82,24.3,324.0,118.5,574.27
4592.0,60.4,8.88,30.27,7.35,67.8,131.0,120.0,80.17
1665.0,93.8,35.32,38.25,11.17,74.5,522.0,105.6,382.89
3481.0,90.5,38.18,21.2,2.34,62.4,437.0,93.6,58.72
1903.0,62.3,6.18,35.89,6.54,22.9,525.0,52.5,89.5
2840.0,54.7,25.8,42.85,14.77,50.1,169.0,92.9,355.65
2960.0,59.8,40.92,58.12,12.32,42.0,115.0,115.2,379.6
1332.0,46.4,46.87,40.67,3.24,54.6,567.0,12.6,152.47
4863.0,40.5,26.16,52.76,4.89,88.3,174.0,69.2,94.96
3988.0,68.3,47.56,41.89,5.62,79.8,505.0,34.0,154.43
4728.0,46.9,27.25,21.63,10.11,17.6,512.0,71.4,184.43
4527.0,48.7,20.32,32.6,11.6,90.1,454.0,61.3,186.54
3191.0,85.7,42.56,43.02,11.49,52.5,166.0,73.3,331.43
4648.0,116.9,25.16,58.02,8.14,76.9,434.0,70.6,145.32
898.0,80.4,24.12,54.37,12.35,22.6,545.0,115.6,492.23
1382.0,27.7,25.03,29.13,7.12,70.4,313.0,70.7,240.21
704.0,27.6,42.49,28.8,2.73,31.3,307.0,103.1,160.4
1964.0,115.1,41.77,28.05,8.9,49.5,321.0,45.2,319.55
2249.0,49.7,20.77,56.9,14.33,11.5,141.0,58.2,347.36
1721.0,29.2,17.33,54.11,12.1,23.6,546.0,61.7,300.49
4229.0,79.9,25.1,51.0,9.1,18.3,535.0,40.7,170.05
2105.0,82.4,29.07,35.71,10.06,31.6,599.0,51.8,278.11
1764.0,84.9,12.68,40.18,14.03,19.0,393.0,75.8,286.45
2942.0,46.7,39.9,38.57,7.0,72.3,476.0,73.8,201.38
1134.0,21.5,24.84,30.14,5.64,12.6,201.0,80.0,206.56
4110.0,116.5,17.37,40.2,14.68,65.6,434.0,48.7,231.99
835.0,45.1,6.23,21.22,13.09,22.7,425.0,44.7,275.95
4941.0,87.6,12.7,25.27,5.52,95.1,551.0,77.3,65.88
3975.0,90.7,47.51,55.46,7.49,94.0,515.0,24.6,210.85
1394.0,81.0,15.95,50.07,6.81,30.3,569.0,37.8,173.68
525.0,51.3,9.27,36.91,3.09,65.3,534.0,14.6,99.83
4170.0,47.1,23.57,40.69,14.41,12.5,534.0,18.0,254.6
3681.0,79.8,16.05,34.8,6.66,93.9,132.0,36.8,110.27
3781.0,106.6,2.72,49.63,13.25,57.1,523.0,12.1,83.79
3971.0,114.7,16.83,51.37,3.65,13.9,404.0,37.0,60.83
833.0,30.6,27.66,50.53,8.67,40.8,290.0,82.0,405.15
2113.0,35.5,28.03,48.9,1.34,16.9,128.0,16.7,40.62
1021.0,114.5,18.47,28.18,11.7,45.4,439.0,58.0,382.29
4384.0,93.7,22.92,33.52,9.13,70.3,264.0,110.4,158.05
3305.0,108.3,48.31,38.79,9.76,52.3,334.0,97.0,283.25
1989.0,40.3,19.49,33.23,1.72,44.5,441.0,43.6,43.67
786.0,78.8,13.65,50.2,3.95,20.7,556.0,111.7,131.61
1899.0,90.1,12.93,33.17,2.04,32.0,513.0,46.3,41.01
1963.0,88.0,23.43,25.53,5.04,19.0,325.0,18.0,134.08
3783.0,60.8,38.22,35.96,9.78,82.7,294.0,119.3,251.02
3369.0,21.5,11.09,59.2,8.93,22.2,220.0,105.7,127.08
4492.0,78.3,35.76,29.04,9.57,63.6,286.0,61.3,212.11
2625.0,45.3,2.04,44.49,8.69,40.8,156.0,83.3,63.64
1038.0,65.0,21.53,37.32,4.82,30.3,586.0,83.8,162.34
3710.0,115.8,39.02,22.84,4.42,67.6,387.0,31.4,113.53
3924.0,59.9,17.6,39.52,2.92,51.1,164.0,32.0,50.42
3026.0,104.0,28.62,48.09,12.89,46.0,276.0,61.7,314.92
3969.0,38.9,11.04,40.53,9.63,63.4,374.0,110.3,120.59
2722.0,87.2,37.36,54.88,3.61,54.2,366.0,11.1,104.9
2852.0,117.7,3.56,31.56,3.48,37.3,118.0,96.1,31.01
2424.0,30.2,42.77,23.45,13.22,60.3,575.0,16.3,404.07
614.0,20.8,10.71,57.46,11.4,70.3,238.0,62.6,384.94
986.0,63.4,43.85,35.13,10.23,12.4,108.0,80.2,552.31
641.0,29.3,18.27,43.06,6.7,51.9,138.0,85.5,294.05
3364.0,94.8,36.41,51.68,4.67,15.2,390.0,16.4,117.15
1915.0,111.5,16.64,32.97,14.71,26.8,169.0,56.0,357.86
2789.0,63.4,45.39,48.65,12.16,60.4,121.0,74.2,415.94
4584.0,45.9,7.21,25.42,5.22,88.0,290.0,17.3,52.01
1622.0,63.4,9.75,31.65,12.87,89.5,411.0,24.9,237.75
2347.0,92.3,25.16,25.79,11.63,16.3,156.0,83.0,295.8
3900.0,20.9,5.01,52.45,5.16,47.7,257.0,67.4,46.7
1530.0,78.9,10.6,28.91,6.97,62.5,309.0,27.8,145.03
846.0,81.3,47.24,48.7,3.6,23.2,180.0,68.9,216.25
1804.0,83.8,48.85,57.73,2.55,78.9,353.0,110.4,105.67
1225.0,44.2,19.44,41.11,11.12,77.0,143.0,11.7,357.43
4684.0,91.4,46.24,41.6,4.75,91.3,123.0,80.7,120.23
4137.0,29.1,27.7,38.44,12.48,10.8,360.0,18.1,251.11
3350.0,39.9,14.22,33.04,14.94,29.5,224.0,10.7,242.67
4422.0,107.7,35.42,39.03,2.07,84.4,148.0,26.6,46.4
4117.0,93.9,33.29,44.11,7.62,70.4,312.0,56.5,181.17
1340.0,21.4,49.47,59.44,12.23,90.5,558.0,98.3,600.75
4517.0,44.8,13.99,57.51,12.05,15.1,462.0,41.0,170.37
2927.0,41.4,33.93,54.49,11.64,63.7,508.0,78.8,320.66
4133.0,47.1,3.55,55.57,5.89,61.2,536.0,55.2,43.59
4532.0,44.8,6.57,38.71,7.35,13.2,586.0,35.8,68.29
1931.0,26.3,1.19,46.3,9.33,56.2,482.0,66.6,54.33
995.0,65.9,49.97,55.8,14.64,64.9,404.0,97.7,807.32
1526.0,93.3,40.31,35.72,5.59,27.2,283.0,101.6,221.42
2422.0,80.7,39.55,58.47,13.92,34.6,191.0,103.1,436.77
4181.0,87.3,25.98,36.63,4.77,67.6,443.0,47.2,88.11
4373.0,28.1,15.7,44.04,14.85,52.1,597.0,97.3,216.98
531.0,115.1,8.41,48.39,10.38,87.2,334.0,33.3,331.94
2798.0,103.8,14.95,58.02,7.49,40.8,462.0,91.2,130.71
2378.0,100.5,19.42,29.78,9.59,34.0,348.0,114.3,205.5
1499.0,102.3,38.06,49.85,4.82,98.6,316.0,11.5,201.3
1039.0,113.3,27.44,40.83,4.84,92.0,305.0,58.4,190.78
2019.0,74.4,4.8,30.74,2.59,12.6,352.0,81.3,31.01
4743.0,40.0,1.88,51.06,2.6,79.4,283.0,87.2,12.9
1954.0,81.7,6.01,42.09,5.87,19.9,474.0,29.4,81.49
2835.0,94.3,21.11,46.44,11.68,12.5,537.0,116.9,237.14
3664.0,93.8,46.73,32.92,9.51,34.6,541.0,77.7,258.76
2136.0,72.1,32.23,39.25,2.44,34.2,214.0,28.1,76.03
4873.0,26.8,40.29,44.69,12.93,83.7,548.0,12.3,291.51
4831.0,57.1,23.85,36.2,9.42,74.0,271.0,96.2,163.9
1633.0,112.1,18.72,27.93,14.45,98.3,255.0,18.8,390.03
2738.0,78.4,6.31,58.47,10.38,74.0,463.0,25.5,133.36
1854.0,73.8,43.92,40.46,3.45,47.6,252.0,73.2,142.91
1782.0,46.9,39.37,49.36,7.63,72.9,126.0,76.4,283.81
666.0,56.8,9.24,36.44,10.08,100.0,287.0,85.6,273.08
3243.0,109.5,26.1,34.21,1.4,73.9,461.0,53.3,31.08
2762.0,86.6,24.88,36.29,1.21,78.6,263.0,95.1,28.53
732.0,98.7,31.63,36.37,2.81,94.5,415.0,117.2,146.14
1754.0,65.4,47.36,41.77,4.52,20.2,430.0,39.8,185.29
4587.0,83.0,29.41,41.74,7.01,73.4,467.0,87.3,137.11
1578.0,44.8,27.47,39.89,7.82,86.6,549.0,112.1,256.02
1152.0,90.5,3.47,25.39,2.93,95.9,316.0,85.5,40.71
2703.0,62.8,4.08,39.84,10.43,29.0,183.0,84.9,97.41
4935.0,64.3,10.18,26.76,9.35,55.4,259.0,34.6,102.79
1589.0,84.9,2.59,25.05,5.12,71.2,316.0,68.9,50.44
3525.0,113.6,37.42,57.31,1.19,32.3,457.0,71.9,30.59
3927.0,26.4,36.44,44.2,2.09,64.0,107.0,87.0,50.66
1569.0,102.5,7.67,46.38,6.48,33.2,258.0,119.7,114.12
3777.0,49.2,41.97,36.07,3.16,40.0,490.0,13.7,84.14
2155.0,64.4,8.58,56.36,6.28,49.7,435.0,17.2,104.84
3345.0,22.2,15.76,45.52,9.79,57.6,466.0,18.6,169.76
3351.0,50.1,13.2,50.77,8.66,50.4,506.0,91.7,129.56
2911.0,70.3,19.24,34.74,4.24,54.4,492.0,25.0,83.9
906.0,25.6,13.48,58.4,5.81,36.9,441.0,78.5,175.97
4259.0,69.1,24.96,52.82,9.6,24.3,320.0,45.7,188.27
1944.0,112.7,20.96,54.16,13.05,14.3,592.0,60.3,335.65
1339.0,30.5,49.34,26.89,11.54,27.6,385.0,33.7,576.58
683.0,96.4,3.74,30.84,8.75,62.4,201.0,105.3,157.68
3159.0,61.0,7.97,31.43,6.07,80.8,246.0,74.5,76.39
3549.0,85.5,3.59,30.84,6.11,25.2,447.0,113.9,50.0
575.0,46.0,31.67,54.22,13.31,19.8,562.0,73.2,751.77
2804.0,35.9,3.67,21.28,1.55,77.4,189.0,23.6,14.03
1519.0,36.0,41.99,23.04,14.83,37.5,141.0,28.8,600.56
3403.0,27.0,26.08,30.96,10.3,95.6,541.0,118.8,214.88
1285.0,38.6,26.82,27.99,10.54,74.3,558.0,89.8,353.93
3609.0,86.4,28.52,29.27,1.53,39.4,238.0,15.4,35.17
2240.0,108.2,9.37,51.92,9.48,36.1,289.0,87.4,154.39
4715.0,101.4,10.69,42.53,7.79,57.1,430.0,55.3,88.83
1119.0,88.5,16.62,20.23,2.48,17.1,265.0,43.8,76.28
2035.0,31.0,30.08,37.17,4.89,20.6,539.0,26.9,145.84
1011.0,48.9,11.3,36.32,13.46,25.8,154.0,102.4,365.73
4661.0,51.0,6.7,24.56,8.7,79.7,119.0,17.0,80.33
4448.0,45.0,48.54,47.05,6.79,56.2,204.0,41.9,182.25
1661.0,71.5,2.08,48.08,2.02,11.0,243.0,43.7,18.5
3470.0,73.6,40.33,48.84,11.0,70.6,156.0,27.7,300.44
4177.0,55.7,39.61,49.14,10.84,48.1,133.0,65.9,259.35
2998.0,55.4,15.56,20.0,9.6,56.0,478.0,11.3,167.28
2883.0,102.9,7.65,58.16,8.14,29.3,182.0,43.1,111.93
1588.0,98.9,8.14,52.57,7.07,59.7,557.0,112.7,126.93
919.0,50.8,35.17,56.16,9.31,98.1,284.0,44.2,456.87
4537.0,111.4,32.5,20.63,4.27,16.6,435.0,49.7,83.87
4552.0,115.3,39.35,57.35,14.18,35.6,213.0,62.0,332.38
3349.0,52.7,46.94,52.39,9.24,31.9,220.0,71.8,273.53
2026.0,55.4,34.9,53.49,5.36,32.4,387.0,99.0,176.69
2071.0,70.6,8.64,23.73,7.3,44.1,380.0,30.9,114.87
3767.0,114.1,12.93,49.55,12.28,83.6,484.0,105.9,171.65
4537.0,107.6,42.27,58.4,3.26,92.2,479.0,93.3,80.36
4492.0,30.3,11.26,47.14,5.1,28.2,435.0,89.5,62.99
4009.0,59.3,4.55,42.82,10.51,58.9,325.0,19.5,90.17
3389.0,75.3,35.46,57.83,5.42,67.3,545.0,12.4,131.03
879.0,70.3,20.72,37.72,12.1,57.0,411.0,75.3,421.74
1227.0,39.4,46.08,43.97,2.83,49.1,595.0,104.9,125.76
4543.0,105.9,32.86,39.05,11.68,27.3,510.0,74.3,237.52
3229.0,87.7,5.43,57.31,1.96,53.9,122.0,33.5,21.17
541.0,103.8,47.44,23.04,1.18,46.1,260.0,20.0,80.32
957.0,105.9,13.67,40.04,13.58,81.6,386.0,87.0,417.34
3486.0,94.8,17.52,47.48,9.14,78.7,461.0,89.4,159.64
523.0,63.9,20.71,51.68,5.93,22.1,375.0,29.0,308.77
1224.0,81.1,3.51,43.32,4.26,18.0,493.0,13.1,54.87
2969.0,36.0,25.33,56.36,9.64,91.7,241.0,54.9,230.22
3614.0,87.4,7.04,57.68,8.13,58.2,192.0,74.1,91.87
3434.0,37.9,20.65,22.57,14.88,87.2,127.0,87.7,293.12
1509.0,89.4,18.18,36.09,14.77,15.2,387.0,99.1,392.49
3705.0,43.0,38.87,20.94,9.89,57.4,444.0,77.2,246.54
1568.0,31.8,40.36,33.18,7.2,58.5,263.0,22.2,298.78
1964.0,36.5,8.52,41.47,7.88,87.5,407.0,85.1,124.76
3859.0,20.2,18.96,56.43,10.55,18.8,126.0,118.3,189.68
3423.0,91.9,19.29,53.86,2.42,31.6,150.0,109.6,43.53
4322.0,93.2,8.42,25.1,5.6,46.6,451.0,105.9,60.36
3459.0,71.5,40.12,23.72,2.05,87.9,284.0,43.2,57.71
3057.0,36.1,35.65,43.57,2.03,94.5,436.0,92.6,51.56
922.0,28.4,10.33,41.28,3.74,99.3,516.0,103.6,95.4
2155.0,21.9,18.97,30.66,7.79,96.3,526.0,84.6,179.94
1693.0,36.6,6.18,55.98,11.99,10.5,186.0,37.6,186.42
1598.0,109.1,31.78,57.09,7.8,14.3,343.0,114.9,275.3
4879.0,44.2,6.95,36.1,5.7,23.3,467.0,59.6,51.8
2269.0,55.4,49.31,55.61,2.15,41.4,487.0,24.3,78.26
4514.0,30.5,39.25,35.36,8.7,84.7,492.0,22.1,198.3
3340.0,42.2,20.12,49.47,4.8,90.3,214.0,81.2,94.14
4077.0,71.9,29.35,39.04,9.61,26.8,196.0,58.1,197.9
2762.0,80.8,45.66,24.9,14.68,65.8,395.0,20.4,461.64
3096.0,44.5,28.15,57.12,2.56,92.6,471.0,91.4,63.09
2716.0,25.8,9.55,38.16,3.97,51.7,260.0,97.9,57.58
1379.0,59.1,19.56,49.38,7.62,19.3,152.0,89.8,221.75
3751.0,43.4,42.31,34.69,14.56,51.2,458.0,32.2,377.39
1763.0,42.0,32.57,20.76,11.81,43.8,250.0,85.9,383.73
609.0,116.0,32.89,24.02,13.58,62.0,183.0,11.2,758.97
3405.0,81.6,43.47,39.85,5.67,49.5,174.0,43.6,162.95
1297.0,75.7,44.8,47.6,14.89,11.6,257.0,53.9,683.39
4732.0,61.6,46.07,33.39,2.44,99.5,396.0,101.9,57.36
4793.0,62.9,5.65,47.82,1.74,58.9,279.0,52.9,15.13
4617.0,74.1,27.66,47.95,12.98,52.6,110.0,11.2,247.75
2166.0,89.6,37.28,48.16,13.98,95.9,148.0,48.8,444.4
570.0,90.2,38.09,39.7,2.27,24.0,245.0,64.9,149.7
4677.0,37.2,30.73,56.6,2.59,27.0,430.0,114.4,48.76
2427.0,70.0,9.17,39.57,1.46,82.7,149.0,113.5,21.86
4850.0,61.2,40.07,38.01,2.46,33.5,380.0,29.9,52.54
4836.0,107.1,36.29,27.98,3.93,81.9,160.0,30.4,84.35
4339.0,83.1,5.22,32.31,14.58,34.4,206.0,28.0,128.75
1825.0,73.3,23.73,21.69,10.35,13.0,186.0,96.8,290.96
2233.0,31.5,9.52,45.34,11.9,56.5,134.0,10.7,214.31
4330.0,80.6,17.54,29.94,11.87,27.7,436.0,24.0,191.07
1926.0,31.7,1.89,32.17,8.49,78.2,332.0,69.2,63.51
1263.0,53.7,20.62,50.83,12.16,67.7,516.0,37.2,370.46
3006.0,34.3,27.94,33.09,9.34,93.1,149.0,20.2,246.75
4713.0,89.2,31.36,29.69,5.4,80.5,172.0,49.6,113.91
3632.0,40.6,33.51,26.76,8.86,26.3,253.0,40.2,214.79
3065.0,59.2,41.98,50.99,8.47,82.0,483.0,66.2,244.93
937.0,109.6,11.56,25.19,12.53,67.8,253.0,117.7,341.93
3268.0,40.4,6.9,38.15,14.74,70.2,304.0,23.7,162.16
4955.0,70.8,42.73,40.28,6.75,84.9,251.0,51.0,158.1
1130.0,61.9,8.67,47.5,11.69,61.6,140.0,112.5,258.87
2832.0,21.8,48.76,45.33,2.4,51.9,570.0,106.5,73.69
4448.0,99.3,42.28,52.43,11.88,67.3,374.0,53.4,285.3
3833.0,26.9,25.54,21.79,6.2,36.8,494.0,86.9,126.13
3637.0,67.4,49.09,31.86,1.55,26.4,429.0,19.7,44.15
3661.0,76.1,5.77,31.21,6.09,65.5,357.0,88.4,62.63
2118.0,82.8,15.85,25.84,9.55,31.0,145.0,117.0,193.19
1821.0,88.9,32.27,31.57,2.67,17.2,421.0,69.1,85.16
4142.0,45.3,18.15,32.39,13.94,10.0,178.0,64.8,220.07
4146.0,21.0,46.49,40.88,2.09,64.7,307.0,30.6,53.39
4402.0,92.3,4.22,46.55,14.02,42.6,415.0,79.7,104.34
4610.0,73.6,27.92,35.24,10.9,77.7,491.0,74.9,207.42
2801.0,103.6,29.95,48.78,5.62,43.8,443.0,81.7,144.19
2757.0,102.1,32.98,33.45,6.47,53.7,436.0,12.9,170.86
4092.0,104.3,13.53,31.61,11.37,46.6,175.0,70.4,152.38
3425.0,68.5,18.86,41.65,9.42,68.6,273.0,75.4,182.08
3659.0,53.4,42.34,20.95,10.4,42.1,121.0,32.8,277.88
4081.0,99.2,10.55,23.19,6.45,96.7,460.0,32.9,76.8
4505.0,65.1,41.52,36.72,7.83,94.3,576.0,40.4,183.5
2021.0,38.3,28.57,57.72,14.86,86.3,232.0,88.3,450.8
2190.0,105.5,38.35,48.86,3.99,92.8,144.0,76.7,133.19
923.0,108.3,35.97,23.53,6.85,50.4,338.0,103.0,328.66
3102.0,66.6,11.17,53.85,5.09,58.3,528.0,42.5,72.84
662.0,27.6,28.87,49.29,11.71,76.8,376.0,110.3,617.19
2595.0,58.8,43.52,44.44,11.7,72.7,123.0,91.8,371.87
2942.0,100.4,22.17,52.81,5.09,90.2,587.0,53.5,106.36
1789.0,110.2,48.36,36.16,2.14,74.5,514.0,20.5,87.73
3159.0,40.3,23.16,28.86,1.16,99.8,166.0,38.3,25.83
637.0,26.7,8.0,40.48,6.98,41.4,561.0,115.2,196.32
668.0,107.7,20.08,41.95,6.74,85.0,325.0,44.1,301.26
4202.0,58.9,47.63,41.53,14.84,72.8,286.0,46.3,391.94
2121.0,74.2,16.67,42.6,7.58,72.2,331.0,30.9,160.43
1072.0,116.8,43.54,57.95,4.59,39.3,517.0,98.8,236.76
2850.0,26.7,44.18,56.09,13.48,80.7,430.0,40.3,437.7
3965.0,84.8,18.16,55.03,7.87,91.0,130.0,46.3,134.67
1471.0,27.4,5.08,52.06,9.39,29.7,579.0,55.6,138.82
3303.0,57.5,36.5,57.74,2.34,66.3,174.0,57.7,62.52
884.0,100.4,16.26,23.94,6.36,45.3,473.0,55.2,217.34
733.0,63.3,39.36,30.6,14.22,99.1,418.0,65.4,790.22
2891.0,119.7,22.69,39.8,9.25,53.1,194.0,99.6,216.87
2933.0,75.9,24.78,53.86,5.82,30.5,185.0,100.1,138.77
3368.0,52.1,39.12,40.21,9.76,44.4,535.0,97.8,267.18
3767.0,42.0,19.74,49.92,13.75,68.8,310.0,21.1,248.44
4891.0,55.1,22.71,25.56,4.84,16.8,427.0,98.0,80.19
2823.0,57.3,19.43,30.1,8.07,64.3,352.0,23.2,160.77
1953.0,26.9,19.0,49.27,14.42,93.8,464.0,23.7,363.0
4078.0,57.0,26.77,26.59,3.41,86.5,340.0,114.3,68.75
1719.0,66.4,40.63,34.05,11.08,16.1,244.0,100.1,450.92
2475.0,92.3,18.73,30.59,9.6,99.4,282.0,70.8,209.07
853.0,85.7,26.69,33.99,10.52,72.9,530.0,106.2,454.79
614.0,90.9,33.87,48.33,5.92,24.6,334.0,118.8,338.51
4832.0,20.8,14.2,34.71,5.39,11.1,207.0,77.2,74.1
4262.0,41.8,14.6,42.21,10.58,25.4,567.0,77.4,147.97
3632.0,86.2,46.74,24.0,4.02,85.4,498.0,93.0,109.07
2340.0,68.4,36.45,52.2,6.88,11.9,128.0,35.5,222.38
1280.0,20.5,29.28,34.8,3.63,31.0,599.0,28.4,131.48
1204.0,100.4,32.74,45.94,1.12,78.2,447.0,93.6,45.16
1626.0,97.3,2.44,49.02,14.58,62.7,180.0,47.9,142.29
2972.0,74.8,31.29,28.39,7.04,80.4,219.0,24.9,178.78
3716.0,26.6,25.97,55.39,14.57,77.2,446.0,44.6,314.0
3471.0,96.7,27.74,44.65,2.96,14.6,490.0,49.5,65.48
1760.0,78.4,18.61,37.15,9.22,90.3,220.0,116.2,237.27
4797.0,98.2,4.99,27.29,3.81,30.4,228.0,86.8,29.0
3821.0,95.2,10.47,57.69,12.06,59.8,254.0,68.4,162.5
2995.0,100.3,47.59,50.2,11.97,68.0,399.0,116.6,377.09
3253.0,71.8,21.03,28.32,2.58,25.2,186.0,109.3,50.49
2388.0,34.0,23.87,33.51,13.77,97.9,152.0,66.3,367.13
1615.0,87.1,3.58,52.39,3.72,53.9,439.0,109.6,40.16
2102.0,82.0,2.84,47.83,9.58,15.2,490.0,54.5,88.79
3910.0,94.2,36.14,50.63,14.8,94.4,350.0,35.3,365.61
565.0,37.0,27.37,37.65,13.35,62.8,282.0,35.6,747.56
1022.0,39.5,25.93,48.66,14.39,72.9,316.0,82.9,574.93
707.0,109.0,12.91,35.46,5.8,57.3,294.0,65.1,197.38
683.0,95.0,37.49,28.45,2.48,85.1,580.0,82.5,141.73
4350.0,110.8,9.24,45.31,3.64,13.0,484.0,85.5,40.05
3666.0,95.9,10.31,59.04,8.01,34.2,204.0,12.5,110.81
2634.0,79.7,23.57,32.42,12.11,52.3,292.0,15.9,284.45
940.0,85.4,15.03,38.44,3.1,16.9,372.0,68.6,93.46
2712.0,108.9,13.13,46.96,10.24,73.5,406.0,31.0,181.47
2631.0,77.9,32.62,41.66,5.53,45.4,334.0,79.6,149.87
1279.0,83.2,32.9,53.74,5.78,34.5,505.0,70.7,217.99
2452.0,35.6,41.4,50.47,10.27,10.3,484.0,74.4,322.86
2293.0,67.4,21.47,22.33,7.54,74.8,353.0,43.3,173.95
3271.0,91.6,4.58,59.94,12.37,85.0,527.0,80.4,117.73
3358.0,47.1,14.41,50.1,3.18,45.6,476.0,101.2,51.26
704.0,40.2,49.02,54.56,12.06,60.8,489.0,119.8,810.13
2186.0,51.4,30.22,46.05,1.9,30.5,578.0,102.2,52.75
3316.0,44.2,35.78,54.25,3.72,66.0,233.0,71.3,100.49
2764.0,41.5,1.36,24.5,10.19,11.1,234.0,31.3,60.95
4354.0,62.5,26.39,33.91,12.97,54.0,544.0,85.0,244.93
3464.0,110.8,2.84,55.06,4.54,68.0,486.0,113.1,32.64
1233.0,70.7,28.89,28.07,5.58,92.6,563.0,33.3,210.0
818.0,38.8,46.12,23.13,8.52,44.3,132.0,38.2,485.19
3391.0,27.7,48.45,51.52,3.96,78.9,414.0,26.4,120.78
619.0,89.6,27.49,53.42,12.36,63.8,172.0,91.0,667.33
3136.0,58.3,23.45,26.51,11.83,93.4,352.0,54.7,248.49
4731.0,102.2,47.31,54.17,3.03,45.9,178.0,16.9,76.19
3090.0,86.0,34.01,47.47,7.49,38.7,164.0,106.2,202.25
2247.0,99.6,4.18,40.8,11.85,89.8,106.0,71.3,125.88
3395.0,47.2,23.82,53.21,5.72,14.4,415.0,46.4,127.47
2562.0,89.2,12.77,36.77,9.86,22.3,280.0,47.8,174.32
2955.0,46.4,24.02,27.76,1.7,17.4,153.0,41.9,37.1
4737.0,113.9,23.32,31.39,9.52,85.9,261.0,60.1,163.13
2237.0,83.6,29.53,40.21,3.14,11.0,184.0,47.1,90.34
4825.0,52.5,18.48,41.25,12.63,87.5,571.0,70.3,202.65
4574.0,47.0,9.05,52.22,5.98,50.6,260.0,95.1,65.01
1381.0,39.1,25.68,51.65,4.94,10.4,267.0,84.2,168.87
812.0,89.5,41.68,43.25,12.77,46.1,520.0,42.4,697.59
954.0,41.9,33.54,51.23,1.7,26.8,424.0,68.2,80.37
582.0,79.5,17.58,27.67,6.55,66.2,455.0,102.4,269.0
925.0,46.5,46.84,22.0,6.18,71.1,418.0,17.5,327.64
3574.0,86.2,45.7,54.95,4.99,53.9,573.0,18.6,138.84
820.0,101.5,11.26,23.02,13.76,13.6,204.0,71.2,394.56
1935.0,97.8,2.93,29.87,11.51,69.1,595.0,80.3,104.76
4302.0,96.1,37.32,47.81,1.89,85.8,515.0,33.3,42.84
605.0,38.8,41.55,36.38,11.01,74.8,394.0,92.0,729.26
4165.0,28.8,48.43,55.05,8.38,84.7,431.0,81.1,222.1
1768.0,89.9,44.6,31.92,13.61,28.0,424.0,111.6,503.85
1032.0,56.8,30.43,20.47,5.38,90.0,129.0,28.6,228.15
3635.0,63.2,26.97,32.03,9.04,39.0,209.0,92.7,193.26
3330.0,23.1,2.36,43.12,8.01,11.2,581.0,19.2,50.12
4449.0,46.0,13.09,35.04,7.85,85.9,367.0,72.2,109.69
3808.0,23.4,23.52,41.39,7.39,94.8,289.0,70.7,148.38
4116.0,107.9,31.8,55.06,3.88,69.0,481.0,52.7,88.28
1769.0,44.3,28.31,56.5,11.58,30.8,362.0,102.9,369.19
1298.0,75.7,37.39,30.64,7.32,32.7,107.0,10.5,296.07
3878.0,23.9,14.71,38.49,14.42,52.0,468.0,67.2,226.64
4131.0,86.7,28.68,41.97,4.65,90.8,466.0,33.9,93.1
4957.0,52.3,5.32,57.96,10.56,23.5,183.0,91.8,86.06
2357.0,109.8,21.27,59.94,14.17,84.3,578.0,14.7,336.6
2174.0,108.8,37.76,29.42,10.29,36.2,212.0,101.5,348.29
3994.0,52.5,34.98,49.08,13.2,82.8,329.0,102.2,316.34
2034.0,110.1,49.54,35.12,12.58,92.8,157.0,101.6,503.3
4688.0,119.6,14.62,20.32,6.04,48.5,402.0,26.8,81.36
4363.0,102.5,25.41,20.37,9.4,42.9,288.0,79.3,173.15
2430.0,104.5,17.15,38.42,3.19,82.2,277.0,11.6,68.12
3879.0,44.9,22.59,39.53,8.5,57.7,513.0,103.3,155.78
3895.0,77.7,42.99,20.9,4.23,71.6,105.0,89.5,113.03
964.0,26.7,34.53,47.48,11.41,66.1,499.0,68.4,542.79
4561.0,29.5,44.24,31.76,8.39,23.8,386.0,90.4,204.69
2774.0,119.9,10.97,42.4,6.76,86.0,593.0,20.4,95.87
4219.0,52.7,43.79,32.04,4.76,27.6,395.0,68.2,119.01
1940.0,94.8,3.93,26.69,14.98,93.9,128.0,42.0,168.81
4530.0,100.7,44.54,36.29,2.0,32.6,125.0,117.0,49.88
2251.0,105.8,17.12,29.29,1.61,76.0,542.0,104.3,32.66
549.0,119.8,16.41,41.39,4.04,35.6,521.0,90.7,162.48
4574.0,44.1,26.09,27.95,14.6,38.6,273.0,112.7,272.9
911.0,24.0,47.09,40.34,14.71,37.9,409.0,48.2,817.13
1937.0,61.1,3.34,26.3,10.17,77.3,345.0,109.1,104.03
4775.0,33.0,18.26,46.84,13.32,60.1,584.0,45.8,196.98
4778.0,22.2,42.97,50.16,4.0,89.5,575.0,90.6,95.87
3080.0,56.0,20.41,24.42,14.61,37.7,592.0,91.0,289.38
3343.0,98.4,10.76,38.71,3.0,72.3,533.0,12.0,42.09
2518.0,76.6,21.81,22.83,2.42,77.8,555.0,49.7,53.39
1819.0,51.3,19.89,43.93,2.57,23.6,209.0,12.1,70.28
1979.0,85.4,45.86,30.58,9.02,46.1,516.0,119.7,331.04
3526.0,43.2,38.33,41.1,11.93,53.5,454.0,23.4,309.82
3886.0,21.4,25.75,40.7,6.13,42.0,581.0,69.7,124.31
4062.0,96.4,49.43,56.97,14.69,39.0,386.0,97.0,420.66
4053.0,82.4,23.8,41.96,7.08,71.8,143.0,32.1,133.23
910.0,96.2,3.85,43.32,3.11,29.4,399.0,63.4,48.37
2725.0,23.9,13.85,36.07,7.52,73.8,443.0,76.8,127.59
759.0,103.7,22.37,57.96,10.51,94.2,210.0,27.6,443.45
2973.0,82.0,8.69,51.09,12.65,60.9,297.0,95.6,170.62
2487.0,76.3,47.43,31.42,7.42,65.0,399.0,42.9,256.03
4495.0,82.5,38.58,53.77,9.31,16.2,287.0,33.2,219.06
2079.0,106.4,14.15,37.3,4.74,87.8,287.0,71.4,95.53
1027.0,78.7,29.95,53.15,10.04,35.7,167.0,55.1,453.92
1143.0,78.1,36.35,52.92,14.8,65.4,570.0,111.2,642.39
3927.0,119.1,47.12,27.55,1.69,98.1,475.0,106.8,44.65
3282.0,95.7,44.2,48.05,13.41,63.6,101.0,63.2,412.34
955.0,64.2,26.24,31.63,8.87,75.2,483.0,49.5,355.91
878.0,90.7,38.96,31.9,4.53,50.1,470.0,45.8,246.6
3654.0,58.9,28.55,31.85,14.37,15.4,105.0,39.4,317.25
827.0,42.9,28.08,49.02,7.77,81.8,285.0,69.9,380.86
4198.0,79.7,6.62,29.19,5.64,13.1,403.0,98.5,52.62
3678.0,112.8,7.18,20.04,3.54,73.1,326.0,44.2,38.84
866.0,112.9,26.95,48.61,4.42,12.1,489.0,30.9,189.51
882.0,54.2,14.17,26.85,12.66,87.6,313.0,62.3,407.26
4940.0,72.8,2.03,24.18,9.6,24.2,177.0,17.6,48.09
2184.0,41.2,36.42,29.5,13.79,56.3,588.0,87.1,426.91
2168.0,119.6,2.59,35.2,4.25,63.7,221.0,67.0,35.94
4158.0,118.1,30.17,39.04,2.7,51.2,459.0,64.6,57.72
4763.0,85.0,27.42,21.78,1.09,40.7,172.0,43.0,20.09
4937.0,100.4,48.47,58.82,8.11,52.1,265.0,109.5,212.65
3890.0,91.5,24.73,48.64,14.98,38.0,321.0,20.0,292.7
2193.0,79.3,4.12,32.93,10.73,49.4,196.0,105.7,110.5
876.0,25.3,28.03,32.75,5.32,42.3,325.0,51.4,241.83
3997.0,65.5,42.21,37.94,13.28,61.0,179.0,106.9,334.1
3013.0,87.5,49.85,45.05,11.94,31.4,380.0,90.2,378.83
2409.0,87.8,22.09,25.85,1.22,99.0,432.0,21.5,28.16
4579.0,57.3,16.69,27.56,12.44,55.1,131.0,101.5,179.12
1000.0,114.2,45.43,54.38,5.21,27.5,536.0,85.0,271.23
2717.0,36.7,10.37,30.25,3.1,52.9,193.0,13.6,50.0
551.0,70.0,31.16,35.21,4.17,88.0,213.0,24.7,257.31
2609.0,89.1,20.88,54.85,7.56,12.0,431.0,79.9,168.99
753.0,89.7,3.01,46.53,6.95,71.2,334.0,82.9,112.86
1035.0,84.9,18.02,33.67,5.04,59.3,350.0,92.1,157.66
1029.0,47.5,14.0,47.35,3.41,25.3,164.0,89.2,99.62
3421.0,35.6,34.62,20.79,11.67,83.6,503.0,82.5,282.91
3857.0,83.6,47.49,49.43,14.86,43.2,409.0,94.3,405.21
3125.0,79.9,14.13,39.48,11.89,36.4,168.0,73.3,199.76
4830.0,37.9,40.76,52.53,5.14,84.5,287.0,38.7,115.48
2187.0,90.5,3.71,58.19,4.43,67.5,505.0,110.4,41.96
1786.0,65.5,27.37,57.03,4.05,90.8,384.0,12.0,130.12
4409.0,86.8,4.46,56.37,2.91,66.7,154.0,50.3,24.02
1506.0,103.7,46.77,40.49,8.72,76.7,286.0,90.2,391.29
4835.0,37.0,38.55,34.41,9.48,85.3,221.0,57.0,208.71
555.0,21.9,33.24,38.6,10.88,14.9,359.0,12.7,650.58
4864.0,97.9,41.37,47.6,10.52,79.8,522.0,17.3,240.07
694.0,81.0,32.73,55.36,5.09,65.2,318.0,81.4,284.83
4510.0,90.0,48.48,28.28,5.62,16.3,317.0,116.1,140.69
2875.0,103.8,35.98,56.73,10.54,55.8,553.0,70.7,296.92
4968.0,100.3,46.31,52.61,5.89,17.4,388.0,65.7,137.63
832.0,116.1,26.34,59.15,3.98,76.2,383.0,45.0,177.62
2992.0,73.6,6.74,55.21,6.24,59.2,231.0,38.2,75.55
4862.0,68.8,26.88,31.2,4.81,95.8,404.0,12.3,91.48
2854.0,60.2,7.22,24.24,2.24,26.5,388.0,40.0,27.62
3332.0,35.4,30.03,24.49,12.62,64.5,298.0,59.4,309.5
3631.0,77.3,24.64,31.65,12.94,29.0,595.0,31.8,246.51
2545.0,47.7,31.51,44.57,4.08,65.3,541.0,19.6,112.0
3324.0,112.1,1.49,52.17,1.91,75.0,475.0,89.0,9.99
3129.0,78.3,10.55,55.97,11.34,75.0,369.0,108.4,166.72
4555.0,79.3,25.08,44.95,3.96,83.4,331.0,113.0,70.73
705.0,55.5,47.57,20.23,6.51,86.8,192.0,78.0,437.36
1764.0,25.2,19.8,27.45,1.9,17.0,253.0,15.8,50.19
4777.0,23.2,21.79,23.99,4.17,40.9,487.0,91.5,65.05
4506.0,62.3,36.02,34.53,12.1,71.8,327.0,22.1,269.3
2550.0,28.5,30.59,40.05,12.26,54.9,541.0,83.7,321.35
3291.0,80.7,15.65,21.74,3.9,27.2,174.0,95.7,71.7
1748.0,108.1,21.13,33.94,5.7,59.7,354.0,89.8,158.24
1347.0,108.3,11.67,27.17,2.88,46.7,423.0,114.7,64.43
2587.0,85.9,48.34,45.88,2.04,45.1,358.0,91.2,68.69
2090.0,41.1,7.4,38.57,14.89,82.9,545.0,86.3,219.66
3126.0,106.3,19.22,39.81,10.18,46.7,595.0,38.8,199.3
850.0,108.6,2.27,37.11,8.59,12.4,158.0,111.7,100.95
4885.0,39.7,11.87,58.24,11.72,15.2,165.0,29.7,152.24
4938.0,93.7,39.24,28.59,12.76,87.1,165.0,109.5,281.53
3642.0,48.7,10.86,40.67,12.29,96.5,441.0,44.4,158.89
2912.0,100.3,4.92,49.44,1.23,72.0,286.0,24.3,13.18
1893.0,119.7,24.25,42.27,3.62,42.8,467.0,100.9,106.2
4162.0,23.0,1.49,57.16,10.17,94.5,303.0,10.3,50.0
3581.0,109.7,5.15,35.12,6.26,69.7,414.0,101.5,59.57
1232.0,82.3,40.57,38.55,14.75,86.0,485.0,38.9,691.67
4599.0,117.3,38.8,23.54,10.32,78.9,374.0,107.3,222.5
4201.0,66.5,45.84,44.36,14.39,44.1,370.0,86.1,350.54
4774.0,104.7,42.87,31.53,3.82,53.1,144.0,83.3,92.24
3766.0,26.2,34.48,26.41,13.1,26.8,305.0,50.2,306.18
3260.0,53.5,3.56,41.78,5.5,36.3,373.0,16.5,43.56
2382.0,26.7,39.36,41.29,14.85,80.0,331.0,101.3,469.42
4697.0,117.5,42.43,23.03,3.21,90.5,550.0,28.8,74.83
4397.0,101.7,40.16,47.93,8.23,75.2,553.0,50.9,191.65
703.0,105.3,25.92,44.95,12.1,51.9,511.0,76.0,553.09
619.0,113.8,12.41,27.56,7.06,17.8,288.0,63.0,244.51
2194.0,28.5,42.42,38.78,7.55,15.1,459.0,31.9,258.35
4147.0,58.6,36.63,48.81,14.81,43.7,298.0,25.5,331.81
4943.0,27.1,49.06,41.18,6.95,51.7,216.0,23.6,174.84
1177.0,41.1,8.63,35.82,9.46,64.8,271.0,104.9,191.55
3174.0,42.9,12.06,32.89,1.76,10.6,135.0,13.5,28.16
2214.0,66.9,11.38,44.42,12.79,99.1,266.0,117.5,216.78
4865.0,46.9,39.83,57.56,10.07,42.8,330.0,31.8,238.57
4290.0,30.1,10.16,46.87,6.66,86.3,578.0,22.1,78.53
4272.0,36.7,4.27,22.99,1.23,58.1,257.0,73.5,9.36
2609.0,34.7,49.93,38.43,9.28,21.7,551.0,18.8,316.53
2367.0,117.3,2.22,55.63,1.18,81.8,214.0,76.3,8.92
1730.0,95.9,41.93,23.78,1.02,73.9,195.0,103.6,39.21
754.0,116.8,18.9,59.56,9.63,57.5,359.0,15.3,379.51
4391.0,64.0,42.24,57.96,3.65,56.3,436.0,98.0,87.12
4158.0,47.8,28.18,23.13,3.69,17.9,122.0,53.4,76.77
4999.0,99.8,45.18,57.34,10.15,69.0,211.0,27.5,239.72
4985.0,52.6,46.38,34.53,1.75,92.0,328.0,29.4,40.42
2999.0,49.9,1.45,53.79,5.39,18.4,266.0,111.1,29.86
3960.0,43.3,4.7,36.74,3.09,33.7,456.0,22.2,26.19
4751.0,33.0,13.27,37.63,9.12,91.2,356.0,105.3,118.56
4323.0,45.6,33.8,45.37,10.26,35.6,180.0,69.9,231.85
1613.0,55.5,44.53,50.98,11.1,68.9,547.0,14.3,457.26
2527.0,87.4,23.54,21.35,4.57,58.1,246.0,61.1,110.51
1081.0,26.3,30.74,43.73,2.25,63.7,466.0,99.9,92.66
4793.0,41.1,10.24,27.47,2.1,47.4,490.0,89.9,21.87
3228.0,100.9,40.44,33.84,6.97,37.0,582.0,63.8,177.43
1529.0,34.7,48.4,33.92,14.24,14.4,349.0,104.6,654.16
3523.0,54.3,14.16,38.76,4.05,77.0,408.0,23.2,63.63
3282.0,106.5,25.25,33.37,4.59,77.1,267.0,110.1,101.85
2112.0,35.5,5.22,24.29,2.41,70.4,439.0,103.1,28.43
1011.0,28.3,28.4,25.83,9.48,67.9,332.0,87.9,386.03
3522.0,68.5,25.64,21.34,10.52,31.9,319.0,100.0,214.29
2841.0,50.2,8.08,38.81,10.0,12.0,528.0,69.8,138.8
3975.0,76.3,22.66,58.18,13.06,82.8,125.0,84.3,255.03
2841.0,100.4,17.37,24.63,7.81,54.2,541.0,71.7,143.4
4335.0,33.7,26.57,57.85,2.88,37.6,526.0,49.1,53.18
2984.0,78.1,29.7,49.33,5.05,19.2,353.0,72.6,133.06
3024.0,70.6,1.42,45.5,10.27,15.6,345.0,38.3,55.39
4445.0,34.4,38.29,45.81,9.58,41.4,281.0,58.4,228.29
2316.0,82.4,35.94,53.07,8.43,82.4,597.0,40.9,264.45
1103.0,47.4,18.95,24.28,10.56,92.7,156.0,23.5,342.45
630.0,68.8,3.59,40.19,9.92,90.7,395.0,45.4,189.25
3898.0,28.2,37.99,47.88,13.34,92.8,441.0,103.7,316.76
3291.0,66.0,47.8,43.47,9.2,91.7,567.0,51.9,261.93
3668.0,50.6,12.77,53.31,11.9,57.5,490.0,92.3,178.42
1458.0,102.2,16.85,22.89,4.48,29.7,422.0,29.3,116.73
1114.0,25.7,10.01,47.63,10.49,81.8,158.0,56.7,257.41
565.0,61.9,29.27,41.36,13.63,29.2,287.0,22.6,790.18
2078.0,65.8,8.59,35.17,6.4,34.0,169.0,25.2,106.14
3155.0,92.5,18.45,33.61,11.91,31.0,541.0,77.9,208.72
2265.0,77.4,35.15,44.83,11.15,56.3,475.0,76.8,333.97
2469.0,86.7,28.45,55.64,1.83,39.0,479.0,33.5,48.63
4569.0,97.7,19.94,39.85,9.14,23.9,426.0,62.2,144.64
2067.0,106.2,21.59,52.99,2.82,50.8,354.0,105.0,72.59
2813.0,51.4,28.54,36.09,14.54,88.7,175.0,29.2,383.79
4026.0,73.8,1.29,24.1,12.36,61.3,265.0,12.1,57.16
2284.0,104.0,4.85,22.46,2.54,89.1,168.0,81.7,28.58
3299.0,118.9,44.18,22.05,2.7,27.6,462.0,15.9,76.68
4381.0,109.0,4.82,35.21,9.32,25.0,180.0,117.8,77.7
4773.0,57.1,35.63,33.49,5.83,61.8,451.0,77.1,124.52
1162.0,39.5,46.08,48.72,1.49,51.7,446.0,61.7,71.37
4670.0,68.9,14.26,49.71,8.58,69.4,330.0,57.3,125.45
2715.0,94.2,19.15,22.03,6.43,81.5,168.0,73.0,137.39
1662.0,69.3,28.88,28.84,2.42,77.6,257.0,20.0,81.71
2566.0,68.3,44.2,30.97,12.23,94.8,260.0,112.3,407.78
4910.0,103.8,47.15,41.9,13.81,45.8,450.0,78.8,336.41
2717.0,56.1,37.24,25.78,11.59,28.6,157.0,30.2,329.99
1979.0,106.0,5.24,25.36,12.51,59.6,515.0,71.9,153.6
3350.0,60.7,33.79,57.75,4.03,20.0,481.0,24.7,96.35
1581.0,52.8,21.1,52.17,4.69,36.0,193.0,11.9,141.19
841.0,65.4,24.06,27.23,3.92,28.7,460.0,79.4,158.89
1080.0,96.2,3.41,36.26,11.71,45.7,434.0,81.3,160.07
1076.0,32.6,10.36,34.22,14.27,20.0,474.0,74.2,351.79
1184.0,39.6,39.74,51.64,11.04,12.9,194.0,30.2,510.97
1125.0,115.1,23.24,40.41,13.34,69.1,179.0,76.4,478.64
3384.0,37.5,15.78,25.11,9.94,64.9,218.0,16.2,169.75
1318.0,76.8,19.82,49.56,6.43,73.8,283.0,77.0,186.81
2056.0,77.9,42.87,35.88,6.96,69.4,497.0,70.9,241.74
4536.0,69.0,37.7,30.52,2.05,20.3,469.0,82.1,41.83
2633.0,84.5,14.34,35.02,1.44,36.2,563.0,108.5,24.92
3504.0,43.0,6.76,39.91,10.74,21.7,129.0,103.5,121.5
1275.0,75.3,13.35,33.72,7.14,85.9,106.0,117.9,184.71
1365.0,57.2,46.12,29.68,8.73,77.2,450.0,117.4,377.93
684.0,86.2,29.5,35.94,8.81,28.1,240.0,95.0,453.92
1260.0,34.1,27.14,20.77,4.88,40.7,267.0,115.2,168.18
1754.0,77.1,30.22,50.9,7.66,97.0,373.0,105.4,248.83
1297.0,38.5,18.94,26.84,7.59,63.5,151.0,90.0,247.7
899.0,47.9,40.55,21.76,6.44,82.1,421.0,18.3,351.68
1043.0,41.9,26.64,46.15,12.49,33.8,263.0,15.4,507.57
2574.0,38.3,6.72,50.96,7.32,28.9,416.0,102.1,92.58
1429.0,102.6,7.32,52.55,9.45,80.6,517.0,63.9,161.7
2139.0,48.6,27.31,39.74,13.54,71.7,186.0,99.6,373.07
2765.0,112.7,46.89,28.21,13.13,71.3,565.0,44.4,415.12
3607.0,117.0,16.11,49.49,13.47,59.7,365.0,53.7,221.41
677.0,77.1,43.61,47.99,4.78,60.7,561.0,87.0,302.48
4097.0,34.3,38.44,29.85,1.49,76.2,204.0,110.7,37.25
3326.0,57.5,13.14,56.14,4.65,34.3,402.0,19.7,74.59
868.0,99.8,2.78,24.17,4.9,41.7,302.0,104.8,67.61
4431.0,56.7,5.99,59.31,13.73,88.4,487.0,97.2,118.31
4644.0,28.7,36.7,54.41,10.09,37.8,403.0,44.7,229.82
775.0,75.7,10.78,47.52,2.14,59.2,347.0,49.1,61.11
1746.0,104.5,19.19,57.55,2.9,73.2,556.0,15.1,74.6
4128.0,99.6,25.58,48.89,3.18,100.0,289.0,11.7,65.42
3867.0,37.5,36.55,27.62,9.83,49.2,210.0,62.5,244.51
1330.0,87.3,6.55,37.69,11.3,48.5,404.0,20.5,193.69
1442.0,42.1,20.91,22.86,13.04,85.8,412.0,31.3,377.65
2167.0,41.8,24.77,35.59,14.17,82.5,320.0,103.1,363.75
2680.0,107.4,27.5,49.66,3.82,75.8,343.0,72.8,93.2
3282.0,45.0,41.1,35.46,5.34,51.7,580.0,79.7,140.44
2160.0,46.3,9.41,33.21,4.36,39.2,466.0,30.6,67.08
2581.0,20.1,40.58,43.81,6.02,64.8,155.0,101.2,193.91
3864.0,107.1,34.95,54.89,13.81,88.9,206.0,105.5,335.77
665.0,99.3,28.24,21.9,9.05,89.5,588.0,67.6,449.48
1636.0,82.7,35.28,35.42,11.33,19.8,463.0,110.4,389.89
3710.0,95.0,21.19,26.33,7.86,48.6,558.0,102.9,135.76
4528.0,35.2,7.78,47.81,1.4,51.8,252.0,90.4,14.61
2803.0,65.8,33.62,24.23,1.9,98.0,471.0,90.7,49.87
2895.0,55.1,26.71,46.59,8.53,71.0,457.0,21.6,202.79
982.0,29.4,32.33,31.45,11.06,46.7,247.0,39.8,496.27
2513.0,68.6,17.56,27.96,4.01,12.3,375.0,17.4,86.95
2897.0,112.1,45.44,57.45,11.11,60.9,414.0,11.0,356.21
1591.0,24.0,29.78,20.74,12.35,18.6,341.0,27.4,438.57
1712.0,49.1,5.18,37.51,6.77,85.1,514.0,106.9,92.98
2198.0,40.8,23.04,20.87,11.45,77.7,516.0,36.4,295.96
590.0,43.8,38.06,39.34,6.66,51.4,525.0,116.7,392.77
1949.0,110.8,39.91,40.04,10.5,48.6,502.0,75.7,371.53
1452.0,66.8,25.24,32.87,11.7,90.8,344.0,36.1,376.69
1974.0,66.6,44.84,25.29,14.89,36.0,291.0,64.7,523.51
1039.0,96.1,14.12,35.06,5.84,32.4,516.0,34.1,173.17
4507.0,35.4,21.12,46.89,6.75,94.5,345.0,118.2,112.97
3171.0,68.7,45.03,51.3,3.32,82.8,223.0,103.2,96.33
3556.0,63.0,44.92,41.23,3.86,83.9,354.0,12.9,107.21
4051.0,79.7,34.6,43.59,10.71,27.6,171.0,114.3,241.94
2743.0,120.0,43.09,28.02,13.84,22.9,446.0,89.3,409.24
891.0,96.9,5.35,31.49,6.52,12.3,268.0,19.1,125.53
2917.0,59.8,43.38,26.48,3.52,31.3,230.0,83.8,111.2
3141.0,102.8,16.71,29.97,4.99,79.7,578.0,81.2,85.07
3854.0,37.1,9.74,29.0,7.37,31.6,488.0,34.1,94.48
2442.0,23.0,12.73,40.78,5.07,75.6,494.0,93.4,91.0
1074.0,40.4,21.48,42.51,4.27,32.7,412.0,19.6,152.07
1777.0,54.0,13.31,57.8,11.3,45.6,520.0,63.8,247.38
2134.0,71.1,16.71,27.82,1.11,98.5,480.0,11.1,23.98
3407.0,81.5,7.61,45.67,8.55,32.0,399.0,116.6,102.79
3069.0,111.1,15.51,52.69,12.11,43.9,581.0,92.7,212.85
2102.0,71.0,29.04,42.41,4.73,37.1,196.0,27.5,134.11
4939.0,70.1,22.65,30.2,9.45,19.9,572.0,47.6,155.13
3226.0,25.0,17.99,30.5,10.36,54.1,301.0,27.7,196.82
1568.0,23.5,37.58,21.57,10.17,44.1,364.0,94.3,376.63
958.0,75.1,44.78,32.22,7.24,72.5,161.0,16.5,397.69
1188.0,63.8,38.08,49.78,5.85,83.6,370.0,102.4,254.42
1607.0,103.9,17.27,21.9,12.7,59.0,406.0,113.6,302.11
1223.0,36.1,37.48,28.77,11.62,12.9,599.0,84.4,460.45
1340.0,22.5,8.45,48.25,5.5,65.7,588.0,33.4,101.99
1783.0,64.9,7.39,51.31,2.44,15.0,583.0,49.6,39.27
1280.0,43.7,17.94,38.21,2.01,65.5,274.0,62.5,54.73
4535.0,25.0,40.58,47.92,2.32,71.7,596.0,76.5,52.12
861.0,92.5,13.07,35.52,9.16,27.8,328.0,83.6,271.34
2860.0,31.2,4.1,26.4,1.72,83.7,526.0,71.0,15.49
2347.0,80.8,7.45,35.93,5.72,92.0,208.0,48.6,76.39
4921.0,48.1,43.08,43.2,11.54,83.2,353.0,108.0,268.91
1004.0,37.3,32.06,57.92,5.12,37.5,583.0,19.0,218.29
2290.0,58.0,13.41,22.75,11.69,62.8,574.0,61.3,219.92
4863.0,100.1,28.21,40.3,11.44,92.3,442.0,95.3,208.26
4395.0,59.2,26.85,33.16,4.44,38.9,499.0,16.7,84.66
4177.0,95.1,33.12,40.33,11.2,83.8,188.0,87.6,250.06
1661.0,32.5,12.43,20.96,11.47,10.9,461.0,100.2,238.22
1269.0,97.3,43.36,32.52,6.56,10.3,409.0,82.7,295.54
3509.0,43.7,16.16,52.79,3.95,78.4,146.0,11.4,68.4
4682.0,87.7,35.01,42.16,8.3,78.5,157.0,29.8,184.79
3005.0,76.6,1.79,38.02,13.9,81.0,154.0,47.6,87.03
3072.0,112.9,19.26,31.42,9.95,93.7,462.0,35.7,187.98
1760.0,58.7,18.23,31.92,3.42,20.6,171.0,115.9,87.32
3963.0,26.6,27.63,35.32,10.56,30.9,334.0,81.7,224.61
1342.0,21.9,4.56,53.42,6.98,91.3,278.0,42.7,105.51
1957.0,102.7,39.72,58.69,9.28,26.0,375.0,112.3,338.2
2414.0,72.5,11.67,37.55,11.28,71.4,453.0,91.5,191.41
2784.0,97.5,34.17,35.73,8.21,57.7,442.0,41.3,216.87
1591.0,43.4,40.36,53.86,12.4,17.5,358.0,51.7,484.13
1017.0,54.5,28.53,37.08,11.11,35.7,332.0,31.9,467.87
3248.0,23.0,37.3,42.08,9.61,56.8,299.0,116.8,261.24
1799.0,116.1,33.43,29.24,3.11,86.7,531.0,66.9,110.39
3116.0,86.8,18.42,49.74,12.7,73.7,265.0,108.6,251.16
1195.0,113.3,40.63,41.28,14.1,66.0,230.0,48.1,632.01
2665.0,46.5,15.44,52.36,2.92,54.6,472.0,104.7,53.19
2897.0,81.1,28.99,51.23,7.84,36.9,280.0,15.9,213.22
733.0,87.8,37.52,28.6,4.62,20.7,523.0,118.0,246.99
2015.0,51.8,19.57,48.63,11.56,46.8,264.0,110.3,284.68
1105.0,104.8,15.84,52.0,11.1,12.6,451.0,50.0,320.81
785.0,114.7,23.51,33.84,2.97,29.0,123.0,95.2,134.82
4955.0,108.5,41.08,26.9,13.28,48.9,293.0,92.7,299.99
1951.0,93.9,46.57,20.11,3.53,47.7,272.0,109.1,129.34
4144.0,47.7,27.71,38.04,12.16,14.0,508.0,43.8,235.45
1646.0,48.2,33.41,34.1,7.4,63.0,584.0,61.2,255.59
3567.0,116.3,45.26,42.2,5.6,59.5,330.0,105.1,155.56
3921.0,21.0,5.83,27.52,3.22,17.0,512.0,95.6,30.34
3180.0,91.6,12.37,54.39,3.35,94.9,450.0,53.3,52.81
2622.0,90.6,35.74,30.31,10.27,18.9,584.0,103.0,282.08
2353.0,82.3,41.36,29.06,8.71,86.9,506.0,15.2,276.44
2070.0,119.0,42.99,39.23,2.71,10.0,139.0,96.0,97.62
4683.0,51.2,21.34,39.95,2.58,89.4,457.0,32.7,42.17
4238.0,54.0,5.38,28.6,2.01,11.8,368.0,41.5,17.53
4843.0,27.9,22.45,30.87,11.41,78.2,108.0,64.3,195.63
1059.0,64.3,12.31,26.79,10.97,42.6,226.0,59.5,285.06
3789.0,46.1,15.27,48.74,1.82,76.4,561.0,67.3,28.69
4723.0,54.3,38.84,50.8,8.84,46.2,563.0,69.9,193.71
1316.0,103.5,4.7,38.49,2.19,16.4,499.0,46.5,31.1
799.0,113.5,41.55,48.56,13.65,79.1,591.0,29.3,754.98
3835.0,38.6,21.96,49.44,13.7,16.4,503.0,94.5,254.97
3085.0,57.3,30.21,25.53,10.78,93.0,105.0,54.0,268.2
4288.0,112.9,5.39,58.65,13.97,14.6,244.0,65.6,127.77
1129.0,26.2,17.53,52.84,12.36,53.1,115.0,80.9,404.79
4079.0,29.2,5.4,28.18,12.6,75.1,147.0,110.1,117.91
1407.0,36.3,48.12,27.45,8.98,45.4,209.0,87.8,413.4
1236.0,79.5,40.56,25.03,5.28,29.6,352.0,15.0,228.34
1239.0,35.0,23.52,25.54,4.05,78.3,524.0,102.2,131.54
4166.0,116.8,11.96,49.93,5.58,80.6,531.0,118.8,70.27
3493.0,64.7,46.74,38.79,9.8,93.0,408.0,62.0,292.88
2854.0,70.2,17.89,51.32,3.42,43.9,564.0,116.7,69.33
2115.0,44.7,8.89,49.85,4.62,55.6,350.0,70.2,76.23
4447.0,67.1,28.6,44.18,7.55,42.7,545.0,60.6,151.37
2266.0,86.2,47.24,47.45,4.26,33.1,327.0,46.5,155.57
4175.0,95.1,1.19,20.73,9.24,77.6,239.0,82.3,38.59
2476.0,95.4,12.67,32.47,13.92,40.6,558.0,35.3,229.37
2196.0,77.8,46.98,45.51,11.47,48.5,294.0,21.5,422.9
2582.0,110.4,9.38,20.37,10.33,46.3,352.0,13.0,148.81
1856.0,101.7,6.55,21.32,9.16,74.1,264.0,42.2,135.18
3864.0,95.7,28.94,54.08,7.83,92.6,431.0,53.5,168.67
2762.0,25.6,43.23,47.36,3.61,70.0,598.0,70.7,115.97
1545.0,20.7,24.38,30.61,13.53,52.4,113.0,42.2,440.94
4548.0,41.2,49.73,47.52,4.48,80.1,550.0,118.2,113.99
2228.0,86.4,34.28,51.7,2.28,67.7,102.0,42.1,72.34
2946.0,61.1,4.63,32.27,11.5,15.5,282.0,58.5,118.64
4579.0,60.2,49.65,21.44,3.46,18.6,184.0,21.4,89.8
3309.0,108.5,20.99,57.31,6.21,13.4,479.0,38.7,124.61
1026.0,109.6,15.08,33.81,1.4,51.1,125.0,15.3,43.12
4729.0,110.9,28.34,24.26,2.92,84.3,377.0,71.5,54.18
3325.0,51.4,15.91,39.67,3.42,38.2,247.0,92.6,58.98
2007.0,89.1,5.24,50.74,1.76,44.6,167.0,31.5,21.74
1127.0,47.2,1.07,28.87,10.19,91.9,486.0,50.5,72.52
4073.0,39.1,23.03,30.78,12.72,85.3,209.0,11.8,243.24
3290.0,38.5,42.01,29.71,6.23,69.9,212.0,102.3,181.73
2901.0,54.2,29.04,59.67,13.24,34.0,238.0,95.8,339.53
4523.0,63.0,49.96,27.9,3.99,20.5,393.0,17.0,100.85
4049.0,103.1,15.06,43.02,5.56,11.4,430.0,50.1,80.03
1183.0,32.0,14.74,57.01,3.11,19.6,109.0,115.1,90.75
1903.0,93.5,8.83,25.88,9.69,36.3,221.0,53.1,160.91
1618.0,73.1,9.04,58.83,6.88,59.7,315.0,67.9,132.44
3848.0,48.8,14.97,57.9,9.59,15.8,266.0,49.1,154.18
651.0,69.3,39.85,55.38,11.66,22.3,542.0,75.6,718.81
3065.0,50.0,45.38,28.58,8.64,26.3,494.0,117.6,250.9
3931.0,79.6,48.78,45.36,9.79,66.9,413.0,119.7,269.39
4445.0,63.4,12.38,50.44,14.09,65.4,269.0,95.2,185.69
2039.0,36.4,44.18,59.44,5.19,59.6,450.0,54.5,187.26
4196.0,31.7,17.08,27.22,6.03,32.5,522.0,64.4,89.69
998.0,74.7,6.53,50.64,11.05,43.4,397.0,49.2,207.13
4309.0,110.2,43.63,33.55,9.56,18.7,492.0,118.4,229.15
1074.0,54.4,32.17,27.03,3.5,30.4,475.0,87.9,152.04
2288.0,93.3,9.07,36.86,6.27,90.8,386.0,59.4,99.25
4088.0,85.9,22.06,51.75,7.55,98.2,256.0,11.3,142.74
1175.0,113.2,15.08,38.59,6.87,68.3,473.0,67.3,185.67
1532.0,102.1,37.1,41.5,3.5,92.5,203.0,118.2,139.49
3750.0,76.7,23.22,59.81,13.94,67.8,490.0,67.5,271.52
3740.0,85.7,49.47,35.96,11.67,13.0,502.0,30.1,343.64
3385.0,109.8,3.68,44.62,7.74,99.7,511.0,12.4,61.23
3623.0,60.0,18.4,34.61,10.52,18.9,336.0,49.0,181.31
2942.0,52.7,24.61,35.71,13.56,71.4,196.0,111.0,299.92
1633.0,21.1,25.65,47.83,2.91,32.8,150.0,119.6,87.63
2056.0,102.7,16.48,57.52,4.51,45.3,472.0,114.0,96.4
1317.0,100.1,36.73,41.69,8.6,68.1,543.0,90.2,347.93
4588.0,30.4,43.86,50.74,12.19,49.3,425.0,71.4,288.9
3125.0,77.7,47.0,23.57,1.51,32.5,172.0,75.0,40.49
2304.0,66.4,40.45,28.45,14.78,40.1,567.0,69.3,482.94
2579.0,31.9,42.68,40.09,7.37,40.7,595.0,87.8,216.0
4763.0,118.1,27.98,20.8,6.03,96.3,317.0,56.1,114.86
1190.0,41.5,41.47,30.11,5.1,81.9,397.0,83.6,231.46
3138.0,26.7,15.87,40.7,3.44,51.3,489.0,23.4,64.09
2776.0,79.5,20.53,20.6,12.08,28.0,468.0,39.2,258.06
3252.0,93.9,16.53,30.58,14.38,83.0,584.0,102.0,239.59
581.0,23.2,23.9,40.56,6.79,24.1,157.0,109.4,337.43
4425.0,85.9,14.99,42.93,14.33,28.9,390.0,69.3,215.34
4695.0,73.2,48.12,57.03,12.53,42.9,446.0,13.5,305.31
3043.0,30.3,16.33,45.81,7.73,89.2,545.0,112.0,137.53
3635.0,37.3,5.8,36.59,10.44,21.9,537.0,87.2,99.99
4651.0,76.8,26.81,57.21,7.09,21.0,589.0,55.5,130.95
3683.0,49.6,3.8,51.4,8.82,54.5,356.0,75.8,71.44
1186.0,113.8,6.42,28.0,1.81,34.9,515.0,57.3,32.28
3093.0,101.9,11.75,25.23,10.75,61.2,314.0,61.2,164.61
3230.0,118.4,23.75,47.03,1.74,50.6,311.0,107.5,37.15
2409.0,46.0,22.23,42.4,12.44,49.1,227.0,27.7,306.43
3814.0,117.0,40.18,51.59,12.55,20.1,509.0,21.4,320.85
4705.0,63.1,37.23,49.55,4.32,22.7,593.0,10.3,92.76
4665.0,54.8,21.89,45.01,5.53,83.9,228.0,44.5,95.86
2529.0,25.0,17.35,59.46,7.74,89.7,128.0,26.2,163.14
1010.0,25.3,16.51,41.34,9.35,31.1,508.0,34.2,286.55
4932.0,89.2,38.93,24.52,5.02,20.2,410.0,11.2,108.25
4275.0,65.8,3.55,53.13,9.29,14.8,580.0,35.0,65.71
1061.0,42.7,1.63,30.07,5.17,64.7,226.0,46.6,50.53
4644.0,81.4,39.98,51.09,1.78,74.4,136.0,13.5,43.79
4415.0,45.3,24.38,58.28,1.04,43.6,346.0,76.9,19.05
2835.0,77.8,7.41,47.87,2.42,71.2,143.0,72.6,31.62
3161.0,55.9,12.54,43.84,12.09,74.2,231.0,20.7,194.05
2296.0,102.4,46.69,38.42,14.46,94.2,163.0,75.5,509.11
746.0,102.1,43.12,34.58,6.98,15.8,212.0,119.9,415.06
2008.0,67.7,35.78,34.12,8.18,27.3,153.0,113.9,279.6
4113.0,55.1,24.63,45.45,3.06,16.2,577.0,10.3,58.44
521.0,56.3,26.5,50.05,8.71,88.1,239.0,97.5,496.92
2001.0,100.6,48.79,47.14,3.03,81.3,322.0,48.9,115.97
2292.0,52.8,48.32,27.94,9.56,61.7,549.0,17.0,355.66
2918.0,40.9,11.55,39.76,14.07,17.5,439.0,42.6,213.71
4639.0,28.5,40.74,51.67,3.74,34.6,409.0,45.4,83.16
2059.0,66.7,10.66,39.03,11.7,36.8,453.0,67.6,211.27
2061.0,68.2,11.46,41.46,1.33,60.5,514.0,82.7,23.97
3819.0,104.1,34.13,50.85,6.26,33.2,539.0,92.4,142.84
2535.0,42.1,20.85,46.45,2.55,16.6,421.0,37.0,56.57
1511.0,58.1,46.65,36.37,5.93,75.8,545.0,45.4,267.22
2536.0,100.8,5.36,55.82,3.43,36.9,368.0,43.9,40.15
1134.0,102.4,26.06,26.5,6.23,50.7,239.0,49.9,237.92
1294.0,58.5,46.01,59.82,6.85,21.5,540.0,120.0,316.89
2743.0,65.9,45.3,24.75,5.21,82.2,371.0,95.6,163.16
2385.0,50.3,8.67,20.6,10.19,60.9,553.0,117.2,150.51
4617.0,113.3,18.97,55.6,13.86,91.1,120.0,86.2,225.92
2131.0,31.9,31.34,29.8,6.61,54.6,299.0,54.7,189.25
3113.0,113.4,8.81,49.19,3.69,94.7,574.0,52.9,49.28
3345.0,88.4,48.43,52.44,4.79,90.3,225.0,63.7,148.49
559.0,73.2,45.82,54.36,12.96,61.9,571.0,55.9,914.05
3486.0,23.3,9.18,59.66,9.0,94.1,577.0,101.1,114.45
1301.0,67.6,6.94,31.76,7.37,39.1,541.0,61.2,128.16
4825.0,60.8,5.19,48.41,3.09,42.9,382.0,42.5,25.37
1169.0,36.1,45.56,24.62,7.3,14.1,423.0,95.2,344.95
2366.0,85.6,10.49,36.27,4.9,63.0,535.0,104.0,76.84
884.0,117.1,21.4,53.92,14.2,75.0,488.0,56.2,566.81
4986.0,76.2,22.99,34.71,13.38,79.6,415.0,83.5,211.94
2760.0,91.5,30.35,43.64,2.17,23.5,591.0,16.5,59.74
3179.0,26.8,4.52,40.15,8.23,50.0,443.0,68.2,78.01
802.0,61.8,12.11,45.84,4.15,25.9,588.0,14.9,118.47
3875.0,31.6,46.64,58.92,6.75,69.6,129.0,13.2,191.74
1445.0,81.3,45.51,22.23,13.28,24.2,169.0,77.4,579.73
4541.0,113.8,39.28,42.96,8.39,91.4,326.0,43.4,197.25
1423.0,86.2,1.95,54.52,5.68,30.8,292.0,91.7,51.22
1358.0,27.7,17.02,39.26,3.91,36.2,491.0,108.6,105.79
664.0,55.5,31.77,23.14,12.2,86.6,180.0,25.3,664.41
2624.0,75.1,14.48,42.42,9.74,51.3,588.0,89.7,170.31
3042.0,60.3,45.57,33.28,7.55,12.2,258.0,66.6,223.44
796.0,103.4,32.06,26.2,4.04,54.5,314.0,22.3,206.35
3990.0,101.5,4.52,53.96,5.68,17.6,237.0,81.7,45.91
2540.0,81.2,45.54,40.86,14.44,98.7,390.0,77.0,482.55
2860.0,57.3,47.93,57.33,8.28,62.9,129.0,66.7,282.55
2483.0,45.5,4.81,52.24,6.61,33.1,175.0,111.9,72.97
2303.0,30.6,27.09,47.72,8.3,60.7,473.0,67.3,221.77
3018.0,55.5,15.86,20.2,11.91,16.9,193.0,119.0,218.01
1199.0,61.3,20.25,37.11,5.76,82.0,218.0,66.0,183.41
1319.0,87.6,9.8,27.9,3.5,93.3,496.0,22.7,72.06
4378.0,85.8,29.33,56.43,9.19,88.7,147.0,61.8,190.39
4758.0,27.0,47.94,26.98,10.31,40.8,319.0,30.1,264.66
2180.0,59.5,25.65,31.44,10.98,39.3,112.0,75.7,310.59
1718.0,38.2,5.06,40.67,13.35,13.2,273.0,86.2,172.55
3398.0,35.7,31.38,30.53,6.2,68.6,449.0,61.5,148.99
2339.0,102.7,17.67,28.39,2.05,58.1,145.0,20.7,46.17
614.0,24.2,42.94,43.96,14.42,51.3,544.0,61.6,971.75
1203.0,61.9,22.3,23.56,7.09,91.7,555.0,19.0,235.09
3722.0,36.8,10.45,22.33,9.73,25.1,152.0,85.0,127.29
3465.0,107.9,10.36,34.89,10.33,10.9,595.0,96.9,139.23
622.0,75.7,38.67,48.83,8.65,16.6,249.0,115.9,549.74
1499.0,43.1,14.01,42.19,3.87,30.1,142.0,26.4,102.13
1540.0,70.2,38.59,36.92,11.57,13.0,103.0,68.6,476.87
3524.0,93.1,11.09,42.63,12.25,55.3,304.0,72.4,171.9
589.0,115.8,16.76,34.62,8.74,38.3,415.0,111.5,344.62
968.0,42.0,23.81,57.45,7.84,26.2,266.0,79.0,305.75
4100.0,108.6,47.22,22.2,2.6,77.5,518.0,26.0,64.22
1303.0,113.4,46.65,46.94,2.18,28.4,458.0,58.0,100.88
3437.0,111.6,11.14,55.65,5.75,71.9,275.0,82.0,84.94
1572.0,83.5,18.55,52.16,5.35,41.4,467.0,87.0,143.12
947.0,83.0,8.32,27.36,14.35,56.1,570.0,104.9,328.23
1594.0,60.3,25.99,31.84,11.97,94.0,147.0,29.9,390.04
3750.0,95.2,23.57,48.68,10.24,13.4,253.0,114.7,200.09
4351.0,73.1,45.14,23.37,8.25,55.0,332.0,16.5,207.62
4236.0,87.7,46.57,52.47,3.34,86.9,349.0,118.2,88.06
2287.0,62.8,19.79,48.76,14.7,62.9,371.0,104.4,339.13
3506.0,93.1,25.1,49.18,6.25,34.9,250.0,82.6,133.54
1422.0,102.4,44.92,24.01,2.5,45.8,434.0,90.8,104.14
1819.0,34.6,40.53,48.71,7.91,71.2,423.0,18.0,291.63
4534.0,103.3,1.18,47.19,13.24,90.2,389.0,14.6,57.18
559.0,74.0,16.68,53.24,13.42,13.7,157.0,21.2,620.7
885.0,104.5,21.67,21.66,1.15,16.4,338.0,19.6,42.4
1435.0,63.1,12.26,20.92,13.41,39.3,278.0,70.2,281.46
619.0,57.9,10.78,34.92,4.8,31.0,346.0,33.7,157.45
1316.0,111.5,2.85,25.95,1.55,33.8,561.0,104.6,17.49
3124.0,45.1,32.53,42.34,12.87,29.9,340.0,59.0,321.42
2396.0,104.4,13.86,56.69,13.09,27.6,107.0,86.5,263.57
4517.0,68.4,3.57,35.66,9.35,21.8,319.0,81.8,64.82
4178.0,71.4,12.32,53.8,9.04,94.1,510.0,45.2,120.97
2038.0,50.8,40.29,20.01,12.38,23.0,490.0,36.7,428.49
1667.0,77.3,42.72,26.74,12.01,28.4,357.0,47.7,463.57
2209.0,52.5,24.67,21.22,13.46,32.2,225.0,97.6,344.97
3156.0,23.9,21.39,33.13,8.74,94.0,333.0,74.5,180.4
1706.0,47.2,48.91,56.33,14.55,78.0,382.0,37.9,620.09
3309.0,20.6,10.83,23.88,14.95,81.1,600.0,100.0,212.88
2342.0,117.8,11.55,44.26,2.63,19.4,422.0,16.0,47.02
2984.0,116.6,15.3,38.06,12.89,85.3,447.0,86.9,228.96
2463.0,59.5,9.47,57.54,8.0,46.7,346.0,58.3,124.84
1825.0,92.8,19.59,24.9,6.43,33.7,277.0,90.4,167.03
4768.0,54.6,45.63,28.48,9.58,61.8,506.0,112.0,221.27
3936.0,87.1,31.15,21.18,1.78,84.0,347.0,92.5,38.67
1131.0,100.5,21.19,37.36,8.09,80.1,597.0,58.6,259.37
4408.0,114.7,46.79,31.11,13.19,90.1,329.0,26.6,347.48
2693.0,60.0,3.37,54.8,3.99,93.5,134.0,98.7,36.31
4525.0,98.3,11.3,44.2,6.97,31.4,441.0,60.7,90.92
4099.0,46.6,28.73,44.56,14.15,48.1,123.0,18.3,326.3
2413.0,119.0,31.16,41.28,7.0,11.3,225.0,89.1,203.25
601.0,22.6,2.94,23.67,6.02,89.1,277.0,42.1,103.99
1709.0,80.4,20.75,37.8,7.17,23.9,470.0,15.4,189.12
2937.0,86.0,32.81,59.98,8.27,87.5,347.0,109.3,224.5
3351.0,88.8,35.21,53.41,9.85,39.6,114.0,63.1,261.08
1660.0,32.0,32.27,55.74,12.21,43.1,408.0,40.9,434.11
1127.0,113.9,16.71,52.93,7.33,13.5,306.0,88.8,235.15
4257.0,38.1,5.58,24.12,12.44,39.4,561.0,107.4,103.8
4930.0,82.3,21.93,29.1,8.47,90.0,350.0,10.0,136.11
2866.0,42.3,7.31,20.12,5.74,12.3,454.0,85.7,68.8
1273.0,50.7,47.43,32.14,10.21,46.6,209.0,94.4,500.48
1725.0,74.6,24.28,24.34,11.05,12.8,480.0,33.1,322.58
583.0,61.7,16.55,38.91,8.81,43.4,460.0,63.9,353.24
4614.0,36.0,38.55,47.09,1.79,25.5,552.0,19.8,41.27
1030.0,37.1,25.4,54.98,3.38,32.7,117.0,92.1,130.82
3094.0,61.8,16.19,49.97,4.99,89.0,324.0,103.2,87.54
1733.0,95.7,40.79,57.54,4.96,49.2,440.0,21.9,190.65
2994.0,109.8,43.49,22.16,10.43,34.6,148.0,99.8,304.87
3431.0,28.4,33.98,20.49,1.26,63.0,305.0,94.9,31.14
4234.0,59.3,3.3,46.45,11.58,22.8,571.0,48.2,79.62
1429.0,30.0,28.75,31.57,4.71,33.3,318.0,85.9,172.71
549.0,21.7,38.4,30.14,5.34,59.2,593.0,10.0,338.77
1116.0,86.2,7.69,33.24,8.39,31.4,128.0,112.5,172.91
4550.0,80.2,12.2,30.79,4.02,71.1,459.0,70.5,52.3
4433.0,36.3,44.24,40.46,13.38,54.2,391.0,78.2,327.86
3188.0,43.4,1.99,37.61,2.2,79.5,350.0,83.1,14.08
3202.0,22.4,37.88,40.5,7.22,95.3,585.0,71.8,192.49
3493.0,103.5,24.21,46.91,12.89,20.4,165.0,104.2,251.37
1289.0,117.5,22.89,35.49,9.62,40.1,548.0,77.1,319.51
4615.0,33.5,1.35,30.05,5.09,38.8,446.0,109.9,21.49
2384.0,43.1,41.15,26.65,6.89,23.6,229.0,74.1,229.94
2224.0,106.8,18.63,33.98,10.89,82.9,551.0,28.8,228.17
2835.0,112.6,27.5,49.67,14.63,78.4,315.0,110.5,350.62
711.0,62.0,34.19,50.27,13.5,53.6,507.0,85.0,711.88
1248.0,25.1,35.43,46.68,5.79,58.4,294.0,86.9,237.32
3821.0,23.9,47.84,29.36,14.97,15.4,525.0,118.4,419.15
873.0,77.4,27.04,43.52,1.05,60.0,418.0,18.3,45.97
3214.0,59.3,20.59,42.83,1.39,81.2,171.0,57.1,28.08
1604.0,22.9,47.73,39.37,12.53,61.6,425.0,36.3,542.7
2252.0,78.3,32.46,42.0,3.79,33.9,196.0,79.3,116.37
1799.0,21.1,15.61,39.67,1.85,70.1,306.0,98.7,38.29
2101.0,98.7,7.2,42.62,4.32,42.5,185.0,116.3,61.93
3736.0,50.6,42.29,48.62,6.97,59.0,111.0,60.0,181.74
1837.0,24.0,18.75,24.39,11.23,53.9,206.0,96.5,282.24
3049.0,78.8,33.36,49.99,9.74,44.3,368.0,110.9,249.51
2642.0,59.8,24.07,25.44,4.33,74.7,341.0,85.2,100.5
3487.0,117.4,10.75,22.67,8.05,89.5,351.0,36.7,102.55
4716.0,74.4,30.48,59.04,13.97,10.5,224.0,76.9,283.42
3797.0,47.5,3.97,58.28,12.41,94.0,443.0,116.7,102.35
1467.0,90.9,21.25,22.42,5.52,56.0,452.0,118.6,164.93
640.0,47.1,27.78,37.73,14.75,73.1,279.0,80.7,778.53
1680.0,110.4,22.37,27.45,10.92,87.0,541.0,107.6,287.2
3178.0,57.5,37.68,39.41,1.87,52.0,422.0,32.0,52.37
731.0,75.0,41.57,53.21,1.49,85.1,457.0,37.1,90.62
2734.0,25.1,38.79,58.02,3.36,26.0,239.0,114.8,100.49
3186.0,62.6,2.9,45.37,11.19,24.3,100.0,24.9,81.65
2004.0,103.2,10.51,34.16,3.57,69.2,533.0,31.0,64.71
3969.0,100.6,27.29,44.13,8.16,88.3,511.0,56.3,162.69
980.0,42.4,46.81,32.48,2.31,90.3,162.0,74.9,127.34
838.0,42.6,41.91,56.39,13.89,67.9,287.0,76.4,785.99
3777.0,101.7,42.28,54.82,5.82,57.3,431.0,42.1,161.01
2730.0,113.0,15.86,42.33,13.71,39.8,426.0,111.3,253.75
3598.0,29.5,22.04,32.99,14.23,98.2,530.0,110.7,265.88
2457.0,65.0,24.06,31.74,1.09,38.8,170.0,53.1,28.23
1609.0,53.7,8.71,21.34,7.5,77.0,315.0,57.8,132.15
4186.0,107.1,2.52,52.63,1.35,57.9,149.0,87.3,8.61
4097.0,28.4,47.4,38.02,13.72,64.8,295.0,82.9,363.16
3626.0,41.1,12.79,33.01,8.26,45.4,108.0,52.1,120.27
1725.0,95.2,12.76,38.84,2.05,96.8,549.0,55.6,42.75
3156.0,25.1,5.09,52.75,2.54,61.5,364.0,48.3,26.17
2124.0,69.3,46.5,24.98,6.37,94.4,525.0,35.9,236.27
912.0,64.2,29.41,54.31,14.16,10.7,130.0,60.4,682.41
4628.0,53.4,33.68,55.9,10.7,61.5,214.0,85.5,229.67
1116.0,59.5,45.67,57.87,13.15,74.5,230.0,91.6,654.41
4776.0,73.0,17.94,35.9,6.13,77.1,293.0,95.7,91.69
2507.0,36.1,31.45,28.69,1.6,91.4,501.0,51.2,41.9
1333.0,77.2,2.9,34.95,14.64,10.4,293.0,94.1,167.11
2939.0,100.5,10.15,33.32,1.24,10.0,202.0,10.7,18.22
4428.0,96.0,41.73,27.05,14.27,52.5,132.0,62.5,354.02
3795.0,35.4,38.57,44.29,6.16,12.6,140.0,97.3,146.38
4130.0,34.9,18.18,39.06,1.14,97.7,480.0,79.3,18.01
3465.0,46.8,19.46,54.63,10.65,30.0,322.0,62.1,196.65
3615.0,56.1,27.14,21.28,14.73,52.5,463.0,80.9,316.34
4321.0,60.8,1.01,45.75,14.52,15.5,441.0,109.8,52.43
1624.0,88.0,12.82,50.52,3.25,57.0,168.0,72.3,74.05
2702.0,25.7,11.2,50.38,3.54,44.2,171.0,98.0,57.39
1495.0,23.5,13.27,55.44,8.92,14.0,478.0,117.9,212.31
4945.0,59.2,40.49,49.16,9.92,40.2,461.0,87.6,224.47
4748.0,89.7,14.7,57.11,11.35,45.2,289.0,73.1,160.26
677.0,39.3,10.38,33.31,3.53,99.1,139.0,14.1,109.32
3675.0,84.2,25.71,40.13,14.43,28.7,106.0,51.2,290.14
4664.0,46.0,43.42,20.56,9.94,59.0,244.0,72.2,236.99
1313.0,108.6,12.83,20.28,12.86,98.9,105.0,97.7,319.5
3056.0,109.6,4.85,29.61,8.56,81.3,215.0,58.2,80.86
4620.0,49.7,18.46,24.03,6.8,99.4,310.0,115.6,100.25
653.0,43.0,37.63,30.41,14.68,97.1,161.0,39.9,892.92
3638.0,61.1,27.98,27.08,9.15,54.1,152.0,91.9,201.14
1838.0,44.1,41.02,21.14,13.14,72.7,548.0,56.1,454.0
4660.0,87.2,48.02,56.37,14.35,19.9,393.0,63.5,358.34
4870.0,102.6,39.84,20.33,10.45,49.7,567.0,98.3,210.52
4749.0,87.3,30.59,49.44,8.69,82.8,273.0,42.6,183.6
2634.0,102.4,25.17,26.09,1.05,55.5,439.0,20.6,24.07
4379.0,59.7,2.96,56.49,1.56,73.2,202.0,67.2,10.53
4300.0,35.6,49.23,55.71,3.81,77.1,409.0,68.2,101.67
1936.0,93.8,19.79,46.16,3.6,32.8,165.0,97.7,95.43
4230.0,56.0,8.46,46.89,4.57,88.8,101.0,116.5,50.43
667.0,87.1,33.67,20.21,5.27,51.4,566.0,16.1,284.5
3183.0,47.1,14.93,59.39,6.04,28.9,377.0,75.1,98.5
1535.0,28.1,29.7,55.11,6.89,87.9,563.0,84.9,220.57
1043.0,119.3,29.75,55.8,2.38,47.6,267.0,118.4,102.76
846.0,35.6,22.84,46.37,1.59,77.5,264.0,113.7,61.61
3633.0,118.8,41.97,33.79,10.44,59.3,300.0,88.4,274.14
2029.0,117.7,13.98,55.75,8.52,44.4,453.0,67.4,181.08
3761.0,99.4,22.98,31.66,7.22,82.9,383.0,27.8,142.26
794.0,85.9,27.35,42.51,9.88,62.6,563.0,52.3,437.17
1919.0,77.8,33.52,23.99,12.59,45.2,113.0,74.4,394.99
2928.0,106.6,39.41,56.88,6.99,19.9,454.0,89.8,203.71
4058.0,48.9,20.35,25.63,9.98,90.6,265.0,79.9,180.4
1934.0,66.8,32.66,29.0,14.35,13.2,190.0,88.6,452.85
3317.0,81.9,8.38,42.33,12.75,87.7,355.0,57.2,155.39
4487.0,61.1,46.7,50.56,6.96,42.4,353.0,90.0,173.88
3271.0,62.7,19.77,44.77,10.03,67.5,169.0,25.8,202.51
1548.0,53.0,36.75,29.29,3.48,93.0,201.0,27.9,139.33
610.0,76.4,2.0,20.04,8.85,23.7,304.0,27.9,119.83
4415.0,105.1,11.05,50.29,14.74,61.0,304.0,108.0,175.31
596.0,40.2,24.87,59.41,8.26,78.8,259.0,18.4,464.01
4436.0,113.4,44.03,52.4,13.99,78.2,174.0,98.2,351.17
2880.0,88.9,26.84,38.41,6.7,57.3,102.0,35.7,166.29
4726.0,102.3,46.56,56.15,14.98,66.2,585.0,61.5,357.33
4095.0,75.6,24.71,36.39,9.11,78.2,572.0,110.8,171.27
4991.0,98.0,25.03,41.0,1.59,85.7,342.0,74.5,28.7
2078.0,21.6,6.87,39.09,9.21,78.6,598.0,33.1,129.62
3952.0,101.8,40.33,37.9,4.84,41.9,437.0,41.2,126.66
2309.0,24.0,13.1,51.01,1.45,99.7,134.0,111.2,27.49
2659.0,109.0,45.08,41.07,12.49,49.1,159.0,57.0,408.51
3324.0,119.2,45.63,32.67,4.86,12.2,558.0,74.6,137.57
4432.0,49.4,47.22,30.33,12.15,42.6,415.0,60.6,310.05
4928.0,41.0,26.49,21.51,5.04,21.5,522.0,51.6,88.99
3957.0,96.5,34.18,43.33,3.72,20.9,549.0,34.6,81.35
2380.0,45.3,39.15,29.2,14.64,35.3,324.0,85.5,463.35
2396.0,106.6,7.42,25.93,6.06,14.8,124.0,89.0,82.98
3819.0,30.3,30.45,46.15,9.42,72.0,194.0,40.2,210.19
1574.0,32.6,2.68,47.25,9.54,16.7,133.0,96.8,99.78
997.0,117.9,25.38,50.09,8.85,28.3,194.0,104.0,345.36
2096.0,87.4,8.59,40.14,13.81,18.4,305.0,111.3,210.25
1793.0,104.7,9.96,55.76,10.44,15.7,159.0,27.7,185.29
1833.0,52.4,18.89,57.45,6.65,34.1,183.0,43.4,182.78
1551.0,87.6,22.19,52.29,13.07,61.5,323.0,104.6,395.94
689.0,79.4,31.54,45.42,3.53,96.8,270.0,31.8,190.33
580.0,80.3,4.65,32.15,8.62,88.8,334.0,10.4,188.11
4945.0,88.3,25.68,59.32,14.31,88.8,315.0,105.8,236.38
2425.0,77.5,9.95,30.97,9.76,25.8,422.0,45.9,149.43
2229.0,62.9,29.12,28.11,12.44,33.8,569.0,55.6,347.85
3558.0,47.6,32.23,37.69,10.15,16.9,154.0,59.1,250.67
1482.0,96.9,28.28,22.27,12.75,80.1,150.0,103.3,442.46
4775.0,42.6,37.18,59.14,14.22,16.3,526.0,47.2,313.16
4039.0,89.2,17.44,43.54,4.82,60.1,353.0,108.2,81.0
902.0,43.3,38.49,42.28,3.38,32.3,483.0,77.9,168.36
2379.0,82.5,22.21,46.23,7.78,31.9,208.0,68.0,195.91
4456.0,94.7,24.73,39.88,10.83,99.2,514.0,45.8,194.67
4751.0,41.9,32.76,21.28,4.18,78.1,562.0,36.8,80.8
2603.0,26.0,1.9,44.49,1.06,85.3,418.0,78.6,6.82
3260.0,33.1,33.05,48.65,5.8,61.5,153.0,59.2,144.2
1252.0,80.6,31.31,36.67,14.56,88.4,548.0,110.2,562.04
4960.0,104.9,16.18,50.29,10.73,68.1,496.0,64.1,147.51
1543.0,24.5,5.2,29.08,6.62,95.2,475.0,66.3,90.01
4742.0,93.4,5.46,28.85,3.7,35.3,118.0,55.8,32.18
3423.0,54.1,46.24,26.46,5.99,63.6,499.0,96.8,167.76
3235.0,67.9,34.77,34.88,3.38,72.1,169.0,56.7,90.59
2807.0,112.9,7.23,53.88,2.49,45.4,211.0,39.6,32.8
1538.0,53.2,18.48,53.12,13.69,89.2,389.0,104.8,363.17
1294.0,66.5,30.03,35.31,14.97,98.2,232.0,75.7,568.73
1492.0,21.4,41.94,43.56,3.3,54.4,431.0,75.1,136.37
1339.0,28.2,3.14,48.83,1.76,45.2,404.0,77.2,20.55
4008.0,45.9,12.6,29.65,5.62,52.5,154.0,89.1,75.75
2076.0,22.8,44.6,26.73,7.46,86.7,428.0,44.4,260.86
760.0,83.1,1.45,58.88,3.87,68.1,562.0,13.7,44.63
4861.0,62.6,10.87,44.7,5.22,14.0,181.0,99.2,61.25
4477.0,74.8,47.99,59.26,3.81,58.8,399.0,24.2,103.54
4675.0,37.5,31.06,33.51,11.84,11.6,271.0,89.4,234.77
4977.0,49.6,13.82,48.12,10.98,80.1,330.0,19.1,149.88
1283.0,86.4,4.28,28.9,9.89,39.5,244.0,51.3,145.75
2283.0,116.5,2.38,30.45,6.42,52.5,277.0,16.9,53.24
3912.0,25.0,12.99,40.48,13.73,81.9,114.0,67.4,202.97
3632.0,109.0,44.19,32.78,14.57,14.2,591.0,81.8,399.6
1193.0,77.7,21.38,26.7,3.43,24.3,412.0,28.9,113.65
4171.0,76.4,36.3,30.52,4.12,45.8,350.0,50.9,99.45
1510.0,70.0,46.0,21.43,8.36,30.7,292.0,112.3,336.12
1507.0,26.9,20.99,48.18,2.28,40.4,370.0,58.7,67.71
2916.0,29.0,10.37,39.68,7.11,99.8,290.0,98.3,105.75
3168.0,80.1,26.34,23.77,9.15,84.3,280.0,112.0,196.96
3110.0,54.1,45.5,26.87,8.31,89.6,332.0,117.2,247.6
912.0,111.7,40.41,24.1,5.63,94.3,238.0,108.8,276.84
4449.0,60.7,4.23,44.5,8.59,40.7,190.0,44.9,65.91
1695.0,34.3,34.94,23.77,14.42,36.7,378.0,115.9,467.77
1083.0,91.5,29.02,50.17,3.88,31.1,521.0,99.4,162.18
4499.0,49.3,45.47,20.82,10.17,84.7,176.0,102.1,249.17
4800.0,72.5,7.0,29.98,1.61,71.2,116.0,11.7,16.6
4380.0,89.8,27.17,55.63,1.93,31.3,223.0,115.0,39.22
4143.0,110.0,44.09,48.74,8.73,43.9,590.0,95.6,220.51
3449.0,99.2,21.09,22.92,2.47,55.6,514.0,94.5,45.1
2979.0,87.6,24.62,52.85,1.31,57.5,398.0,19.0,29.1
891.0,88.0,4.45,39.72,3.4,90.0,565.0,35.6,59.43
2338.0,114.6,14.63,53.87,8.91,44.3,323.0,115.8,174.98
2177.0,49.6,16.9,44.03,10.85,91.8,592.0,65.1,222.14
1669.0,20.1,47.31,47.27,3.83,49.7,248.0,53.8,155.61
3755.0,47.2,14.85,59.74,10.36,77.2,220.0,102.4,160.45
2731.0,41.8,23.58,29.29,3.55,93.7,419.0,19.6,85.53
865.0,86.2,33.89,44.96,9.59,91.7,289.0,55.9,507.65
1491.0,83.4,8.95,38.41,6.77,15.1,413.0,51.3,129.87
3575.0,79.3,24.84,21.58,10.15,28.5,252.0,48.5,209.52
843.0,21.6,37.19,20.58,14.93,52.9,409.0,43.8,752.9
4330.0,92.9,43.48,24.77,14.13,48.8,238.0,33.1,341.81
2728.0,52.4,31.69,45.96,1.06,67.7,125.0,29.0,30.53
2663.0,86.5,33.78,42.69,13.4,95.0,556.0,80.4,385.66
3166.0,75.7,7.19,42.14,1.93,20.1,542.0,111.1,21.55
4211.0,54.3,47.34,21.27,14.34,50.7,585.0,66.0,359.53
2065.0,33.5,7.5,38.77,4.95,27.3,458.0,42.8,72.18
3551.0,29.4,38.96,56.98,6.35,90.5,441.0,27.5,164.89
3046.0,103.2,13.98,35.9,2.28,96.8,380.0,101.3,39.06
1702.0,111.8,46.75,45.0,2.57,53.1,163.0,116.9,102.73
4454.0,85.0,36.28,51.19,11.17,19.4,195.0,48.4,260.91
4088.0,30.3,37.94,51.36,14.22,80.7,245.0,42.0,355.82
3463.0,60.2,11.73,40.77,9.55,72.7,545.0,76.2,133.99
4328.0,92.9,22.71,54.32,11.02,41.9,186.0,95.3,207.94
4403.0,98.0,31.27,35.66,11.67,89.9,561.0,60.1,238.29
3688.0,31.8,38.73,55.55,4.68,97.8,361.0,79.3,124.35
4267.0,20.0,6.09,29.61,1.63,60.2,458.0,88.8,14.2
3639.0,91.2,48.16,31.21,1.03,60.9,155.0,115.7,28.95
3561.0,55.7,44.62,22.12,5.91,36.8,235.0,28.2,163.76
3284.0,45.4,14.25,51.82,4.38,62.6,579.0,119.7,64.08
3887.0,21.3,41.32,36.68,1.87,49.6,233.0,53.1,46.76
1214.0,74.0,26.4,29.16,3.51,37.2,248.0,89.6,124.5
4464.0,105.1,23.63,29.27,2.74,16.0,199.0,73.0,50.99
4423.0,115.8,16.41,56.06,13.81,32.7,165.0,63.5,210.98
632.0,76.6,29.47,53.36,2.96,27.8,217.0,86.8,158.02
4216.0,71.4,36.76,42.14,8.53,58.8,421.0,53.5,201.31
1080.0,28.5,21.14,44.64,9.3,64.2,328.0,23.9,311.27
2008.0,74.9,31.83,38.97,8.61,64.8,377.0,63.8,250.72
3846.0,58.0,35.27,35.67,2.39,44.9,161.0,67.4,56.8
1223.0,80.7,35.84,56.62,5.46,47.9,501.0,32.2,222.93
4181.0,58.9,3.55,25.02,1.72,85.1,492.0,112.9,11.4
4245.0,44.0,43.13,36.74,6.54,52.9,111.0,35.0,170.64
2784.0,29.5,23.45,33.78,3.64,98.9,292.0,55.0,85.07
529.0,51.5,13.86,39.93,8.86,49.6,134.0,27.0,374.67
1792.0,29.7,12.85,38.31,10.7,68.5,496.0,68.9,227.59
3276.0,37.7,24.67,40.76,8.45,14.5,469.0,43.8,186.87
4915.0,118.7,44.45,25.6,7.08,68.8,551.0,63.8,150.63
3343.0,64.4,19.54,40.53,6.42,86.6,218.0,34.7,125.73
1669.0,73.2,37.74,29.7,12.78,94.8,328.0,15.9,469.42
3353.0,107.4,5.74,27.37,4.07,99.8,192.0,95.7,40.69
2930.0,119.6,24.33,22.59,11.28,35.4,286.0,80.5,255.23
4009.0,78.3,49.59,50.51,11.6,61.8,361.0,47.5,306.71
981.0,101.2,38.75,37.1,6.87,50.6,127.0,15.2,330.02
3925.0,52.7,11.32,45.07,5.16,60.7,457.0,105.2,68.87
2936.0,50.6,25.57,49.1,7.59,24.2,372.0,28.7,180.36
4833.0,60.3,12.45,47.17,2.3,87.1,514.0,112.4,28.48
2038.0,87.3,21.07,38.82,1.64,91.9,236.0,62.6,40.71
3347.0,88.2,39.22,35.52,2.56,50.5,552.0,47.4,68.67
4694.0,51.5,38.79,35.04,3.62,35.2,599.0,91.6,80.09
961.0,33.3,12.18,45.6,8.06,22.7,560.0,106.5,219.33
4718.0,83.2,46.19,39.79,12.89,71.5,489.0,50.8,300.91
3595.0,32.8,30.04,53.97,4.3,38.1,506.0,54.8,95.92
805.0,77.8,19.62,54.99,14.09,91.9,387.0,57.6,564.82
1854.0,89.3,25.59,26.82,14.37,70.4,195.0,111.5,431.77
3687.0,90.1,30.65,25.45,14.42,68.1,439.0,86.2,313.47
803.0,95.3,28.43,45.22,12.73,60.3,456.0,37.2,588.06
3120.0,107.3,24.83,32.05,6.09,14.1,593.0,30.3,130.47
2056.0,70.0,25.74,20.74,2.02,93.9,371.0,35.3,55.51
3294.0,93.0,9.64,55.55,8.96,66.5,236.0,39.0,121.81
706.0,81.9,40.82,29.08,8.82,99.5,442.0,35.3,472.87
4422.0,38.7,27.55,57.17,12.9,58.4,590.0,82.4,257.68
4881.0,22.6,7.42,48.7,14.94,73.9,189.0,22.8,157.25
4860.0,48.5,38.54,50.51,8.11,15.1,263.0,52.6,179.43
3873.0,64.3,46.69,28.06,5.83,66.9,371.0,78.8,150.9
1085.0,81.7,47.42,29.37,3.6,78.8,185.0,42.0,187.79
3912.0,105.0,19.08,40.85,1.07,80.1,111.0,17.2,19.0
611.0,39.6,7.64,26.88,8.13,79.3,268.0,19.0,233.0
600.0,32.6,26.4,32.22,8.78,30.4,533.0,23.9,448.45
1956.0,116.3,6.52,32.86,12.55,97.8,122.0,101.9,176.65
2699.0,30.8,46.77,26.39,8.06,99.6,314.0,82.4,249.07
3967.0,67.8,10.0,28.21,13.83,16.8,481.0,17.1,173.66
3575.0,78.6,13.39,51.54,9.79,94.3,577.0,53.0,149.42
2507.0,74.1,20.93,26.69,12.76,36.1,593.0,40.6,288.06
1731.0,28.6,19.78,21.14,3.08,72.0,311.0,73.6,77.76
4987.0,25.7,39.94,45.17,12.97,40.4,575.0,67.5,297.39
2418.0,30.5,23.36,59.04,10.45,97.1,118.0,62.9,251.5
2531.0,78.6,9.37,33.25,3.38,19.1,473.0,44.6,51.24
1236.0,74.4,14.09,24.75,3.66,54.8,421.0,25.2,89.84
4077.0,43.4,25.95,42.82,13.97,48.5,225.0,91.7,272.11
3622.0,83.8,8.23,56.25,1.45,39.3,354.0,106.8,18.03
1493.0,102.0,30.97,51.36,7.48,68.1,165.0,113.9,278.63
871.0,24.2,28.72,44.9,5.39,21.8,536.0,16.4,237.17
3562.0,69.8,36.02,32.6,10.31,74.5,279.0,91.4,251.33
3445.0,88.9,46.95,41.68,12.75,98.3,413.0,89.9,365.85
1730.0,45.2,45.7,23.65,6.05,82.4,179.0,114.2,244.94
4779.0,50.8,47.36,47.16,6.98,87.4,203.0,37.8,183.38
1180.0,81.4,12.99,49.0,14.75,42.4,596.0,91.6,369.08
2446.0,109.8,7.45,58.6,11.97,39.2,477.0,16.0,157.96
4746.0,101.0,15.81,30.42,13.56,56.5,581.0,79.4,187.59
2389.0,78.3,44.86,20.74,7.14,14.1,248.0,48.6,237.85
3373.0,93.0,48.63,41.82,4.28,95.1,182.0,94.6,123.76
2289.0,56.5,43.11,48.27,6.77,22.9,352.0,105.0,231.71
1734.0,84.1,6.39,51.62,11.03,91.3,347.0,50.1,167.02
4928.0,66.6,47.42,27.75,2.53,17.5,187.0,67.8,62.33
2342.0,39.0,21.74,30.47,4.79,84.0,467.0,22.9,109.7
4523.0,90.2,1.46,40.5,1.65,23.7,281.0,55.9,7.52
1535.0,75.6,22.68,33.22,7.05,13.4,193.0,49.7,206.47
1459.0,55.9,3.26,54.42,12.58,74.8,266.0,30.1,147.86
640.0,111.1,27.65,38.95,1.35,35.2,382.0,108.4,67.78
3433.0,22.1,17.59,51.98,10.45,74.3,463.0,26.3,196.42
2158.0,51.6,24.2,43.22,14.05,60.0,341.0,79.9,377.37
4390.0,25.7,31.05,50.92,4.32,19.8,363.0,107.9,92.77
2629.0,96.7,43.57,33.31,10.71,93.9,169.0,110.3,356.83
4857.0,90.2,33.43,53.26,14.65,50.7,557.0,97.3,328.01
1335.0,53.1,22.27,30.98,14.47,76.1,564.0,29.4,452.32
4409.0,87.6,41.15,41.84,4.29,55.1,442.0,99.9,105.31
3995.0,59.6,45.37,28.56,2.4,64.4,109.0,40.4,66.61
3969.0,95.6,6.87,39.02,3.08,37.2,369.0,111.5,32.21
4302.0,65.4,27.06,32.73,10.83,28.0,415.0,88.0,219.77
3925.0,61.2,14.94,30.67,11.16,58.8,597.0,96.4,161.36
3318.0,113.5,3.31,58.68,10.44,49.6,598.0,19.4,80.44
1091.0,45.1,33.76,26.4,5.71,45.1,529.0,74.1,242.43
646.0,32.0,43.28,51.49,3.38,70.5,132.0,100.3,220.84
4644.0,78.5,8.98,59.37,9.13,72.1,577.0,104.8,98.93
3275.0,116.9,40.81,20.8,7.77,14.1,406.0,13.1,221.74
4084.0,57.8,42.82,47.96,11.2,40.5,500.0,113.3,274.68
2667.0,26.2,45.8,30.12,7.18,47.1,304.0,14.8,232.08
1028.0,53.9,14.0,21.62,5.74,18.7,260.0,77.6,164.87
1063.0,70.6,45.29,36.12,5.11,31.2,332.0,86.3,257.57
3585.0,36.2,16.71,57.41,3.96,14.6,173.0,21.8,65.92
2436.0,85.8,28.06,20.47,4.72,99.7,279.0,15.3,123.08
1402.0,119.8,3.47,43.52,2.33,76.3,529.0,96.3,28.62
2712.0,65.2,3.15,40.06,5.86,17.9,119.0,52.3,52.92
789.0,55.5,36.3,54.94,1.51,11.8,175.0,21.8,80.76
3119.0,60.1,22.78,23.36,3.61,74.7,163.0,93.9,73.51
1710.0,31.5,13.56,47.26,11.45,49.5,302.0,103.4,253.67
4089.0,108.3,10.33,47.2,5.56,80.8,598.0,74.6,63.44
1897.0,61.5,33.83,46.76,10.36,93.1,187.0,27.7,348.43
2548.0,58.7,1.02,57.69,11.04,63.9,173.0,11.7,54.25
552.0,86.0,40.49,52.92,9.14,26.8,558.0,87.1,628.32
826.0,64.2,4.88,21.68,14.42,80.4,541.0,70.5,257.82
2266.0,84.8,10.38,38.84,1.3,96.0,116.0,81.6,23.32
2660.0,26.1,19.93,35.92,11.34,62.2,476.0,99.5,244.99
3200.0,101.4,24.76,32.41,14.42,71.4,428.0,57.8,303.64
1812.0,114.1,18.39,38.05,13.07,40.4,484.0,23.7,313.19
3627.0,84.9,16.71,35.37,3.35,44.3,347.0,113.4,55.17
4371.0,115.5,48.23,37.29,5.58,76.1,596.0,70.0,140.27
4009.0,35.1,32.44,59.17,3.41,93.5,122.0,77.7,79.89
678.0,67.7,2.15,23.55,9.42,66.6,217.0,112.7,126.61
2662.0,80.2,22.08,56.89,10.97,81.1,298.0,112.5,255.76
972.0,78.2,43.88,39.21,5.44,25.4,325.0,72.9,288.34
1589.0,60.1,15.77,44.95,8.55,29.1,561.0,42.7,206.08
4940.0,53.8,5.63,53.21,10.67,57.9,380.0,119.7,87.12
1141.0,32.7,38.16,34.42,6.9,25.9,123.0,84.9,314.94
2745.0,59.2,30.69,37.22,12.96,67.1,304.0,54.9,332.22
3282.0,36.3,28.95,36.38,11.8,36.2,308.0,71.6,274.69
3661.0,93.4,3.63,34.99,1.91,81.2,583.0,55.7,14.47
3018.0,40.9,7.88,57.02,9.7,82.7,400.0,107.7,123.86
544.0,25.9,31.5,53.16,4.29,51.7,418.0,63.1,270.95
1969.0,75.2,11.18,24.36,8.81,26.3,457.0,100.6,158.13
2830.0,79.5,25.7,24.32,14.4,68.2,485.0,102.4,336.96
895.0,107.2,27.7,37.11,13.31,99.4,418.0,100.7,573.2
2078.0,77.7,14.89,23.95,6.66,66.0,219.0,89.4,137.67
649.0,54.5,47.47,44.76,5.08,13.2,537.0,104.0,330.9
854.0,100.3,42.28,25.75,4.28,11.6,466.0,52.6,230.0
2286.0,74.0,36.4,40.89,8.46,38.8,471.0,22.6,265.5
1097.0,27.9,4.82,20.29,2.6,27.6,598.0,102.7,39.26
3054.0,76.6,6.2,32.66,8.69,83.2,501.0,64.8,90.55
3603.0,110.8,25.15,47.09,1.02,86.0,515.0,24.0,21.44
4103.0,59.6,8.87,39.36,5.53,33.3,576.0,22.7,64.42
1401.0,49.6,48.94,59.13,4.08,39.3,176.0,27.5,201.64
1254.0,34.3,8.77,54.96,14.6,31.3,349.0,92.6,306.17
971.0,35.1,24.89,34.36,11.18,91.8,390.0,88.2,446.81
3364.0,63.3,18.84,21.82,5.9,55.2,265.0,32.4,111.33
3679.0,79.6,32.33,53.83,2.3,69.1,520.0,103.2,53.92
642.0,28.1,7.32,56.45,8.24,47.4,481.0,40.9,213.54
4713.0,114.0,22.09,52.83,3.99,66.8,460.0,97.2,64.94
734.0,95.5,14.46,25.12,8.51,44.7,599.0,63.8,280.61
2936.0,78.7,44.5,59.92,12.7,40.6,230.0,90.5,396.94
3691.0,102.8,2.99,30.34,9.62,67.1,468.0,52.0,66.01
4419.0,28.0,45.77,48.97,9.87,63.2,376.0,48.2,236.92
3713.0,67.7,41.82,56.32,8.57,36.4,256.0,102.5,241.03
4108.0,83.0,15.58,29.43,13.98,23.4,180.0,13.9,215.22
2028.0,102.9,39.68,56.33,14.05,43.2,548.0,117.2,480.79
4167.0,98.3,2.53,32.38,8.18,47.4,398.0,81.3,50.92
861.0,47.7,48.38,59.06,5.28,66.6,512.0,57.6,288.84
4527.0,114.1,26.8,31.25,7.43,92.3,373.0,79.1,137.51
2964.0,32.4,15.86,58.14,3.61,13.3,210.0,23.5,67.3
4178.0,107.5,18.77,22.14,9.91,31.9,269.0,66.5,161.24
2535.0,117.1,4.25,48.37,8.0,27.4,291.0,118.4,80.94
3396.0,37.7,49.48,41.28,2.45,55.2,586.0,35.9,74.92
2869.0,92.2,2.93,39.12,3.77,48.7,103.0,89.5,30.98
3792.0,24.0,33.09,28.94,7.71,75.6,593.0,57.8,177.2
867.0,60.5,22.69,48.22,13.43,31.8,590.0,81.8,526.97
772.0,71.6,47.5,27.63,8.93,63.5,598.0,32.5,509.12
1612.0,78.1,13.05,42.11,10.54,89.5,338.0,61.8,221.02
1218.0,113.6,27.07,30.13,5.75,92.0,582.0,117.8,193.3
4423.0,87.2,24.64,58.22,9.0,96.3,298.0,31.5,173.13
1486.0,68.1,35.44,21.15,7.26,79.6,113.0,80.0,278.75
4891.0,101.0,4.33,27.99,10.23,91.5,212.0,73.3,74.95
2016.0,115.1,10.5,29.69,1.71,31.1,573.0,72.2,29.13
1320.0,22.2,11.51,36.56,7.91,27.8,107.0,77.7,197.61
4054.0,118.3,37.17,29.31,5.14,10.6,373.0,65.2,117.4
3464.0,28.6,10.27,39.65,5.57,73.6,138.0,11.9,79.65
2742.0,101.4,29.1,54.9,14.45,94.4,243.0,109.0,374.59
2999.0,48.0,11.55,48.48,3.56,26.8,144.0,101.0,55.76
3736.0,33.2,43.22,43.2,5.36,67.3,530.0,29.2,146.43
1528.0,64.0,47.17,23.56,8.14,77.2,396.0,55.5,362.6
4984.0,84.4,26.41,47.76,13.08,93.5,551.0,94.8,229.31
4887.0,58.1,18.26,26.66,6.83,68.2,444.0,117.8,102.33
3426.0,25.5,12.47,51.45,11.41,97.3,586.0,114.6,168.06
1398.0,79.9,3.44,30.0,12.99,41.0,355.0,108.9,156.43
3561.0,110.2,14.16,36.68,5.34,41.5,419.0,27.4,83.64
825.0,58.3,33.06,34.02,6.5,58.9,388.0,110.6,309.28
638.0,41.6,27.15,54.35,5.99,44.5,342.0,106.6,304.88
1660.0,64.3,47.26,25.06,12.66,10.1,523.0,51.5,504.27
2582.0,24.8,20.42,42.63,1.62,75.9,422.0,53.4,36.55
4407.0,102.0,35.0,25.68,5.32,77.7,501.0,60.6,113.64
3772.0,102.6,24.98,48.19,10.51,77.2,493.0,82.2,201.25
3842.0,78.8,26.12,56.2,8.92,41.1,196.0,38.7,184.71
2415.0,55.3,14.12,37.38,7.11,57.0,425.0,12.5,121.7
2057.0,100.0,23.29,39.52,8.56,42.4,200.0,25.5,227.36
2170.0,75.5,24.07,57.1,3.77,11.4,392.0,58.4,99.61
4944.0,102.6,35.63,40.84,7.03,60.6,439.0,41.0,146.59
680.0,83.1,47.09,39.5,8.02,21.1,599.0,94.1,535.4
4402.0,98.4,17.14,43.13,13.62,17.2,115.0,21.7,221.81
3104.0,79.9,3.07,47.57,4.65,78.0,146.0,110.9,37.48
2474.0,61.4,25.32,24.28,13.15,10.9,139.0,108.5,312.34
3764.0,115.8,27.68,52.84,10.02,96.3,299.0,110.0,212.07
2690.0,74.1,9.25,37.42,1.28,56.4,511.0,91.4,17.92
4430.0,80.5,38.26,22.89,11.14,98.5,522.0,21.8,243.98
4553.0,42.0,49.26,51.45,1.5,15.2,468.0,58.2,37.63
2398.0,82.6,47.34,35.08,14.96,62.5,548.0,24.5,483.84
1746.0,77.2,10.66,24.01,13.22,41.4,261.0,118.6,241.58
3166.0,38.5,43.89,45.35,5.16,85.9,144.0,46.6,159.17
4606.0,26.0,35.52,55.21,4.6,42.5,129.0,74.4,103.25
1448.0,80.4,23.24,55.51,6.34,33.4,526.0,95.7,193.75
3303.0,96.4,27.49,58.31,5.99,87.2,465.0,111.3,134.53
3342.0,72.3,42.63,54.71,6.21,43.7,449.0,93.1,179.33
3799.0,42.7,24.53,20.09,5.46,11.5,270.0,84.2,106.91
1092.0,86.7,19.29,35.21,9.7,45.1,290.0,61.3,324.91
3721.0,28.0,25.17,52.74,3.3,68.9,579.0,76.6,64.51
4591.0,64.2,29.38,34.65,12.84,32.9,132.0,20.4,256.33
1309.0,36.3,10.26,44.06,12.37,48.9,487.0,107.2,268.81
1569.0,38.4,45.14,44.25,7.67,15.1,255.0,69.8,344.82
4871.0,40.2,34.04,34.6,12.94,62.9,120.0,14.4,287.39
1314.0,58.7,32.03,56.18,4.46,78.1,471.0,111.2,174.08
4345.0,25.1,5.88,40.13,1.25,47.2,265.0,63.8,11.5
2715.0,59.8,30.6,38.59,9.67,47.8,461.0,105.5,259.07
1613.0,71.2,6.93,59.9,7.41,17.9,454.0,104.3,123.04
4418.0,68.3,4.86,39.74,8.94,28.2,367.0,99.7,67.67
2504.0,58.3,26.84,27.14,13.59,23.9,489.0,16.8,331.62
2817.0,103.9,20.74,40.52,14.58,53.4,391.0,37.2,313.42
2117.0,34.5,29.85,52.56,9.88,57.6,243.0,106.3,278.95
3168.0,70.6,5.37,51.07,11.7,95.4,467.0,108.9,114.72
1236.0,26.2,22.12,51.54,2.17,16.6,395.0,60.4,70.97
2260.0,27.1,9.56,48.32,3.25,64.0,106.0,58.4,53.76
4862.0,77.4,49.37,30.17,11.26,57.4,551.0,29.3,272.15
1662.0,76.6,28.5,54.48,7.04,56.5,373.0,116.5,226.31
3455.0,107.8,34.68,55.74,7.24,88.6,534.0,33.4,184.49
1963.0,75.8,16.95,27.77,5.32,28.5,541.0,31.0,118.39
3981.0,116.0,5.64,25.22,9.5,13.7,322.0,82.7,86.22
1089.0,24.9,48.82,59.02,3.59,70.5,354.0,36.7,184.97
4864.0,29.8,15.03,54.73,9.78,41.1,308.0,113.3,139.8
2542.0,24.4,21.77,55.73,3.43,11.6,325.0,11.2,79.31
1562.0,38.5,32.84,55.46,1.89,32.6,548.0,10.6,66.1
831.0,74.1,2.21,41.67,5.63,37.8,494.0,65.5,71.29
1264.0,84.6,40.7,45.86,4.24,65.5,163.0,63.7,188.54
2839.0,24.6,27.29,41.81,13.45,25.5,405.0,28.0,322.37
2017.0,114.6,14.63,22.05,1.77,47.2,598.0,64.4,35.99
4230.0,104.2,4.02,49.82,3.47,53.4,398.0,55.3,26.4
2439.0,49.7,8.96,40.21,8.68,51.3,493.0,107.9,135.98
1619.0,27.7,44.86,45.91,7.73,97.7,485.0,11.0,318.86
3277.0,37.0,34.62,40.11,1.64,14.1,275.0,117.4,42.41
3680.0,32.7,13.25,39.67,1.1,95.6,286.0,78.7,15.46
1252.0,32.3,4.21,26.87,14.83,62.4,462.0,26.7,204.16
1254.0,71.9,34.84,31.15,10.22,81.6,350.0,15.1,408.77
665.0,44.6,29.05,26.35,6.12,48.7,385.0,69.2,301.89
3814.0,55.8,20.82,27.83,7.59,50.8,456.0,35.8,138.12
3487.0,119.0,18.82,58.92,4.73,89.1,489.0,43.1,89.42
2636.0,88.4,11.62,26.12,5.83,90.6,236.0,37.0,97.21
4299.0,114.9,33.81,30.77,10.09,31.5,173.0,81.5,221.25
4126.0,34.3,48.56,43.62,13.36,27.9,246.0,70.9,356.63
3134.0,58.2,9.61,44.41,3.58,54.7,354.0,18.6,51.37
4407.0,75.5,30.26,26.16,12.77,91.0,271.0,67.9,276.48
1426.0,27.7,21.79,51.75,2.7,39.0,384.0,97.0,83.06
1004.0,20.4,22.89,51.41,4.01,68.7,127.0,18.9,160.96
1714.0,87.0,13.45,29.49,1.52,73.7,355.0,107.9,33.03
757.0,84.2,41.43,31.55,2.97,80.1,284.0,73.6,175.44
2890.0,61.1,24.78,57.52,13.84,60.8,367.0,114.6,307.5
4715.0,69.0,27.63,53.03,7.43,46.2,311.0,26.3,142.21
677.0,61.5,15.93,47.91,2.09,97.0,242.0,119.3,80.8
1049.0,22.4,9.91,23.29,14.44,65.0,552.0,80.9,345.35
2535.0,53.5,5.21,36.73,13.31,75.6,192.0,72.4,147.36
4702.0,37.7,35.99,42.37,11.57,41.0,441.0,66.7,233.38
1923.0,29.8,10.62,27.5,14.07,70.3,562.0,12.6,248.97
2783.0,115.7,34.81,37.93,4.08,33.2,369.0,113.4,114.79
687.0,79.9,20.13,44.04,12.71,32.1,538.0,80.8,502.95
1168.0,92.9,21.37,33.1,10.66,74.3,162.0,20.1,352.07
4940.0,51.5,23.99,51.24,13.18,56.9,347.0,12.3,233.45
4843.0,59.3,19.02,53.62,12.16,71.5,329.0,15.6,192.77
522.0,43.7,5.93,32.94,5.85,34.2,104.0,77.0,159.65
4783.0,29.7,16.17,53.55,11.84,63.9,322.0,77.5,166.34
3376.0,37.9,33.52,24.14,4.67,50.0,285.0,65.0,113.2
4406.0,99.8,33.62,53.51,5.6,63.7,435.0,43.7,126.5
2546.0,87.8,15.02,26.11,2.51,36.2,569.0,68.5,44.33
2820.0,74.7,23.55,23.32,14.09,74.4,143.0,66.8,334.47
2700.0,67.5,10.48,45.67,5.07,82.5,264.0,12.1,77.69
3501.0,112.2,11.31,38.88,8.29,33.4,322.0,41.1,120.4
1128.0,27.3,2.13,56.32,6.48,37.1,328.0,15.9,70.85
635.0,48.1,44.94,34.53,14.44,69.5,487.0,109.0,891.75
1886.0,55.0,11.32,31.49,5.69,72.6,322.0,89.8,106.41
3671.0,98.2,12.15,40.03,11.9,73.4,114.0,119.6,174.52
1408.0,119.3,14.7,38.24,12.98,71.4,455.0,43.2,325.4
3530.0,44.1,7.24,33.78,7.1,45.4,542.0,106.6,79.39
4865.0,107.4,32.32,47.75,6.29,45.5,357.0,76.3,133.04
923.0,103.1,4.68,50.38,11.47,32.9,391.0,59.8,196.37
3527.0,42.5,7.58,54.12,13.78,24.1,181.0,34.5,157.92
2497.0,59.9,32.59,58.91,11.57,72.3,210.0,91.2,323.01
4407.0,61.0,17.64,30.67,4.18,18.4,218.0,109.5,63.41
1297.0,117.8,35.69,48.64,13.44,94.4,315.0,35.9,580.26
3617.0,38.1,28.31,35.77,6.43,84.4,564.0,29.3,140.38
4272.0,99.9,13.55,47.08,9.07,87.2,361.0,86.6,124.45
4751.0,53.4,32.89,39.04,12.64,91.6,196.0,117.5,261.34
3575.0,93.1,6.7,59.75,3.64,46.8,233.0,92.5,41.65
2737.0,62.0,27.28,49.16,11.98,86.2,292.0,41.3,319.33
3280.0,77.8,22.42,58.1,9.35,24.2,412.0,56.2,195.19
4410.0,103.3,14.13,53.4,13.51,11.9,320.0,52.3,177.39
3068.0,100.4,30.6,56.12,3.41,80.6,296.0,103.7,86.09
637.0,106.6,43.7,52.58,6.89,16.7,382.0,94.9,460.31
4689.0,26.0,49.95,38.37,12.66,99.0,221.0,74.8,328.8
3603.0,89.2,30.78,30.07,1.27,70.7,139.0,40.2,30.19
3544.0,34.0,20.83,34.81,2.57,77.8,112.0,113.2,49.79
1471.0,61.6,12.04,20.81,14.87,32.1,226.0,81.9,317.68
3465.0,74.9,13.6,40.96,4.93,70.6,146.0,116.8,75.2
2272.0,60.3,24.49,40.2,14.66,13.9,268.0,73.8,375.63
3431.0,72.0,19.0,41.01,3.56,85.4,486.0,100.3,66.17
980.0,119.7,45.78,58.96,6.06,25.3,458.0,99.4,316.32
3460.0,33.5,19.05,56.46,11.54,72.8,405.0,47.1,217.77
4997.0,87.5,19.3,26.47,10.21,30.2,526.0,116.0,151.83
717.0,59.6,19.79,34.76,9.14,16.2,241.0,12.4,400.42
4897.0,33.3,41.99,36.96,8.42,53.3,543.0,94.6,187.08
2331.0,35.9,32.89,34.42,12.81,25.2,300.0,116.2,352.89
4418.0,114.9,31.09,51.94,4.29,75.6,300.0,47.3,92.65
4021.0,108.0,17.37,40.96,7.19,31.4,303.0,81.3,124.87
3052.0,110.7,41.08,42.88,3.18,40.8,149.0,71.8,95.26
3823.0,119.2,2.88,54.12,9.34,61.1,588.0,93.8,60.87
4453.0,40.8,43.67,52.24,4.51,35.6,169.0,105.3,109.29
2319.0,55.5,26.12,25.29,5.67,44.0,270.0,76.3,143.61
1972.0,86.9,20.51,48.56,7.6,83.4,260.0,99.7,205.47
3504.0,68.4,25.36,37.42,1.37,26.1,137.0,44.4,29.36
4135.0,61.8,33.7,31.79,2.29,17.4,176.0,35.1,50.92
3930.0,55.8,1.63,22.0,10.6,39.6,122.0,57.4,53.53
4090.0,79.4,43.71,39.49,7.01,48.2,246.0,84.6,178.66
2460.0,77.6,22.89,34.22,13.11,58.8,533.0,30.6,321.92
4180.0,36.1,17.81,30.06,10.73,43.5,270.0,84.8,167.09
1041.0,67.2,7.77,47.79,1.11,81.1,162.0,53.4,25.4
2950.0,75.3,22.53,50.78,9.63,13.5,423.0,97.5,208.28
526.0,77.0,25.32,29.79,2.31,48.9,598.0,14.1,126.86
1961.0,41.0,20.78,21.98,11.93,44.4,216.0,83.5,316.17
2149.0,94.2,34.25,53.95,14.88,68.3,240.0,81.5,476.3
2283.0,22.5,21.62,20.4,8.44,97.0,586.0,113.5,190.62
3630.0,55.5,48.11,57.48,10.56,55.9,189.0,88.5,310.22
2249.0,98.0,30.36,45.1,4.32,98.8,356.0,97.6,123.66
2519.0,76.4,40.57,32.87,7.13,37.2,220.0,109.5,212.17
1569.0,46.1,6.36,29.86,12.99,12.8,566.0,84.3,206.38
2180.0,89.5,20.47,20.36,3.34,24.9,591.0,41.9,77.65
1523.0,76.7,17.51,29.42,4.72,45.6,507.0,105.7,116.6
829.0,99.6,28.9,25.51,7.24,38.5,257.0,92.2,310.49
3216.0,93.5,43.19,44.49,10.97,18.7,302.0,56.7,296.04
3507.0,81.0,4.84,26.66,6.26,48.9,221.0,88.2,58.66
3288.0,68.8,4.56,41.15,13.99,40.4,545.0,105.4,122.96
2586.0,33.3,42.67,43.6,2.32,21.0,557.0,117.3,70.69
2209.0,46.1,11.43,31.92,6.19,36.7,309.0,114.8,110.29
4385.0,61.9,33.77,21.4,10.93,89.8,428.0,45.8,228.5
2836.0,79.9,27.6,21.49,4.16,37.2,183.0,56.4,103.47
2656.0,71.4,41.81,21.05,10.19,74.3,317.0,22.0,315.43
615.0,48.8,7.13,49.56,3.3,65.1,416.0,37.2,88.38
2036.0,20.6,7.36,32.72,1.78,48.4,293.0,107.1,25.05
2211.0,69.6,28.28,51.85,2.69,31.5,279.0,49.7,75.21
2295.0,48.6,47.37,37.27,14.02,43.2,100.0,78.3,518.14
3111.0,93.5,21.33,38.12,8.72,63.3,502.0,83.3,171.4
2901.0,22.4,17.02,40.52,12.15,41.6,545.0,96.0,232.33
3236.0,78.5,30.73,48.52,5.66,29.3,585.0,30.1,144.71
3942.0,114.1,46.59,30.94,9.3,20.5,460.0,43.5,251.12
4158.0,37.4,42.01,24.86,7.93,89.2,374.0,59.3,202.82
3732.0,67.2,49.78,42.24,14.24,49.6,235.0,50.1,423.16
4800.0,29.1,2.11,33.08,11.47,66.3,600.0,118.1,55.93
582.0,82.6,6.53,37.7,11.23,54.1,395.0,101.8,291.79
1381.0,75.1,30.86,45.88,1.65,88.5,441.0,62.8,64.48
534.0,60.7,41.21,39.77,8.7,59.2,441.0,106.7,577.55
3414.0,72.1,14.98,44.81,7.54,53.3,523.0,48.2,118.53
4541.0,109.7,12.72,41.77,13.99,93.2,105.0,96.4,180.74
1596.0,39.6,39.56,49.59,4.6,74.8,210.0,34.6,183.65
4672.0,22.3,3.76,48.24,4.78,20.0,433.0,95.0,32.32
771.0,106.2,19.1,41.37,6.76,26.0,548.0,60.2,271.39
4705.0,77.7,25.78,47.16,4.41,80.8,443.0,21.8,81.78
2082.0,109.1,28.46,54.94,2.81,85.2,307.0,40.1,85.67
956.0,79.7,36.7,37.29,13.0,59.1,281.0,54.3,629.2
2686.0,101.0,18.39,36.51,8.82,59.9,469.0,92.4,170.6
1655.0,63.0,31.02,50.57,13.06,66.9,471.0,18.0,428.21
1782.0,95.0,29.68,43.3,12.64,49.5,404.0,82.6,390.25
1883.0,111.3,27.83,22.84,4.95,71.2,246.0,88.8,148.88
4114.0,77.2,32.38,55.68,8.67,19.8,563.0,81.9,191.17
2926.0,38.1,13.71,21.23,2.17,96.5,376.0,93.7,36.35
1901.0,46.9,5.15,49.94,13.81,77.5,495.0,29.6,170.26
3247.0,39.9,6.84,50.35,6.66,66.8,207.0,74.6,77.43
3723.0,44.7,12.0,58.12,6.51,38.5,272.0,113.5,90.07
1727.0,50.6,25.51,22.17,5.24,24.5,537.0,77.2,153.28
2361.0,75.5,42.18,43.87,7.45,46.8,125.0,77.2,256.21
1048.0,78.8,35.36,37.11,4.52,69.5,356.0,91.0,196.69
1315.0,62.6,39.66,33.23,6.25,67.0,341.0,46.7,275.89
3565.0,81.5,18.2,23.61,12.2,44.4,476.0,87.1,223.18
1316.0,28.2,20.83,42.51,12.68,65.2,241.0,110.8,406.37
2863.0,28.8,20.29,39.16,5.26,83.2,210.0,11.2,111.79
3691.0,37.2,10.4,24.18,7.57,12.4,563.0,105.7,93.98
981.0,71.8,4.0,44.5,13.23,50.6,386.0,34.0,209.31
3053.0,41.4,29.95,49.52,1.74,78.3,152.0,60.2,42.92
1655.0,48.3,49.47,50.69,13.45,59.2,197.0,103.8,590.58
4833.0,60.0,9.17,56.21,4.07,68.6,599.0,100.6,41.59
2676.0,101.2,3.29,36.38,10.5,56.5,198.0,108.1,86.22
4127.0,21.4,39.2,58.12,9.16,99.3,405.0,113.4,222.57
2976.0,84.9,13.38,54.62,8.74,14.9,310.0,59.2,147.99
695.0,86.9,41.65,31.86,13.03,54.2,543.0,82.2,751.45
3349.0,99.9,35.49,26.37,2.42,18.2,478.0,53.0,57.93
4781.0,113.3,47.34,37.42,5.86,24.4,398.0,48.6,144.94
3207.0,22.0,21.04,36.08,8.54,44.5,105.0,57.5,169.91
4186.0,35.4,33.44,43.03,12.36,24.0,540.0,91.7,266.04
4479.0,108.6,23.78,43.34,4.03,96.7,322.0,65.2,77.0
1526.0,65.9,31.9,50.0,12.24,95.2,566.0,99.5,437.37
1454.0,76.5,23.03,40.4,6.59,40.2,348.0,92.0,195.99
3249.0,86.3,10.24,24.19,3.64,67.6,447.0,12.3,48.02
2350.0,87.9,25.89,54.33,11.63,58.0,135.0,79.3,313.64
4279.0,113.2,26.9,32.39,2.27,83.4,473.0,58.0,41.96
4550.0,119.7,40.72,58.85,8.21,66.5,269.0,60.2,185.65
2090.0,92.0,37.04,24.71,1.89,10.0,276.0,100.0,62.51
1566.0,48.7,33.53,58.33,5.99,78.7,159.0,70.2,227.1
4012.0,108.0,6.56,23.64,9.42,77.2,173.0,107.4,94.88
1737.0,24.9,36.31,29.24,8.79,55.9,193.0,88.4,317.28
4202.0,43.1,25.51,21.86,6.67,91.3,264.0,70.8,127.05
2407.0,109.7,44.81,48.2,7.01,91.8,546.0,93.0,227.58
3504.0,45.6,46.07,54.01,4.17,57.2,284.0,14.2,124.09
930.0,42.1,3.7,37.36,7.38,64.7,462.0,13.0,120.19
3307.0,33.8,41.21,57.14,14.35,99.7,141.0,19.2,409.36
2533.0,105.9,2.85,43.61,12.91,36.9,396.0,58.1,103.84
3140.0,70.0,18.99,45.2,3.03,39.2,341.0,35.9,57.09
1256.0,87.5,27.57,53.82,1.42,26.4,589.0,118.3,49.42
3816.0,43.9,8.26,31.87,14.07,90.6,523.0,69.7,158.6
4383.0,95.8,37.57,34.17,8.37,77.0,327.0,82.9,178.35
1475.0,96.0,1.41,56.24,8.53,19.5,488.0,40.7,66.52
931.0,51.3,9.26,56.04,11.93,98.4,197.0,45.4,311.06
606.0,61.1,29.46,59.06,5.41,75.8,381.0,46.9,284.27
3389.0,41.0,36.0,56.07,7.75,86.5,137.0,86.9,198.26
3232.0,117.7,45.92,25.09,14.56,14.3,274.0,62.1,428.09
2960.0,84.6,35.57,52.95,10.41,55.4,213.0,66.9,288.72
1544.0,113.5,33.92,36.39,3.15,72.9,459.0,75.1,115.46
2259.0,50.3,20.32,59.63,2.87,58.9,345.0,94.6,67.86
3175.0,98.2,1.06,38.89,3.86,70.0,476.0,19.9,18.06
2735.0,96.6,6.89,42.15,11.73,83.6,358.0,95.5,143.59
4945.0,89.2,27.19,41.19,5.14,43.7,143.0,72.0,93.44
1114.0,116.6,34.08,32.87,1.3,86.4,468.0,83.6,53.21
3628.0,59.4,21.45,23.0,14.22,24.7,517.0,46.0,268.41
2319.0,33.1,36.8,55.83,3.38,34.4,552.0,55.0,104.91
2427.0,87.2,26.57,52.11,1.13,13.9,386.0,35.4,30.35
3729.0,92.9,4.63,25.58,4.32,42.8,477.0,117.7,36.93
3616.0,77.5,10.41,51.07,4.29,44.2,476.0,64.7,53.38
4961.0,40.7,42.16,45.03,6.91,82.5,178.0,119.6,153.99
1078.0,70.4,36.52,36.37,13.89,68.8,182.0,63.9,622.08
968.0,51.2,44.84,30.16,13.31,49.3,135.0,34.2,704.81
3760.0,62.7,6.76,54.39,7.4,68.7,260.0,65.8,78.44
3103.0,84.5,49.52,48.01,6.75,14.8,337.0,14.4,221.8
1734.0,94.5,11.26,41.91,8.77,26.2,599.0,109.5,175.13
857.0,43.2,1.58,44.38,4.41,66.4,315.0,100.0,46.41
885.0,60.5,49.87,23.64,1.73,67.7,463.0,89.8,97.61
4524.0,46.9,14.77,38.96,14.15,79.7,447.0,77.1,193.21
1363.0,39.9,33.73,27.75,3.61,46.3,202.0,73.8,141.32
1955.0,98.3,9.66,28.34,3.78,75.0,129.0,119.6,66.14
1520.0,110.9,29.43,46.45,7.61,71.6,373.0,40.6,271.01
2097.0,57.0,45.3,56.45,7.88,96.7,450.0,95.8,293.17
812.0,95.1,16.69,36.15,1.26,29.4,599.0,74.0,40.23
2836.0,109.7,33.84,28.31,3.07,59.7,279.0,117.3,81.45
804.0,104.6,10.21,45.95,6.29,64.2,548.0,101.1,178.63
4102.0,38.3,31.61,54.85,10.57,99.9,291.0,119.8,228.74
1552.0,115.6,17.49,49.93,4.2,28.1,445.0,74.7,113.78
2930.0,57.7,11.35,54.75,6.92,57.1,399.0,32.5,107.33
4460.0,53.9,16.35,41.46,8.8,41.2,126.0,65.4,135.89
3429.0,26.2,9.76,50.08,13.44,57.3,139.0,88.2,176.11
2898.0,68.6,45.19,25.6,5.56,30.9,110.0,95.2,167.12
1960.0,30.9,20.46,33.93,2.87,14.3,285.0,10.1,75.09
1999.0,44.9,13.02,35.58,7.85,61.5,473.0,65.6,158.2
3513.0,51.7,22.97,40.45,11.45,40.2,186.0,35.9,234.9
4974.0,100.9,16.71,57.16,2.54,26.4,403.0,106.2,35.14
3478.0,107.5,37.48,54.97,6.95,39.2,244.0,26.8,184.72
3010.0,50.2,48.59,25.38,1.25,14.4,498.0,83.3,39.41
3788.0,105.9,22.46,26.91,1.47,95.5,499.0,39.3,28.81
2593.0,105.7,43.19,34.31,7.76,62.3,488.0,49.2,241.49
771.0,96.5,28.73,31.63,5.17,83.3,362.0,113.5,230.42
3030.0,34.7,8.7,44.59,12.83,48.1,242.0,36.4,178.32
4809.0,89.0,34.84,56.11,9.43,91.3,505.0,20.5,198.7
1289.0,114.5,26.16,58.49,7.36,53.5,193.0,17.6,278.61
3605.0,88.3,32.88,46.14,6.71,61.7,245.0,65.5,162.68
1404.0,53.2,44.59,53.53,7.96,54.3,192.0,80.6,350.93
2911.0,70.1,22.58,41.01,1.57,76.0,437.0,46.0,34.06
935.0,84.6,45.16,28.33,13.5,61.0,443.0,85.9,743.85
2527.0,71.1,37.78,40.99,14.98,34.4,426.0,16.7,452.66
3903.0,32.0,24.94,42.2,3.54,23.1,308.0,104.3,67.77
2064.0,51.2,30.56,49.7,2.69,64.6,150.0,99.8,78.8
3492.0,100.2,16.95,28.8,3.01,54.0,556.0,118.4,48.52
4080.0,106.1,49.2,34.73,10.25,18.6,354.0,113.0,271.03
4672.0,33.7,33.7,34.56,10.26,45.6,303.0,49.2,221.64
1556.0,115.2,3.15,58.38,12.87,56.3,394.0,53.9,140.61
2297.0,52.9,17.0,37.76,11.53,84.4,196.0,92.1,259.03
1186.0,86.2,31.54,50.2,7.3,16.8,166.0,24.7,293.39
4966.0,95.2,3.76,50.03,9.58,41.4,303.0,44.5,71.14
4672.0,101.2,2.17,30.62,10.64,84.0,214.0,23.0,60.51
2930.0,114.6,23.05,42.87,8.18,68.4,222.0,60.0,183.43
4289.0,51.3,17.3,55.77,7.66,36.1,546.0,70.7,113.66
2844.0,105.9,22.48,39.01,10.03,86.1,365.0,33.2,221.26
3306.0,33.2,13.87,57.8,8.8,54.4,342.0,12.9,143.59
901.0,90.5,9.07,28.58,10.02,54.9,445.0,89.1,233.04
3899.0,94.2,34.77,22.97,9.58,97.9,576.0,12.2,219.38
1075.0,87.8,26.21,55.66,11.07,95.2,156.0,117.1,427.59
4217.0,45.2,10.81,53.91,10.0,42.3,517.0,34.4,122.87
4019.0,107.3,16.66,59.7,8.28,22.7,392.0,83.0,132.48
3689.0,36.9,30.0,47.18,10.55,39.3,173.0,57.8,237.58
663.0,25.4,4.54,57.47,7.29,12.7,249.0,16.6,164.73
1864.0,91.7,8.23,53.08,4.38,11.9,341.0,61.9,71.92
1684.0,67.5,4.59,53.78,1.02,45.6,446.0,66.8,13.39
2121.0,104.9,40.8,42.77,8.84,94.7,221.0,104.0,307.26
894.0,58.3,37.87,35.29,9.27,88.4,367.0,90.6,471.51
4716.0,36.8,37.91,57.38,14.61,56.0,442.0,18.7,333.87
2992.0,103.6,36.1,37.28,6.06,60.9,324.0,33.0,170.28
1875.0,74.9,33.8,41.55,6.52,10.5,532.0,44.3,215.45
2286.0,38.9,24.37,37.84,3.83,29.4,535.0,22.8,97.18
2512.0,92.0,32.47,42.59,1.99,12.2,335.0,60.3,56.31
3203.0,71.1,2.88,38.82,11.82,77.9,586.0,118.3,84.12
2821.0,80.4,31.45,21.92,4.5,23.1,138.0,66.6,114.77
4637.0,66.1,39.12,55.28,9.52,88.2,102.0,91.6,223.8
2736.0,102.9,25.52,37.78,10.63,67.9,290.0,85.1,255.87
4965.0,103.0,18.52,43.56,7.6,30.6,401.0,103.5,115.07
4331.0,90.9,14.59,25.57,13.27,24.2,415.0,33.7,188.97
1438.0,30.5,32.5,20.14,7.21,66.5,338.0,92.9,260.19
4688.0,103.9,34.95,29.81,4.99,91.1,162.0,106.9,106.54
1024.0,87.1,43.68,48.18,13.54,74.7,185.0,28.9,703.44
4179.0,89.7,17.77,23.97,13.06,41.4,526.0,48.1,206.43
2213.0,56.3,38.72,56.36,3.3,62.9,534.0,116.7,105.62
4451.0,107.9,28.51,28.6,1.36,38.0,437.0,95.9,26.44
4406.0,92.5,44.26,28.18,2.26,99.9,432.0,41.1,56.88
4127.0,31.3,26.86,27.26,5.01,77.4,399.0,72.0,96.12
4055.0,60.8,26.36,20.56,14.61,65.3,201.0,54.5,296.48
1871.0,108.6,29.32,50.87,8.82,48.1,314.0,63.9,277.48
864.0,24.7,37.72,55.0,6.23,65.6,448.0,49.1,343.98
2313.0,116.1,48.27,44.57,13.44,40.7,369.0,40.7,481.09
1281.0,87.9,4.6,27.53,7.34,12.6,109.0,84.2,112.26
3627.0,83.1,3.62,31.41,5.41,45.6,577.0,95.6,40.72
2057.0,47.1,46.94,39.04,14.18,93.7,522.0,106.1,493.91
4890.0,44.9,26.96,58.17,12.89,66.4,230.0,27.1,242.22
3384.0,114.2,31.13,29.89,12.81,17.6,408.0,100.5,304.93
4201.0,49.8,24.64,49.27,8.17,89.6,562.0,38.0,151.7
1096.0,97.6,5.59,37.58,12.05,34.2,148.0,57.0,202.89
4379.0,59.3,38.64,31.91,3.51,31.9,352.0,109.2,80.15
4652.0,33.9,37.61,38.24,9.03,36.7,328.0,60.0,194.6
2692.0,21.1,16.27,22.85,14.77,61.9,305.0,31.7,284.04
3228.0,74.4,16.01,51.95,5.07,59.0,518.0,27.6,92.69
3942.0,117.6,42.05,29.73,12.12,54.2,290.0,62.0,316.08
1287.0,56.9,4.55,49.02,7.87,74.6,132.0,93.9,124.17
2762.0,55.7,44.17,22.73,1.56,38.5,133.0,119.7,47.67
2294.0,54.4,13.58,58.2,11.68,80.4,121.0,96.6,229.29
1159.0,72.1,30.06,27.72,3.36,25.8,305.0,106.5,127.71
2154.0,64.1,46.86,55.31,9.84,80.4,459.0,92.3,350.95
807.0,108.0,34.23,52.38,2.2,69.7,202.0,108.5,111.01
616.0,70.6,21.31,58.71,14.26,71.5,423.0,18.4,643.16
1108.0,70.8,34.79,39.12,5.08,53.3,444.0,112.3,227.31
4834.0,33.8,17.86,49.1,4.17,70.0,228.0,53.6,60.22
2973.0,118.3,14.59,34.83,2.81,17.2,400.0,111.4,49.67
4846.0,45.0,49.84,27.37,14.24,86.6,442.0,18.3,366.43
2446.0,27.3,37.79,37.72,10.97,15.0,333.0,88.7,340.59
1903.0,86.3,32.59,26.63,11.38,23.4,268.0,90.9,352.9
2778.0,79.5,18.41,59.28,7.99,61.9,410.0,119.7,153.47
2478.0,61.5,3.41,23.85,7.65,76.5,589.0,94.6,65.84
975.0,62.2,2.52,43.57,2.54,16.9,313.0,52.1,32.9
3384.0,98.5,28.15,45.06,8.84,92.9,296.0,71.3,201.41
1472.0,39.6,38.34,41.52,4.46,97.6,332.0,50.3,173.56
3288.0,102.0,27.33,46.49,14.68,64.5,138.0,31.6,354.93
3426.0,84.9,42.2,24.65,12.15,53.3,377.0,37.3,346.56
1184.0,61.9,2.64,42.2,6.78,76.7,264.0,34.4,80.07
776.0,65.8,18.97,31.49,3.12,39.6,161.0,70.4,122.35
4013.0,45.7,12.62,57.61,11.99,54.4,333.0,109.7,160.38
2569.0,95.2,22.92,50.48,2.71,92.5,102.0,110.4,64.21
762.0,71.3,4.55,58.9,3.65,96.0,301.0,16.0,73.28
4977.0,52.1,47.75,21.5,3.96,93.4,153.0,18.8,98.24
760.0,79.6,11.94,31.41,8.8,33.6,112.0,37.0,274.75
3628.0,119.6,46.19,27.82,12.02,30.9,512.0,38.1,325.29
4927.0,63.5,21.87,20.45,5.4,36.8,558.0,20.4,85.13
1576.0,112.1,49.29,29.69,2.19,49.7,204.0,52.7,95.6
1140.0,54.5,28.15,47.15,7.5,38.3,370.0,74.6,296.35
1046.0,25.5,46.61,29.24,11.47,43.7,239.0,73.6,563.71
1865.0,40.4,1.26,40.36,4.1,65.9,347.0,69.8,26.36
955.0,61.9,37.66,55.51,4.08,78.6,318.0,47.3,207.11
3615.0,42.0,45.25,47.75,14.26,76.2,235.0,87.7,393.95
780.0,20.0,7.85,35.79,14.36,83.3,450.0,100.9,343.51
2792.0,111.5,5.71,34.9,14.87,12.9,163.0,48.1,167.13
4985.0,104.4,21.8,38.23,12.31,14.3,127.0,19.4,204.78
4163.0,94.2,46.75,27.08,3.63,81.0,484.0,42.6,93.29
3268.0,36.8,27.58,45.36,3.97,58.0,433.0,25.1,91.0
1878.0,32.0,26.85,34.57,5.76,62.0,349.0,61.4,159.1
3308.0,26.8,7.92,54.09,5.45,14.7,334.0,27.2,68.9
2872.0,92.4,1.04,50.26,14.39,33.0,349.0,60.9,67.89
2417.0,112.9,40.7,44.42,12.05,67.5,319.0,34.3,415.09
1088.0,63.1,5.29,34.57,11.14,87.3,296.0,91.3,184.39
4490.0,31.9,32.06,28.4,3.6,92.5,350.0,13.0,73.38
2524.0,71.2,45.82,51.05,13.73,55.0,364.0,71.0,458.76
1376.0,54.9,11.22,39.46,12.59,59.1,446.0,28.6,284.12
2155.0,57.5,33.6,28.99,3.29,85.0,456.0,10.1,94.79
2364.0,82.1,4.86,27.81,13.2,58.4,289.0,105.6,142.38
4224.0,91.9,30.58,26.62,4.81,56.5,307.0,83.9,101.87
3801.0,31.1,9.03,51.09,2.13,91.5,287.0,20.9,25.66
3962.0,23.6,37.06,29.16,10.2,81.1,368.0,83.0,250.03
550.0,119.4,15.76,41.07,10.15,91.8,327.0,77.3,420.14
2373.0,43.3,23.71,38.06,2.33,29.6,545.0,62.1,54.85
2666.0,25.4,30.37,43.18,5.46,57.2,448.0,56.1,146.2
586.0,39.0,9.39,55.09,14.9,85.8,549.0,107.6,481.52
1669.0,23.9,37.34,54.71,10.5,20.0,455.0,37.0,397.03
3921.0,59.2,15.83,38.04,11.22,81.5,585.0,53.8,178.7
1117.0,100.2,33.46,20.61,3.98,26.5,418.0,46.2,175.21
2909.0,54.1,8.76,37.06,2.1,82.7,582.0,94.8,26.84
1468.0,64.4,34.72,44.25,4.88,65.1,179.0,110.8,193.2
555.0,87.6,7.28,42.31,4.48,27.4,126.0,103.5,123.53
1585.0,70.9,21.84,46.05,4.28,52.6,390.0,97.7,125.37
4891.0,106.1,13.11,26.16,3.7,71.4,592.0,118.5,44.96
4107.0,106.6,37.67,45.86,9.05,67.0,309.0,86.7,223.65
4818.0,21.0,13.84,27.31,5.59,48.5,206.0,92.6,76.58
2695.0,97.8,44.2,50.02,12.48,90.9,361.0,118.1,401.4
994.0,66.1,44.7,33.56,3.58,56.7,424.0,10.8,188.86
2966.0,118.9,10.63,48.4,7.5,55.5,258.0,79.7,114.55
2545.0,68.3,31.08,21.91,1.19,15.6,457.0,91.3,31.54
4300.0,118.7,5.3,36.31,7.74,93.0,588.0,111.0,64.6
941.0,95.5,20.19,48.2,1.78,25.9,548.0,107.2,65.89
2697.0,44.9,35.95,29.07,14.69,57.6,246.0,102.6,436.14
1175.0,73.8,33.31,51.81,12.07,82.3,263.0,114.0,505.86
1961.0,119.2,31.61,45.23,7.86,29.4,286.0,69.1,251.54
3818.0,105.8,14.84,43.5,2.21,57.5,297.0,10.8,34.92
2642.0,29.7,19.52,34.14,9.29,31.7,150.0,11.2,193.18
2191.0,90.6,6.04,39.3,11.62,78.4,481.0,69.9,147.25
2275.0,54.6,36.23,43.89,3.67,60.8,283.0,57.9,121.62
2568.0,20.7,25.69,38.9,8.95,87.0,540.0,59.6,212.43
4033.0,60.3,35.73,47.93,12.4,90.5,563.0,54.0,303.32
4514.0,43.5,13.2,37.35,11.76,68.4,112.0,110.9,164.94
4799.0,101.9,16.9,28.09,12.24,75.3,594.0,49.5,175.85
4041.0,53.7,17.38,28.56,13.31,59.4,455.0,104.2,213.08
1919.0,102.8,2.26,20.23,14.13,44.6,360.0,109.3,113.32
3597.0,20.1,17.71,32.04,6.68,68.3,295.0,64.9,114.84
2469.0,50.8,40.36,49.96,8.96,91.7,359.0,59.2,298.81
1646.0,44.1,44.97,51.77,12.07,47.5,262.0,93.7,491.71
4284.0,43.4,26.39,28.1,10.76,38.3,411.0,87.9,210.83
673.0,26.8,23.32,58.36,14.94,45.0,146.0,46.1,688.51
4558.0,38.7,2.51,40.1,1.19,49.2,411.0,21.3,6.69
2577.0,75.6,44.08,56.68,5.97,16.6,238.0,39.1,211.22
3367.0,49.1,1.64,48.27,4.93,54.9,109.0,24.4,28.06
3467.0,61.7,47.29,48.9,4.67,54.5,376.0,42.4,134.29
4528.0,57.7,24.97,23.4,4.12,63.0,389.0,38.8,77.59
3365.0,107.6,17.75,28.8,10.93,42.7,313.0,80.1,201.76
3263.0,110.5,46.29,20.35,2.19,65.2,136.0,115.0,65.77
800.0,69.3,2.2,48.65,11.38,89.0,547.0,85.4,142.62
2833.0,53.0,29.49,33.78,10.71,96.0,406.0,111.9,262.3
1176.0,30.7,27.9,51.47,4.51,62.5,158.0,96.3,177.91
3818.0,115.3,11.75,33.56,4.54,13.8,355.0,90.1,62.86
2805.0,26.0,22.02,52.77,9.8,97.2,349.0,55.5,214.76
3561.0,49.8,32.96,25.23,11.67,73.5,130.0,45.7,282.84
688.0,49.8,36.63,26.93,13.27,40.2,403.0,103.1,744.39
882.0,52.0,1.04,33.64,12.93,23.2,504.0,109.6,110.31
3723.0,36.4,46.91,36.34,14.51,22.9,475.0,59.7,405.82
824.0,98.3,9.06,33.95,9.14,25.1,201.0,11.0,231.2
821.0,32.2,12.45,50.55,13.72,14.1,531.0,97.2,408.95
554.0,83.5,13.91,23.88,12.32,91.2,271.0,41.4,468.35
4804.0,32.4,2.85,34.05,13.53,58.7,573.0,11.1,81.5
3819.0,27.1,7.03,53.49,1.16,73.0,136.0,98.5,13.05
2090.0,110.9,49.33,22.67,14.52,84.5,343.0,66.9,544.94
1834.0,39.0,16.45,57.69,7.63,81.2,399.0,85.4,178.69
2074.0,102.1,6.65,59.45,12.17,89.4,224.0,110.6,174.84
3986.0,74.5,6.24,23.54,2.78,97.1,486.0,69.5,26.57
3476.0,27.8,36.25,31.65,6.54,49.5,413.0,65.4,159.83
1333.0,115.5,42.87,34.9,4.8,95.5,109.0,42.0,210.43
1283.0,44.7,13.59,51.06,5.08,75.1,404.0,43.6,122.65
943.0,106.0,2.02,43.84,2.73,16.4,346.0,97.6,32.36
3471.0,36.9,11.93,45.77,12.28,71.4,198.0,59.4,184.98
3940.0,105.4,3.77,50.3,1.13,71.8,598.0,28.0,8.67
1693.0,21.3,6.07,24.72,5.38,91.5,549.0,20.4,80.52
594.0,71.2,22.14,53.33,3.44,43.6,246.0,62.0,162.13
870.0,96.9,12.27,48.22,9.25,62.6,371.0,61.1,259.33
4855.0,113.5,26.28,43.09,4.56,11.1,258.0,81.9,84.75
1830.0,110.9,13.42,55.59,4.63,39.9,488.0,61.8,99.03
3962.0,102.0,47.09,48.01,7.84,15.6,565.0,25.8,199.14
3311.0,108.8,45.39,28.07,10.14,57.0,279.0,65.9,295.69
2219.0,39.9,28.77,37.19,2.7,83.6,503.0,109.7,73.03
1426.0,48.4,18.37,39.76,3.46,28.6,349.0,27.5,95.51
1046.0,48.9,19.68,22.21,4.46,57.5,298.0,85.9,147.48
3268.0,57.7,21.18,58.19,14.63,28.4,569.0,75.3,268.04
3986.0,59.3,36.65,25.14,6.56,20.9,355.0,92.3,149.81
3398.0,74.5,23.13,47.9,9.39,56.0,334.0,26.6,190.91
2886.0,36.0,42.98,40.25,4.38,17.1,436.0,113.6,131.99
689.0,89.1,47.26,21.03,7.87,62.9,231.0,78.3,503.21
4858.0,36.8,17.46,56.99,2.04,12.8,262.0,103.2,31.36
4094.0,51.0,28.47,54.07,1.49,19.6,566.0,37.1,28.24
1818.0,70.3,5.66,40.97,7.56,59.5,439.0,91.3,100.38
4910.0,99.6,10.82,29.16,6.58,63.2,513.0,95.9,75.13
3208.0,93.9,21.26,24.86,2.92,12.6,236.0,53.7,58.19
3121.0,84.6,11.1,34.54,10.63,61.6,372.0,52.2,160.09
3866.0,35.6,43.95,30.22,14.9,85.5,586.0,82.4,357.98
4153.0,74.7,8.76,40.27,6.54,75.0,259.0,20.3,77.41
3454.0,28.7,23.33,58.66,9.74,21.8,180.0,90.9,200.34
1076.0,57.7,30.68,43.0,14.48,63.3,355.0,14.7,599.41
2022.0,61.4,34.9,55.6,12.64,70.5,294.0,31.0,435.24
4676.0,24.0,19.77,46.04,7.49,13.4,180.0,83.1,127.23
1511.0,47.4,43.59,39.01,11.32,87.0,544.0,20.8,484.98
2175.0,115.6,28.85,54.18,2.79,91.6,595.0,116.9,82.53
2444.0,115.4,22.54,38.85,8.17,86.5,384.0,105.5,198.88
2477.0,55.2,4.29,54.75,4.91,84.2,487.0,78.9,49.19
3258.0,24.3,23.77,31.66,3.26,77.0,530.0,100.1,66.78
4744.0,37.9,41.22,25.15,6.97,67.0,450.0,107.6,153.7
1583.0,59.2,31.11,54.21,2.83,71.1,122.0,38.5,108.88
1047.0,114.8,41.78,43.5,10.79,82.6,179.0,103.4,558.35
1389.0,34.1,25.21,55.56,7.39,69.6,135.0,31.4,255.98
4491.0,96.4,6.8,57.51,8.44,39.5,105.0,55.5,87.18
3406.0,30.9,1.67,22.15,3.05,43.8,253.0,71.4,15.95
1787.0,118.1,15.86,40.04,2.96,90.7,296.0,88.5,69.52
4172.0,58.2,35.2,35.0,9.17,11.5,221.0,13.3,206.54
4376.0,97.5,39.72,45.03,14.79,72.9,132.0,42.0,341.94
4309.0,54.3,15.49,51.74,2.35,95.9,365.0,76.9,35.91
4635.0,82.8,25.29,31.22,5.0,73.6,237.0,49.3,94.53
1635.0,39.2,21.63,42.27,13.17,99.5,498.0,95.3,372.67
3898.0,34.6,21.12,48.35,2.01,71.9,104.0,81.7,37.56
2572.0,113.8,12.34,25.38,13.26,13.1,521.0,35.8,213.06
4289.0,111.8,7.68,52.56,8.34,84.4,577.0,26.1,84.0
3778.0,108.7,10.64,44.24,6.72,35.6,458.0,79.2,84.76
3994.0,82.5,3.71,57.98,5.34,50.1,467.0,59.6,40.21
3453.0,100.8,10.71,33.58,5.16,38.1,567.0,28.6,71.86
1298.0,26.9,1.45,24.33,5.28,34.2,205.0,45.9,45.26
2953.0,53.5,31.74,40.26,13.39,48.8,597.0,43.3,319.63
4931.0,51.4,16.5,23.43,11.13,44.1,487.0,21.9,152.8
4718.0,83.6,48.68,58.78,10.38,67.0,463.0,70.2,256.48
694.0,55.6,10.49,21.55,12.18,83.2,281.0,94.0,336.86
1242.0,34.9,17.95,50.14,4.6,36.7,373.0,73.3,139.97
1093.0,79.6,18.53,41.0,9.65,29.2,427.0,100.9,304.32
3767.0,101.4,1.41,34.74,7.44,70.0,410.0,24.0,35.47
4180.0,58.2,42.12,22.63,11.95,70.3,452.0,57.9,301.04
1461.0,33.2,2.57,44.89,5.33,91.1,141.0,77.0,56.8
2776.0,39.7,47.07,43.41,10.0,11.4,278.0,84.4,320.43
4283.0,43.7,44.71,31.24,13.35,86.8,317.0,86.5,340.18
3798.0,50.0,27.24,56.41,6.63,56.9,230.0,90.2,146.73
2940.0,84.3,27.64,32.16,1.93,65.9,186.0,81.7,47.08
3157.0,80.1,33.04,37.99,8.22,18.2,169.0,20.4,218.17
2788.0,89.6,19.97,41.75,5.84,48.9,283.0,86.5,122.39
1839.0,56.3,32.71,24.01,10.41,30.5,347.0,89.7,335.95
3043.0,102.4,3.19,57.29,14.31,32.9,131.0,119.3,118.45
3600.0,40.4,3.65,34.98,7.8,55.4,573.0,86.3,58.1
4430.0,66.9,23.4,23.23,7.53,83.1,483.0,85.6,128.57
3363.0,100.1,27.93,35.49,10.16,76.9,465.0,66.6,234.75
3925.0,38.0,44.5,44.01,2.45,63.2,186.0,105.5,69.29
1220.0,31.0,6.13,40.55,4.55,58.5,402.0,119.7,82.23
2577.0,108.4,41.31,47.78,13.87,48.5,365.0,95.7,417.04
542.0,54.3,11.29,22.22,10.38,97.5,591.0,77.4,339.21
1610.0,88.4,20.31,31.38,1.19,60.4,474.0,18.7,31.49
3769.0,22.5,16.51,52.77,3.86,32.9,388.0,89.9,63.76
4963.0,89.0,20.61,23.2,10.56,30.7,525.0,87.9,148.21
946.0,51.6,8.37,54.22,11.7,65.0,178.0,95.3,274.5
2307.0,25.6,25.67,23.68,12.76,57.1,108.0,23.7,353.44
4100.0,81.0,40.28,53.38,5.09,10.7,445.0,81.9,128.45
1418.0,44.1,22.64,34.43,14.03,84.7,149.0,42.5,440.95
2998.0,58.7,25.04,44.49,8.74,73.4,158.0,93.6,198.79
3799.0,28.1,42.59,26.12,10.75,69.6,472.0,36.4,280.81
3272.0,34.7,35.6,22.65,9.35,16.2,235.0,85.2,246.04
1346.0,49.8,25.03,28.64,2.72,42.6,414.0,42.4,89.12
2099.0,29.0,13.63,25.11,14.48,94.2,559.0,11.0,279.71
4027.0,111.1,44.36,32.5,2.72,87.6,258.0,79.7,69.42
2994.0,20.6,29.27,40.58,4.57,35.7,209.0,22.5,109.96
524.0,68.4,11.84,43.55,12.39,24.1,153.0,82.5,467.48
3924.0,32.3,14.19,51.59,9.66,50.4,165.0,111.8,145.46
659.0,50.8,40.35,46.25,12.73,42.0,131.0,116.6,764.21
3856.0,112.6,3.16,44.35,8.22,71.4,144.0,36.0,61.31
1411.0,36.2,49.61,36.47,6.28,97.0,316.0,99.0,293.53
4811.0,116.6,7.39,38.95,13.91,42.7,260.0,48.9,139.31
2156.0,40.6,40.01,36.58,1.51,15.6,453.0,109.1,48.5
1971.0,94.2,20.34,53.69,12.99,90.8,535.0,96.6,303.03
1170.0,74.7,25.12,29.2,4.23,13.4,492.0,18.1,153.21
1875.0,108.4,44.15,20.23,12.88,95.7,365.0,54.8,470.66
4445.0,75.4,21.23,46.05,2.95,69.8,151.0,47.1,50.6
4984.0,73.5,27.34,28.1,9.12,94.8,455.0,96.4,156.3
2157.0,39.5,3.42,55.6,13.43,28.0,281.0,55.1,134.42
2519.0,36.6,1.12,54.36,7.63,13.7,143.0,85.3,42.93
3749.0,111.6,13.0,23.07,11.45,53.9,521.0,76.3,158.38
4488.0,52.8,34.35,24.26,12.27,50.6,269.0,117.3,252.39
3169.0,57.2,6.94,39.81,11.31,39.8,209.0,113.2,134.21
2262.0,96.0,6.57,44.37,13.95,96.2,536.0,57.0,184.62
2357.0,53.9,21.14,31.0,7.26,84.0,551.0,89.6,153.74
3630.0,115.2,32.74,48.67,3.42,69.5,269.0,101.2,82.84
514.0,93.8,35.89,43.8,1.67,24.7,277.0,108.9,116.34
3288.0,79.7,9.74,32.99,4.45,76.1,390.0,17.5,55.23
2100.0,108.1,4.9,21.01,3.0,75.4,467.0,43.2,33.7
4074.0,25.0,47.08,50.01,8.81,48.3,132.0,45.2,222.35
918.0,45.7,13.77,28.59,3.59,93.2,397.0,57.8,106.99
3147.0,66.5,42.81,53.38,1.55,25.0,576.0,28.6,45.77
2664.0,42.7,43.31,36.81,1.5,34.1,231.0,64.6,48.06
3390.0,94.4,38.85,43.08,12.64,15.7,554.0,83.0,341.16
792.0,111.9,9.27,54.92,9.28,81.6,575.0,64.7,252.33
3110.0,62.4,41.27,54.54,6.01,66.0,235.0,83.2,184.25
3027.0,54.2,38.69,34.86,13.52,38.3,477.0,17.3,388.29
3023.0,116.2,30.24,28.36,1.98,24.7,219.0,106.4,48.19
3216.0,64.5,17.52,51.01,14.72,13.6,469.0,113.3,266.27
3544.0,68.9,13.86,37.32,9.63,25.0,499.0,78.0,142.13
4122.0,55.2,6.97,27.68,3.57,50.8,224.0,107.0,35.81
1714.0,111.0,25.98,56.18,10.51,32.2,458.0,24.5,324.82
4213.0,76.9,29.68,27.92,11.69,33.3,506.0,97.7,233.81
2742.0,96.2,18.61,21.03,7.01,88.8,279.0,23.1,148.36
847.0,101.2,24.29,20.81,13.06,56.4,184.0,54.9,542.64
763.0,54.2,18.81,44.89,3.11,75.6,146.0,45.6,121.03
2004.0,63.4,32.41,46.47,4.9,13.2,388.0,74.4,150.36
4032.0,104.8,45.16,32.44,2.31,42.9,589.0,43.2,59.97
3685.0,56.3,9.03,32.8,3.95,53.1,511.0,80.1,45.15
4049.0,99.4,19.69,33.58,4.34,26.8,318.0,50.4,74.51
2828.0,114.1,7.9,47.21,13.85,20.8,368.0,104.7,187.76
2481.0,82.3,31.62,22.33,2.09,88.3,240.0,79.7,58.51
1164.0,94.2,36.71,57.16,6.98,94.5,182.0,33.7,319.0
1977.0,100.5,46.66,28.9,8.45,17.1,341.0,47.0,319.21
2453.0,104.5,14.66,59.99,13.58,41.4,332.0,103.2,255.17
899.0,59.5,47.56,26.86,14.97,96.2,361.0,52.5,821.08
1493.0,25.1,4.1,50.86,11.55,17.5,576.0,68.9,146.77
3192.0,60.2,30.55,28.94,14.59,67.9,402.0,81.4,349.26
3810.0,87.4,3.8,23.23,12.02,97.5,403.0,48.3,94.86
4993.0,65.0,44.79,55.0,14.48,98.0,164.0,42.3,353.85
4699.0,94.9,26.96,54.35,10.9,52.4,598.0,62.3,210.13
3392.0,55.7,33.8,36.14,2.12,24.6,486.0,33.6,54.19
2396.0,83.5,41.75,48.1,6.63,28.2,539.0,41.3,220.11
3363.0,38.6,8.37,42.28,10.05,90.1,307.0,16.8,130.83
4035.0,94.9,2.89,54.12,5.91,92.1,351.0,43.4,38.68
1033.0,74.6,44.07,32.6,4.83,64.7,361.0,45.3,237.34
2345.0,40.4,16.43,40.95,9.08,79.0,197.0,115.8,192.36
4279.0,49.2,7.32,39.41,14.07,76.6,445.0,74.9,136.5
2227.0,94.9,23.95,34.16,1.49,69.6,551.0,96.6,36.65
3073.0,68.3,30.32,55.66,11.77,84.5,182.0,15.0,308.94
3145.0,41.6,2.52,26.64,11.12,71.7,143.0,21.7,82.59
1330.0,116.7,14.47,25.98,14.5,58.1,469.0,99.6,359.11
2130.0,91.5,2.61,43.08,14.03,31.3,237.0,78.6,120.56
2005.0,115.7,21.6,46.3,11.67,76.9,412.0,31.0,304.71
618.0,62.7,44.86,27.78,8.29,52.6,448.0,54.5,524.26
609.0,67.5,49.15,35.63,3.86,36.5,261.0,69.3,271.17
4243.0,109.8,32.22,57.86,8.63,82.2,508.0,102.8,184.72
1729.0,72.5,8.92,29.86,11.71,72.7,375.0,16.6,207.64
2831.0,90.7,45.39,46.73,13.54,94.4,534.0,75.6,418.93
1844.0,45.2,26.3,49.61,12.06,24.9,482.0,88.9,344.01
4733.0,64.7,8.53,37.93,3.73,68.4,534.0,117.6,37.14
1667.0,32.3,46.16,57.5,9.4,32.0,110.0,98.8,391.69
2433.0,40.6,38.12,49.47,5.65,91.3,222.0,40.4,171.18
4427.0,20.1,36.85,38.32,1.13,19.0,145.0,88.1,26.14
4289.0,23.9,35.75,42.77,3.8,69.1,321.0,94.0,88.22
1337.0,117.7,10.82,47.7,2.59,81.2,545.0,90.3,57.82
4112.0,44.2,11.34,43.69,12.8,41.9,334.0,100.2,164.68
2562.0,86.3,34.73,55.15,4.62,95.9,525.0,109.4,128.12
2673.0,103.9,11.77,34.28,4.99,86.6,264.0,20.8,84.77
1101.0,75.1,22.49,32.0,14.44,36.5,270.0,21.5,525.79
863.0,35.3,39.32,28.55,6.31,10.7,548.0,97.6,322.6
3776.0,92.8,39.41,21.51,1.13,36.7,313.0,37.8,29.93
2734.0,80.0,23.21,21.72,4.97,35.3,495.0,16.4,110.79
2466.0,93.1,39.82,54.8,2.67,90.1,218.0,54.1,85.89
3783.0,97.0,42.09,47.14,2.44,97.0,574.0,100.2,61.4
3945.0,117.5,33.08,46.42,2.08,16.3,387.0,23.9,45.54
1215.0,77.4,12.19,44.59,9.31,52.4,480.0,83.9,232.19
3246.0,54.2,14.43,53.97,3.65,59.3,145.0,10.4,62.87
1109.0,84.8,16.43,39.21,6.06,18.4,346.0,22.1,186.86
3881.0,26.8,6.72,54.82,13.07,44.0,551.0,48.6,141.55
3456.0,109.7,14.38,34.38,6.94,38.5,539.0,19.2,107.83
4805.0,31.9,11.27,57.07,13.82,58.2,123.0,103.0,159.02
810.0,52.8,23.31,47.95,7.97,69.5,252.0,105.0,342.72
757.0,101.6,45.51,30.29,6.58,73.3,322.0,93.1,396.73
1770.0,79.7,6.12,42.56,11.51,22.3,186.0,36.7,167.99
1678.0,59.4,36.29,41.32,2.02,83.2,465.0,67.6,73.73
1611.0,67.3,34.68,25.52,2.25,71.1,192.0,30.3,84.53
4578.0,105.5,5.69,43.65,10.13,90.0,273.0,40.9,87.31
1623.0,54.0,46.21,32.59,7.82,50.4,432.0,66.8,318.35
1724.0,107.0,28.86,22.09,12.07,90.5,341.0,90.9,394.79
3917.0,28.8,18.82,57.95,13.83,87.9,469.0,20.4,235.37
2524.0,97.7,38.07,45.66,6.44,49.5,581.0,42.6,193.3
3995.0,104.8,13.61,55.08,9.35,44.3,158.0,111.9,127.54
794.0,38.2,34.98,47.04,8.01,94.0,455.0,57.2,396.55
2694.0,63.0,2.95,34.28,14.74,74.4,215.0,113.3,121.05
651.0,36.5,42.13,40.51,12.64,93.5,307.0,119.1,819.5
782.0,90.7,22.96,47.03,13.76,81.7,116.0,67.9,577.22
4579.0,73.5,32.2,58.41,4.56,64.8,168.0,41.7,98.87
1127.0,83.5,11.84,30.15,11.82,20.4,260.0,97.0,294.44
2896.0,39.6,34.18,55.0,4.72,36.2,271.0,27.5,134.48
2350.0,41.2,38.84,56.96,3.92,97.2,550.0,37.7,120.35
2063.0,24.1,24.19,46.82,14.22,38.7,471.0,96.3,381.06
4549.0,52.2,31.27,57.25,1.27,18.4,586.0,57.7,25.38
598.0,76.0,23.36,35.92,14.52,73.7,400.0,32.2,713.14
3487.0,105.8,44.81,58.12,3.09,76.1,221.0,81.6,89.28
4835.0,86.7,25.4,48.11,12.47,35.7,264.0,90.6,224.59
3021.0,63.5,42.25,21.68,4.86,36.8,260.0,23.8,144.42
4716.0,115.3,40.27,56.27,5.91,52.2,263.0,40.5,139.43
735.0,91.9,21.11,39.38,4.03,12.0,436.0,34.3,168.02
2385.0,113.0,12.27,38.41,9.2,81.0,365.0,51.8,161.52
1671.0,72.8,20.9,42.66,5.87,38.5,293.0,94.0,163.37
3789.0,45.9,41.48,25.98,10.2,86.8,175.0,88.5,265.99
4916.0,25.3,12.15,38.77,1.22,82.2,111.0,82.9,14.85
1654.0,92.6,26.7,53.25,1.9,69.5,209.0,10.7,61.48
3444.0,32.1,40.5,20.62,2.4,39.2,154.0,25.6,62.86
1391.0,50.3,18.32,30.92,6.87,56.5,493.0,34.6,191.41
3044.0,73.2,32.47,20.1,12.41,50.0,156.0,39.9,313.4
2588.0,76.4,13.04,36.63,13.43,40.5,462.0,26.1,239.83
4874.0,80.1,6.35,49.13,4.43,86.3,293.0,55.1,41.05
3238.0,36.6,39.92,51.95,9.04,53.5,137.0,18.3,252.25
2073.0,58.0,5.85,57.81,11.76,84.9,506.0,92.5,153.74
1013.0,81.7,14.3,44.34,5.04,19.5,390.0,96.6,150.11
1181.0,117.0,42.9,30.19,6.73,22.7,218.0,73.2,316.51
1514.0,92.8,17.98,56.97,8.34,98.0,547.0,19.9,220.99
1629.0,112.3,48.68,51.01,2.89,62.9,123.0,107.9,122.58
4328.0,96.2,49.01,42.98,1.36,55.9,201.0,116.2,37.13
3026.0,79.2,14.15,47.83,3.14,57.1,476.0,32.3,54.63
2855.0,39.2,3.01,56.97,9.78,29.4,455.0,87.5,78.07
1016.0,86.7,35.55,48.5,2.03,74.7,245.0,102.6,97.25
4371.0,82.3,23.1,34.73,3.66,17.6,131.0,69.4,60.94
3753.0,80.2,5.94,48.52,5.73,61.6,529.0,45.6,58.27
805.0,69.0,35.67,21.61,2.09,61.4,257.0,62.6,107.6
3685.0,72.9,2.53,35.46,3.68,92.3,198.0,66.3,24.25
2946.0,53.4,43.64,36.25,13.76,57.4,358.0,54.1,409.6
868.0,71.9,7.79,26.67,1.27,22.3,555.0,112.3,29.68
2562.0,39.8,7.24,20.92,10.15,61.5,122.0,91.8,129.21
2681.0,100.5,9.61,25.34,6.38,18.2,483.0,36.5,96.57
1246.0,38.6,48.05,46.18,10.42,28.3,386.0,74.4,512.45
4756.0,28.5,34.97,52.09,9.24,12.8,313.0,85.8,202.04
4325.0,63.6,40.27,59.53,4.13,56.2,472.0,25.4,99.03
3511.0,85.8,20.48,33.85,12.86,17.6,583.0,49.4,227.32
2580.0,63.8,17.48,43.98,7.89,52.2,215.0,109.6,166.6
2353.0,47.7,12.49,57.49,12.52,94.0,172.0,72.4,235.61
3429.0,75.8,24.55,26.68,6.68,74.8,556.0,33.9,141.66
2954.0,54.7,28.04,48.71,14.79,17.0,434.0,23.5,357.37
780.0,113.3,31.96,50.2,11.79,30.2,319.0,67.0,590.41
2806.0,112.3,13.6,23.56,14.52,70.6,387.0,70.2,255.27
4129.0,70.2,47.48,54.45,8.2,90.5,473.0,46.8,231.24
2567.0,52.8,9.32,52.52,7.63,13.0,487.0,79.3,113.22
734.0,93.7,48.32,21.34,11.58,83.1,560.0,17.6,697.23
4038.0,23.7,1.73,23.64,13.32,60.6,313.0,26.0,69.61
1406.0,67.5,24.58,21.97,14.5,59.1,247.0,70.1,467.16
1664.0,53.6,17.34,33.39,5.54,96.2,420.0,16.8,142.07
1241.0,112.1,23.01,40.37,12.18,77.3,308.0,106.9,405.69
1986.0,21.2,28.96,41.29,3.95,86.5,397.0,25.6,124.14
3905.0,75.3,22.34,30.71,8.64,41.9,310.0,84.1,156.94
2837.0,94.1,21.33,56.46,3.52,59.9,176.0,53.0,79.41
1422.0,68.5,36.9,34.73,5.86,65.4,335.0,54.0,230.11
4450.0,28.5,34.61,21.82,14.04,38.9,445.0,94.1,293.72
4458.0,117.2,41.83,32.01,3.05,61.3,500.0,64.9,70.43
4418.0,71.8,13.25,41.24,9.85,31.3,347.0,89.8,136.02
1575.0,81.4,30.87,36.33,9.3,22.9,183.0,65.6,335.82
2531.0,43.7,29.67,30.95,2.69,43.7,307.0,75.2,72.85
4932.0,68.3,19.12,25.25,5.56,76.5,493.0,93.7,82.47
3974.0,62.9,24.82,52.77,8.88,92.5,306.0,76.8,176.97
622.0,27.5,16.38,59.85,3.62,51.2,448.0,77.7,150.16
793.0,30.6,7.95,33.18,12.21,67.9,354.0,96.8,306.71
2588.0,103.7,11.48,35.26,14.61,19.3,221.0,114.4,221.09
4591.0,44.0,6.17,44.72,4.01,91.4,498.0,51.4,35.76
2924.0,39.5,34.47,48.74,3.62,61.2,142.0,73.5,99.31
2740.0,70.5,33.38,35.68,7.37,80.2,362.0,19.5,206.18
975.0,96.9,47.58,56.2,11.47,81.5,204.0,49.5,647.5
3456.0,26.2,36.75,42.4,4.94,33.1,134.0,55.3,132.39
4199.0,77.7,3.55,38.02,1.28,57.6,351.0,101.9,8.81
2212.0,31.9,44.33,45.87,8.58,96.4,350.0,66.5,304.51
3990.0,23.6,43.27,58.11,14.39,18.1,453.0,90.4,381.34
4840.0,25.3,22.72,51.78,6.48,71.5,472.0,12.1,106.01
1417.0,103.4,29.71,21.6,6.88,96.6,464.0,61.1,257.65
2855.0,31.8,48.83,33.29,14.56,37.1,305.0,109.1,482.96
1792.0,24.5,27.08,38.82,10.72,87.5,416.0,34.7,325.79
4068.0,63.8,45.36,32.58,11.07,94.0,388.0,13.5,282.0
3099.0,104.4,5.07,48.01,8.88,77.2,311.0,57.7,89.59
3356.0,46.2,10.36,53.05,14.64,30.8,399.0,87.5,202.45
4091.0,62.2,22.6,49.25,10.64,40.1,574.0,60.0,195.68
2282.0,24.0,29.65,59.57,13.53,13.2,196.0,60.6,413.41
4618.0,64.9,41.0,30.9,10.79,84.8,553.0,83.7,239.7
2899.0,77.8,49.42,55.0,11.29,86.5,127.0,38.0,387.44
1211.0,77.1,20.05,50.66,5.07,66.9,254.0,92.7,157.37
3632.0,53.2,3.32,34.49,5.25,41.7,244.0,26.8,39.35
4070.0,51.6,40.26,49.36,11.96,16.9,413.0,53.5,299.21
1925.0,30.7,30.61,24.16,5.15,77.8,166.0,82.2,164.24
4357.0,56.7,10.73,51.57,8.88,75.4,541.0,101.1,104.79
4578.0,29.9,25.25,41.29,4.49,92.1,514.0,97.1,79.6
1746.0,96.7,37.37,31.69,12.44,75.7,426.0,89.4,460.27
4926.0,116.6,38.75,46.23,2.55,84.6,329.0,49.5,58.53
1133.0,117.0,25.48,45.66,12.61,77.1,566.0,23.5,466.98
1409.0,106.5,15.96,28.38,9.44,66.8,515.0,33.9,226.84
1329.0,80.1,48.71,21.22,3.62,48.4,350.0,105.1,179.45
4523.0,90.1,33.5,37.34,8.59,91.2,451.0,104.3,178.95
3444.0,48.5,21.0,42.78,4.95,68.6,383.0,114.7,93.8
1184.0,83.1,14.74,55.06,5.53,45.9,394.0,18.4,153.24
2481.0,65.6,36.82,57.13,5.92,17.5,265.0,69.0,185.01
3269.0,68.2,12.87,41.15,1.89,36.2,331.0,81.4,29.63
876.0,95.8,9.41,50.15,14.8,58.9,139.0,88.2,401.4
4471.0,48.2,26.96,37.57,1.44,34.8,279.0,80.8,26.99
4116.0,51.8,15.21,49.84,10.27,29.9,448.0,94.7,152.04
2773.0,112.5,31.82,28.19,6.2,57.5,577.0,49.5,168.78
4852.0,25.6,6.78,34.84,10.04,25.3,582.0,29.7,91.51
2380.0,68.6,33.09,45.37,5.99,82.0,378.0,32.5,175.43
4928.0,111.3,14.88,20.73,10.43,53.6,403.0,11.3,136.1
3506.0,81.0,1.01,48.9,11.21,61.6,193.0,48.5,49.23
3356.0,74.6,7.22,53.42,10.67,23.3,448.0,20.1,127.78
1247.0,45.0,46.75,35.97,2.6,39.2,135.0,45.4,130.56
4469.0,54.3,43.5,37.92,10.2,46.9,242.0,79.1,248.64
2424.0,105.2,12.45,54.05,4.92,82.7,434.0,108.4,87.8
1230.0,75.9,39.14,51.03,1.4,79.3,255.0,102.4,65.89
557.0,71.5,30.82,31.53,6.81,30.1,125.0,37.8,417.78
3019.0,30.0,48.57,32.96,7.07,65.5,516.0,24.7,213.34
2873.0,21.6,19.31,47.16,7.54,31.9,255.0,31.2,144.71
3737.0,116.4,34.39,42.53,10.87,98.9,132.0,116.8,264.13
4506.0,57.7,4.11,26.49,5.32,95.7,137.0,70.4,41.09
857.0,80.3,20.42,32.4,5.41,60.7,226.0,30.1,202.62
3792.0,28.0,48.23,56.0,1.85,72.9,189.0,102.5,52.83
1343.0,88.3,27.41,47.53,10.62,82.1,487.0,53.5,370.56
4362.0,113.3,15.11,59.44,8.95,74.9,261.0,108.9,133.23
4186.0,77.6,6.89,50.68,5.89,73.0,502.0,38.7,58.2
2934.0,32.6,35.47,57.68,10.87,96.3,187.0,53.3,318.74
3696.0,78.2,32.6,28.65,8.52,63.7,346.0,65.5,196.88
1915.0,96.6,19.32,50.86,7.57,67.3,444.0,108.2,181.66
2620.0,60.6,47.6,20.81,8.16,86.4,426.0,105.6,269.97
4197.0,108.0,2.09,46.83,9.91,70.3,401.0,73.2,52.6
2567.0,84.9,15.88,38.77,10.24,76.0,562.0,34.4,203.53
2110.0,109.9,46.13,33.87,5.05,31.1,214.0,54.4,192.14
2724.0,82.4,16.73,54.5,2.97,43.4,347.0,117.3,60.2
4227.0,33.1,13.36,54.17,3.19,23.3,542.0,76.9,43.81
2008.0,51.0,27.18,20.89,9.95,55.5,139.0,95.9,281.42
1282.0,40.2,41.37,44.38,13.22,51.0,128.0,59.5,606.27
3704.0,110.9,6.05,34.71,6.73,99.7,217.0,68.5,67.75
4217.0,96.0,47.21,36.63,3.37,65.0,417.0,57.2,85.87
953.0,87.6,39.96,53.28,11.59,80.8,230.0,87.3,589.84
1579.0,50.1,9.88,32.39,12.65,40.1,195.0,103.7,245.22
1139.0,38.4,35.89,57.72,13.33,84.8,329.0,65.8,575.84
2066.0,95.6,19.86,27.19,9.5,65.4,407.0,62.9,230.98
2527.0,67.4,20.71,46.51,13.05,72.7,224.0,47.4,298.8
3870.0,42.6,39.38,46.88,1.22,36.5,250.0,29.5,30.82
3430.0,81.7,48.18,30.09,2.5,59.4,407.0,113.3,69.12
3294.0,24.0,7.21,32.99,2.3,67.1,573.0,44.8,24.99
2086.0,52.6,21.61,53.39,10.98,63.0,437.0,98.1,291.61
4287.0,66.9,24.57,50.47,1.97,92.4,491.0,88.7,35.93
2621.0,34.8,19.44,33.16,7.95,90.8,283.0,97.0,171.47
4906.0,118.5,18.8,41.36,7.62,97.4,236.0,113.0,117.65
3354.0,40.9,3.56,22.47,5.35,70.1,327.0,78.6,38.87
1068.0,33.0,34.59,28.35,13.19,97.5,504.0,108.8,596.47
3543.0,40.4,22.37,39.43,3.39,84.9,328.0,28.4,68.61
1963.0,96.9,10.54,23.44,5.93,34.4,523.0,78.9,101.32
3588.0,62.6,40.99,53.73,11.84,48.5,594.0,95.0,306.89
813.0,76.5,40.33,48.72,1.43,31.5,136.0,39.9,78.64
1287.0,22.1,24.83,57.75,10.42,10.4,123.0,91.5,391.43
4351.0,23.4,15.62,47.74,12.43,26.9,175.0,95.6,182.84
1522.0,64.6,32.27,57.62,14.05,10.4,292.0,101.4,506.06
4267.0,101.7,15.12,42.18,13.27,74.8,166.0,44.4,196.16
1757.0,108.5,12.56,44.01,5.47,48.3,535.0,85.0,112.52
3393.0,28.7,36.8,59.08,9.21,38.1,112.0,43.5,259.11
3624.0,73.8,2.98,45.69,2.08,78.6,258.0,91.3,15.71
2807.0,111.3,5.64,21.23,4.61,84.9,192.0,60.9,50.51
1874.0,58.8,1.33,48.95,2.32,97.8,566.0,75.7,15.23
1457.0,103.0,8.49,56.22,5.41,67.8,435.0,55.7,103.42
649.0,33.4,4.38,51.82,13.25,51.5,556.0,27.8,260.8
1868.0,113.5,49.79,43.35,5.86,37.5,586.0,29.6,250.45
3439.0,95.1,15.15,46.85,8.87,30.0,349.0,18.5,154.14
4722.0,114.1,8.31,59.61,7.07,29.2,217.0,78.0,76.05
4420.0,87.7,12.81,23.63,7.42,46.8,197.0,103.4,102.81
3947.0,56.3,46.87,46.69,14.57,99.3,211.0,12.3,420.51
4048.0,113.8,26.49,31.34,5.15,10.1,454.0,17.3,102.33
3492.0,47.6,18.88,45.6,9.78,27.7,120.0,60.3,185.26
1671.0,53.2,43.8,44.3,6.88,27.0,126.0,91.1,294.64
4582.0,90.1,20.35,26.14,1.86,74.5,404.0,27.3,29.42
3518.0,96.5,17.42,28.27,7.85,41.7,421.0,39.9,141.65
3022.0,112.9,11.16,44.87,12.39,51.2,433.0,35.5,185.44
999.0,40.5,19.51,25.13,2.38,23.4,286.0,53.9,85.71
2512.0,99.8,16.52,30.61,1.97,46.4,503.0,34.7,38.88
2572.0,93.9,34.19,53.41,3.15,19.3,367.0,48.8,92.16
4391.0,26.4,15.19,33.08,11.7,58.0,153.0,90.1,171.66
2960.0,58.7,29.28,39.52,11.14,18.8,499.0,77.2,264.76
2212.0,48.3,4.23,57.65,8.91,81.1,577.0,18.9,95.9
4896.0,50.4,10.37,29.09,7.56,61.0,130.0,80.2,90.47
998.0,118.3,20.96,35.59,13.44,75.2,296.0,62.5,449.38
2401.0,84.3,46.91,44.26,11.73,47.7,344.0,112.8,388.75
689.0,91.8,19.49,50.21,12.37,44.3,173.0,41.8,520.4
3830.0,117.7,33.54,56.07,12.39,18.8,534.0,89.9,274.99
4631.0,57.7,13.5,56.62,10.0,57.1,242.0,90.4,142.74
1760.0,100.2,7.22,51.07,7.41,56.3,492.0,34.4,122.23
4363.0,63.5,3.87,29.13,13.11,52.1,435.0,109.4,95.5
1815.0,107.0,15.97,20.99,13.96,76.6,399.0,64.0,310.61
4598.0,38.1,8.73,35.35,1.33,84.9,196.0,84.7,15.06
3893.0,114.8,9.53,25.66,1.72,77.6,210.0,26.0,20.25
4122.0,41.9,38.28,48.42,14.42,22.9,124.0,38.4,379.91
581.0,52.6,1.78,46.45,4.88,66.0,220.0,74.5,66.58
4833.0,95.6,28.33,21.76,13.23,17.2,273.0,45.1,247.36
3770.0,59.4,19.59,53.46,6.44,72.5,517.0,65.0,112.95
1871.0,80.8,25.82,29.95,2.67,44.4,283.0,51.1,75.07
4232.0,64.5,28.58,37.29,2.13,21.9,477.0,80.5,44.87
1767.0,94.2,16.36,46.72,3.19,87.6,320.0,63.6,78.57
4427.0,42.8,15.46,37.18,4.5,65.3,492.0,10.5,67.77
1007.0,25.8,36.94,37.65,7.84,41.9,588.0,81.5,347.07
3667.0,50.0,43.69,22.63,10.82,12.8,220.0,56.4,293.53
2933.0,67.4,10.44,36.06,14.81,58.4,531.0,47.6,217.83
934.0,36.8,5.78,50.59,7.18,93.1,411.0,20.4,142.83
1589.0,55.5,44.99,56.61,8.25,63.7,509.0,34.2,333.75
556.0,60.0,18.14,36.54,8.31,97.4,426.0,34.6,381.54
2609.0,25.7,28.01,36.94,8.55,22.3,312.0,112.9,218.15
1856.0,78.3,18.62,48.11,8.25,61.1,214.0,57.6,203.36
3193.0,108.4,7.16,57.71,1.12,81.8,135.0,14.6,13.06
1838.0,35.2,29.88,30.68,1.02,57.3,368.0,25.3,32.83
1850.0,79.8,26.73,37.61,2.37,18.2,595.0,18.7,74.24
3844.0,86.5,10.95,51.84,2.42,62.5,469.0,74.8,30.91
717.0,61.9,23.14,44.39,10.87,65.1,264.0,30.5,495.9
4563.0,90.1,40.05,24.42,3.87,75.6,514.0,64.8,89.75
4335.0,61.1,29.93,45.11,13.53,78.5,484.0,50.7,265.91
3505.0,70.5,5.75,27.47,14.0,79.4,241.0,98.4,137.27
3169.0,20.7,27.85,40.41,14.66,69.7,107.0,45.3,341.4
4515.0,89.2,35.43,41.16,14.15,29.4,159.0,60.4,326.44
1334.0,86.1,39.84,55.05,4.81,46.4,539.0,89.3,211.47
855.0,23.8,31.83,38.5,8.14,79.9,518.0,57.7,383.5
1578.0,56.8,8.48,31.18,3.46,95.8,248.0,97.3,60.86
4076.0,117.9,35.8,29.24,12.29,17.1,243.0,82.8,280.43
656.0,62.1,34.19,54.97,13.44,58.2,496.0,55.2,745.64
3123.0,70.2,2.2,26.84,12.92,38.1,569.0,65.4,79.41
4979.0,111.0,21.18,37.03,7.07,30.3,490.0,116.4,110.51
4351.0,91.7,17.31,27.49,11.62,55.5,403.0,82.8,180.68
2847.0,78.2,33.8,50.93,2.37,64.5,221.0,109.5,65.71
786.0,99.8,11.59,38.97,1.56,10.9,363.0,29.7,47.21
4241.0,106.4,29.95,34.05,11.55,80.2,217.0,63.2,242.63
3195.0,65.7,45.75,34.44,6.95,83.8,504.0,110.0,199.14
1017.0,67.5,40.09,54.09,14.94,96.9,293.0,45.5,722.21
922.0,58.6,46.15,42.15,2.36,26.3,517.0,116.4,127.92
4593.0,116.7,48.95,48.71,12.98,63.5,291.0,20.7,333.65
3511.0,89.7,1.52,55.88,7.72,48.4,512.0,109.3,37.75
4232.0,28.3,31.51,56.07,12.58,40.1,267.0,59.0,278.66
4455.0,106.3,21.23,33.14,12.44,60.9,320.0,18.1,209.96
3073.0,68.1,43.13,58.1,13.82,80.4,408.0,106.7,409.09
2829.0,26.9,13.34,21.0,5.17,12.1,135.0,37.7,90.97
2437.0,75.0,49.07,35.07,14.3,97.2,574.0,12.4,479.47
1926.0,61.7,31.07,55.83,3.12,82.9,387.0,24.9,100.41
2456.0,107.8,39.88,30.99,2.15,77.6,354.0,82.5,63.25
3982.0,40.4,5.19,30.92,7.04,78.4,520.0,117.6,63.39
3209.0,102.6,9.99,32.1,12.6,45.0,533.0,22.3,163.91
4516.0,75.8,38.16,44.49,7.63,77.6,361.0,60.8,171.56
2495.0,25.5,2.08,37.53,12.61,44.8,564.0,29.9,92.05
3232.0,117.2,41.03,49.07,11.22,90.9,132.0,92.0,318.68
3341.0,71.3,1.68,55.8,3.93,26.0,157.0,23.0,22.01
3163.0,49.1,33.2,46.97,14.28,36.3,398.0,36.4,372.82
3662.0,66.9,18.89,28.18,1.85,59.6,277.0,31.6,33.69
1568.0,105.8,30.96,57.31,13.58,38.7,332.0,70.8,471.19
2806.0,50.5,35.11,30.58,5.26,48.2,264.0,106.1,142.16
969.0,39.3,17.78,26.0,8.0,54.3,302.0,66.2,262.48
2230.0,32.9,6.29,23.6,6.91,87.1,511.0,16.4,88.28
2695.0,49.8,4.41,42.54,3.41,57.1,397.0,72.0,32.05
3435.0,98.0,29.86,24.55,6.01,42.6,599.0,97.7,131.49
4777.0,67.2,26.51,25.55,3.7,32.3,493.0,24.5,70.43
3203.0,42.7,37.37,32.0,3.85,46.8,237.0,18.0,101.67
3846.0,36.6,25.98,31.27,3.62,56.4,232.0,30.7,73.12
2778.0,53.3,21.7,44.17,7.85,77.2,268.0,92.1,166.7
3353.0,114.0,20.51,52.67,12.17,20.9,522.0,75.1,237.93
819.0,54.3,2.3,50.45,8.97,29.9,114.0,69.5,125.88
1645.0,118.8,17.44,30.5,13.5,44.2,215.0,37.4,360.21
2128.0,68.5,48.82,29.81,9.91,42.4,552.0,46.5,348.01
2626.0,37.9,43.8,58.63,10.65,45.3,420.0,116.2,345.4
705.0,109.1,17.14,20.33,10.35,81.4,213.0,36.5,416.79
1130.0,66.0,29.8,55.19,7.29,39.2,210.0,109.2,303.6
1746.0,91.0,42.52,27.99,10.65,55.2,531.0,73.9,403.89
4872.0,118.4,22.62,57.89,1.98,66.2,547.0,23.6,33.02
1991.0,25.0,1.88,33.69,13.04,30.9,228.0,61.4,100.56
2669.0,29.7,4.65,37.61,11.89,74.7,310.0,114.3,126.32
1382.0,92.0,26.01,48.28,4.43,59.2,517.0,56.0,150.8
3249.0,48.2,48.5,43.51,11.75,50.2,486.0,105.0,335.52
1763.0,38.4,34.97,32.72,1.18,82.9,507.0,38.2,39.75
1431.0,23.9,4.47,42.15,4.04,31.9,359.0,72.8,57.93
2825.0,22.2,10.28,49.23,1.91,89.5,556.0,102.8,28.22
525.0,97.4,38.79,21.69,11.92,60.5,263.0,111.3,790.65
534.0,33.4,42.23,20.45,11.58,64.8,178.0,63.4,791.82
1486.0,66.8,31.27,38.32,12.39,88.8,454.0,80.4,453.51
665.0,80.6,32.58,25.27,1.06,83.6,370.0,10.3,60.82
986.0,62.8,2.39,46.57,8.02,64.1,527.0,37.9,100.69
2025.0,22.7,41.6,28.56,10.87,77.8,141.0,40.7,408.6
4112.0,98.4,39.63,37.31,3.18,49.0,522.0,20.3,75.48
3074.0,21.1,13.69,27.91,10.1,59.3,247.0,40.8,164.97
2807.0,96.2,35.73,41.94,2.18,15.6,427.0,45.3,60.39
1821.0,109.3,11.53,24.64,3.54,18.1,120.0,116.6,69.66
4693.0,63.3,2.98,20.92,7.66,84.6,405.0,83.5,48.42
2287.0,73.6,10.86,22.05,10.15,15.4,459.0,56.9,174.36
892.0,67.7,9.75,58.17,3.04,25.2,284.0,118.7,81.05
3277.0,58.9,17.55,25.69,3.59,81.6,208.0,26.9,62.85
1012.0,108.7,21.5,48.34,3.86,10.1,369.0,62.4,133.15
2054.0,109.4,25.92,22.72,4.34,35.4,517.0,81.2,117.09
2783.0,53.6,24.36,24.33,4.17,62.6,262.0,16.1,99.57
4434.0,81.5,14.26,40.36,6.53,63.6,226.0,88.9,92.24
2721.0,112.7,2.43,38.59,10.15,79.9,239.0,21.0,80.95
3660.0,116.2,30.65,58.06,7.13,55.5,575.0,25.4,156.59
4968.0,70.9,20.39,57.79,11.86,55.8,280.0,27.6,187.23
1092.0,65.3,15.63,51.18,11.07,75.3,102.0,112.2,330.07
1736.0,47.9,43.48,44.08,2.77,54.9,491.0,85.2,104.65
2276.0,115.9,37.59,38.2,1.68,64.8,450.0,82.1,53.55
2398.0,34.3,43.03,34.25,13.29,90.8,164.0,71.1,440.58
2350.0,78.0,25.25,57.88,2.12,46.1,592.0,42.2,51.62
4584.0,48.3,7.42,44.12,3.08,44.7,404.0,78.3,31.31
3713.0,47.9,35.11,43.16,1.31,10.3,350.0,55.1,30.02
3236.0,60.5,11.1,29.28,9.8,65.2,291.0,26.0,137.99
1892.0,119.9,22.62,21.87,9.15,12.7,549.0,85.9,225.68
4207.0,25.5,4.19,57.81,14.82,55.4,222.0,24.3,120.99
4798.0,77.9,41.44,32.55,13.42,82.4,243.0,31.0,313.81
4195.0,28.3,7.17,37.7,6.75,59.5,161.0,99.9,73.82
507.0,35.5,45.25,24.59,6.2,34.3,480.0,82.6,456.17
3364.0,64.0,43.35,53.48,5.16,80.8,398.0,79.4,151.86
730.0,71.0,23.76,21.11,3.13,34.3,405.0,56.0,138.05
1659.0,45.9,37.47,53.36,2.93,76.0,209.0,53.6,109.11
768.0,51.6,31.35,25.61,2.85,64.9,426.0,85.9,139.47
3217.0,28.7,40.35,55.46,2.6,25.3,483.0,91.4,72.93
3590.0,50.3,22.16,49.19,4.37,91.5,279.0,66.1,88.12
1015.0,116.7,39.5,26.59,5.29,28.1,501.0,116.6,244.8
2227.0,114.5,23.66,42.63,14.46,99.1,274.0,115.1,374.33
2553.0,53.5,47.11,32.51,9.1,10.7,479.0,55.4,291.8
2161.0,77.1,24.83,27.13,14.83,33.7,117.0,100.3,382.81
1045.0,111.0,23.67,54.37,6.21,28.0,376.0,69.8,226.04
2385.0,20.6,39.47,36.14,7.41,11.3,585.0,66.3,229.26
3880.0,101.1,41.26,35.94,5.54,75.9,591.0,16.0,133.93
820.0,114.8,28.17,26.8,3.56,72.4,241.0,73.1,160.81
861.0,29.1,9.81,35.32,3.0,81.3,321.0,109.1,80.67
2096.0,36.1,23.92,54.86,14.23,33.1,131.0,95.8,375.95
4738.0,116.1,48.44,34.53,14.82,50.0,537.0,96.5,353.72
3509.0,73.8,37.9,58.06,1.63,69.3,384.0,27.6,42.9
3554.0,21.4,40.75,57.85,3.1,49.6,293.0,49.4,85.11
2129.0,45.8,2.61,25.8,6.93,72.8,156.0,35.7,59.88
3171.0,65.0,23.93,27.09,3.61,67.1,573.0,44.8,76.92
546.0,89.3,32.68,54.51,6.09,20.3,365.0,73.7,379.69
3362.0,93.3,41.67,35.71,2.81,80.3,241.0,50.1,80.83
4610.0,119.5,3.41,20.17,7.39,74.9,275.0,71.7,49.04
3257.0,48.8,42.77,30.95,4.8,69.0,235.0,58.2,134.79
4432.0,73.8,27.87,43.91,5.93,24.0,401.0,41.5,114.34
3758.0,73.3,10.67,51.97,2.32,34.1,565.0,20.5,30.83
1043.0,60.6,16.55,25.34,6.99,45.4,528.0,108.1,206.67
4561.0,36.9,14.81,24.42,14.77,35.2,330.0,11.3,204.37
799.0,117.7,27.01,56.88,5.6,30.5,513.0,10.2,254.24
2903.0,105.3,3.53,50.05,13.27,82.5,312.0,100.9,112.92
1140.0,69.8,8.77,43.59,12.8,67.4,226.0,119.6,281.06
553.0,80.3,40.82,50.77,14.33,60.9,592.0,90.0,904.03
2399.0,42.7,7.5,37.15,12.06,30.3,252.0,11.7,171.56
1828.0,74.4,12.44,50.34,10.23,92.6,262.0,34.9,218.68
2687.0,89.5,23.22,34.87,12.99,27.2,595.0,116.9,281.55
3097.0,71.5,26.34,29.76,2.06,81.5,167.0,98.9,49.81
697.0,119.0,38.42,49.16,7.48,97.0,480.0,72.3,432.08
1054.0,81.1,22.92,36.79,14.85,75.4,568.0,36.1,506.48
3014.0,57.1,39.7,59.26,11.77,99.4,356.0,11.6,341.4
2044.0,97.2,31.3,33.98,14.47,68.6,101.0,12.3,457.83
3781.0,37.0,6.54,56.87,11.91,29.6,288.0,77.3,126.84
3435.0,58.5,8.66,57.32,13.25,28.3,156.0,12.4,171.32
4305.0,54.7,22.41,29.67,10.89,39.2,308.0,119.3,185.44
3616.0,63.2,20.45,51.93,11.65,10.6,495.0,30.2,210.39
2435.0,98.2,37.43,37.32,8.32,71.4,319.0,88.2,249.43
3528.0,68.4,29.46,56.7,13.94,34.2,316.0,27.1,318.59
1739.0,99.4,20.02,38.0,12.55,83.4,378.0,69.4,320.06
1878.0,77.6,9.37,49.77,12.81,42.3,391.0,18.9,222.31
4050.0,54.2,12.12,38.68,10.42,53.2,528.0,94.3,140.12
2509.0,101.0,29.2,29.11,5.26,96.9,254.0,74.3,147.16
4093.0,43.8,21.75,27.97,1.5,31.8,511.0,19.5,27.14
4201.0,42.4,26.23,37.02,14.1,74.9,383.0,103.3,282.46
4359.0,70.5,9.36,50.22,9.21,78.0,250.0,70.2,110.79
4625.0,46.1,33.48,44.2,5.17,29.9,248.0,111.4,112.26
2439.0,20.9,42.77,47.55,3.09,55.1,281.0,110.8,100.67
1935.0,84.8,13.64,31.29,12.61,41.5,411.0,111.3,256.81
3120.0,71.1,25.08,39.26,12.71,79.5,215.0,18.6,285.01
2170.0,64.6,48.8,21.78,12.4,66.0,560.0,23.3,443.34
3205.0,116.7,17.33,52.7,10.03,52.8,387.0,118.6,182.37
3675.0,77.1,30.16,59.6,6.12,80.1,560.0,63.6,139.79
3598.0,106.3,5.42,36.28,5.26,31.2,123.0,36.2,52.48
2185.0,33.9,30.69,20.44,1.12,77.8,271.0,94.7,32.14
1251.0,76.9,5.39,26.79,12.67,87.9,111.0,39.1,209.84
2437.0,106.8,48.0,46.1,2.22,89.1,236.0,90.0,79.25
1142.0,78.3,36.07,44.48,9.83,80.5,531.0,102.1,431.17
4505.0,91.8,39.62,51.51,8.06,46.7,118.0,96.3,183.67
2056.0,57.2,35.5,30.16,8.37,98.4,318.0,40.1,263.27
1195.0,29.2,29.9,50.55,13.97,44.2,159.0,54.2,583.75
615.0,65.8,23.05,47.52,1.44,67.5,308.0,55.5,69.97
3406.0,59.4,43.06,32.91,11.83,24.5,519.0,64.0,317.08
3366.0,106.7,47.88,41.82,1.73,98.2,412.0,28.4,50.78
2033.0,44.4,25.45,25.89,1.53,73.4,468.0,59.8,41.11
823.0,116.7,46.65,38.1,7.02,77.8,275.0,66.2,422.97
2343.0,115.8,29.58,55.25,1.88,15.9,572.0,68.5,50.13
1900.0,44.8,27.38,36.85,12.05,78.7,455.0,100.2,350.56
3547.0,54.8,23.27,53.58,8.41,79.7,311.0,66.9,172.78
3226.0,109.6,11.26,43.61,1.41,70.5,313.0,35.4,21.09
2141.0,116.7,1.18,27.68,1.57,36.3,559.0,82.9,8.83
1481.0,64.3,12.83,43.24,9.58,54.1,388.0,97.7,222.38
4946.0,52.1,25.98,40.24,12.29,19.9,453.0,45.1,215.19
2543.0,72.6,19.62,35.95,7.13,52.4,309.0,81.0,150.17
3597.0,88.8,22.98,24.79,8.76,31.9,212.0,26.2,187.58
1132.0,47.3,49.05,36.67,12.2,41.4,462.0,47.6,615.65
2685.0,93.6,18.16,22.91,9.55,24.6,404.0,110.0,187.23
624.0,25.2,23.16,23.95,4.15,30.7,351.0,110.2,196.74
2775.0,24.9,7.54,36.64,9.58,16.9,412.0,73.3,128.1
4838.0,58.6,3.35,32.22,9.8,92.8,204.0,87.3,62.95
2229.0,55.3,39.0,57.02,11.28,57.7,497.0,103.9,355.42
675.0,51.6,28.96,35.03,9.69,45.7,574.0,115.4,459.72
639.0,69.1,38.27,50.31,14.57,58.2,546.0,63.9,914.76
2246.0,52.1,8.34,41.21,3.76,66.5,261.0,71.8,55.49
1220.0,39.2,29.02,48.16,14.32,93.0,303.0,55.7,554.08
605.0,50.9,13.43,30.4,8.54,26.1,504.0,17.9,300.82
3903.0,117.5,12.18,57.68,10.41,36.6,398.0,56.5,139.51
2563.0,61.1,1.56,41.2,2.39,97.8,374.0,97.0,14.39
1802.0,64.5,7.39,53.25,6.33,43.4,563.0,98.5,95.81
4550.0,77.7,16.15,34.6,11.77,12.0,368.0,108.2,167.26
1023.0,118.3,6.73,24.01,10.9,23.3,357.0,15.7,230.54
4802.0,44.2,49.31,46.95,1.56,12.4,121.0,68.0,40.88
1913.0,88.1,16.12,20.31,8.65,99.1,135.0,21.8,204.57
4498.0,91.6,7.39,39.01,2.24,35.1,104.0,32.1,23.71
3213.0,80.7,10.76,27.71,14.94,93.1,557.0,109.0,204.28
4220.0,28.9,29.8,45.1,13.56,99.6,304.0,64.6,281.08
4928.0,87.7,4.14,59.18,1.3,64.0,334.0,93.4,9.49
1798.0,26.4,43.26,38.58,13.02,13.0,523.0,17.1,497.73
4825.0,79.6,48.11,52.7,13.87,17.3,405.0,55.9,339.83
2253.0,94.0,13.09,40.31,5.95,53.3,405.0,84.2,111.63
2235.0,41.1,23.05,39.83,11.07,46.6,248.0,24.7,277.66
2032.0,104.2,2.08,57.22,7.19,64.6,517.0,45.8,56.87
2936.0,23.0,32.39,55.6,10.17,49.5,183.0,17.1,273.09
1194.0,104.4,21.28,51.43,5.76,94.1,127.0,81.6,188.98
2992.0,66.0,14.23,31.85,5.52,58.1,196.0,116.8,87.3
2938.0,41.8,11.14,41.8,6.94,72.4,234.0,101.0,103.47
3929.0,33.4,33.05,28.96,3.04,90.7,241.0,117.2,71.96
4251.0,115.3,21.39,37.76,12.64,23.2,435.0,103.0,215.62
2482.0,27.3,9.8,39.37,5.88,30.7,209.0,104.1,94.19
1860.0,39.9,34.77,53.27,6.6,19.7,438.0,73.5,209.47
1667.0,54.8,28.69,55.84,13.52,22.6,146.0,67.0,441.21
1376.0,82.0,43.07,36.58,7.95,56.1,174.0,54.7,339.95
759.0,74.5,6.76,20.71,8.62,38.9,354.0,100.0,194.77
2041.0,32.6,39.5,54.47,14.39,48.1,561.0,30.0,530.94
1716.0,49.0,34.0,26.97,13.41,98.4,530.0,16.2,463.84
4849.0,43.9,6.64,44.88,3.37,24.1,584.0,114.3,31.46
3010.0,41.4,35.05,21.0,7.63,58.7,425.0,10.4,199.12
2063.0,61.1,22.64,35.98,14.6,18.9,438.0,117.5,384.54
3112.0,90.4,47.3,59.44,6.21,38.7,413.0,90.2,202.73
1126.0,41.7,7.94,24.03,6.2,57.5,411.0,46.1,126.17
2498.0,56.7,32.5,36.95,3.73,95.2,174.0,86.8,104.75
3318.0,59.1,19.72,32.29,2.6,45.2,372.0,100.0,46.85
2700.0,117.6,47.88,56.2,11.36,15.8,293.0,37.0,381.38
2308.0,115.5,17.17,54.77,11.78,44.9,321.0,94.8,254.86
4972.0,100.0,48.15,29.51,14.57,23.1,362.0,98.5,369.52
4461.0,44.2,45.17,23.25,11.83,30.7,164.0,37.4,285.64
3305.0,26.8,14.25,45.09,4.41,65.6,280.0,14.6,73.39
3062.0,51.7,40.37,33.45,1.56,16.1,132.0,32.5,42.94
3293.0,46.7,49.78,46.88,14.8,51.8,590.0,32.1,439.31
1406.0,70.6,13.38,21.28,5.77,64.9,159.0,17.2,142.16
2278.0,97.8,22.4,25.34,5.37,48.0,229.0,89.9,132.87
678.0,105.8,26.49,47.45,13.68,11.7,546.0,51.8,674.18
2640.0,104.5,15.45,28.49,9.19,98.7,341.0,107.3,172.79
2944.0,56.0,1.75,54.3,4.01,43.0,168.0,37.7,25.56
1525.0,88.7,11.79,22.34,13.45,80.1,292.0,59.9,290.12
4838.0,51.3,14.81,28.62,14.91,39.3,158.0,80.3,198.91
4593.0,26.1,22.74,59.94,2.21,52.8,200.0,106.5,37.37
3750.0,90.2,9.38,37.32,13.07,45.0,126.0,67.7,162.44
2900.0,21.0,43.79,48.12,6.47,40.8,319.0,51.1,198.65
4415.0,60.9,35.54,27.31,8.34,12.0,503.0,105.4,185.1
1088.0,52.9,5.17,44.39,13.81,42.4,393.0,44.1,235.96
4057.0,89.3,32.85,49.04,14.63,90.1,403.0,18.7,328.05
1062.0,96.6,33.03,32.58,4.67,72.1,200.0,59.0,208.26
4074.0,50.4,47.85,53.16,3.98,23.1,272.0,96.4,107.41
1741.0,101.2,1.15,44.14,2.13,63.2,523.0,13.4,13.8
4447.0,49.4,13.15,35.56,8.87,90.3,144.0,74.4,128.34
4748.0,64.6,46.46,42.31,1.19,73.0,529.0,75.4,30.48
1170.0,92.7,46.67,43.07,6.77,23.4,342.0,112.1,333.5
2582.0,89.3,36.31,26.62,2.03,88.1,519.0,41.5,58.58
4914.0,118.7,38.52,36.11,6.67,37.1,259.0,40.7,154.83
2675.0,42.5,5.48,33.74,1.56,50.9,269.0,58.5,17.46
4386.0,86.2,26.18,36.04,12.69,57.4,476.0,49.3,244.29
3149.0,81.0,12.35,50.44,3.94,86.5,492.0,91.0,58.31
2189.0,111.5,9.88,39.3,5.6,93.8,215.0,80.6,93.14
1786.0,35.6,40.7,57.61,13.18,93.7,586.0,93.5,502.26
1415.0,95.2,7.62,31.75,11.45,10.7,142.0,100.2,204.75
3928.0,76.8,23.96,36.63,4.07,93.0,134.0,111.5,79.07
2239.0,47.5,46.99,51.48,2.01,14.9,398.0,57.4,69.07
2801.0,67.4,10.11,41.84,11.02,33.9,461.0,118.3,170.02
2715.0,53.4,48.92,41.88,6.47,56.3,580.0,33.7,219.55
3098.0,77.9,49.72,22.13,11.73,53.2,302.0,88.6,363.42
4395.0,108.9,28.23,35.94,7.23,64.4,113.0,68.7,148.61
4913.0,76.9,9.34,30.83,5.84,53.2,401.0,99.9,62.44
2334.0,83.2,16.49,59.97,7.32,94.1,245.0,62.4,163.46
4224.0,71.9,21.8,32.33,11.48,31.6,316.0,96.2,198.87
3940.0,25.1,16.16,55.38,13.63,34.7,344.0,112.3,221.97
3081.0,43.3,14.75,47.05,1.7,92.9,132.0,90.6,30.73
4802.0,69.2,48.64,33.64,8.34,16.9,343.0,95.4,212.74
1402.0,51.0,8.51,41.74,1.46,64.9,313.0,17.4,26.66
992.0,38.2,36.93,53.62,7.56,71.4,456.0,32.5,357.6
4343.0,70.4,1.02,55.33,13.39,55.5,423.0,117.2,49.05
2476.0,52.3,30.21,26.42,6.06,72.5,193.0,86.3,166.3
4311.0,45.8,45.88,33.58,14.05,25.5,203.0,71.8,339.78
4519.0,66.4,15.11,33.41,9.83,86.7,226.0,50.4,133.32
781.0,33.3,10.09,21.68,14.08,22.6,189.0,14.9,425.78
4476.0,112.8,32.93,43.93,11.6,46.1,429.0,50.6,250.5
2517.0,106.8,35.92,54.19,2.45,16.8,597.0,64.9,71.72
2797.0,90.8,34.71,35.26,4.24,59.1,426.0,33.3,117.39
3320.0,30.6,16.65,49.6,6.52,70.3,403.0,29.0,116.04
4669.0,97.6,13.36,45.11,3.38,94.7,305.0,65.9,46.55
586.0,100.8,47.84,35.03,7.93,76.5,256.0,74.4,551.76
2646.0,96.8,46.24,25.64,7.6,58.7,556.0,36.4,242.76
3595.0,31.4,23.41,48.37,14.39,93.9,585.0,74.6,283.89
3752.0,84.4,42.46,54.18,7.07,53.1,348.0,109.0,181.17
3616.0,103.4,23.16,47.43,12.0,60.5,245.0,62.0,251.46
1105.0,77.7,21.8,20.72,14.19,63.6,485.0,104.3,466.84
1847.0,84.6,8.68,28.65,13.28,46.9,166.0,112.0,231.81
2114.0,65.8,21.89,22.78,3.92,85.5,483.0,20.2,97.03
4120.0,72.9,27.33,42.82,7.94,26.7,509.0,20.5,167.22
1754.0,23.4,2.1,50.26,5.87,59.9,162.0,62.4,50.19
1448.0,83.9,22.76,24.42,6.6,75.0,588.0,74.7,189.83
4809.0,28.1,39.29,53.53,6.05,91.4,593.0,56.8,130.25
540.0,63.5,34.32,42.22,12.57,89.6,568.0,45.9,774.3
4990.0,49.3,32.12,47.6,7.33,55.8,348.0,80.5,152.94
3546.0,74.5,45.57,58.86,8.33,67.9,223.0,10.2,255.6
4228.0,33.3,1.88,23.35,14.75,45.5,391.0,116.5,69.52
1826.0,89.2,28.3,56.05,1.84,52.1,310.0,35.5,58.6
564.0,99.5,39.58,25.04,7.83,91.6,203.0,110.9,459.82
3820.0,36.3,27.53,35.72,11.84,93.8,312.0,22.0,256.88
4254.0,30.4,16.87,54.06,3.12,90.6,432.0,36.2,50.76
3832.0,34.6,7.68,56.25,9.56,22.5,135.0,35.8,110.53
1143.0,107.7,44.49,40.25,4.35,86.5,267.0,119.6,212.57
3890.0,72.8,24.07,43.76,13.14,95.4,109.0,10.5,266.84
3960.0,66.7,44.03,48.33,5.58,42.5,475.0,80.4,140.99
3463.0,30.7,29.71,53.31,5.61,56.7,420.0,105.7,129.76
3948.0,85.0,34.04,24.86,9.37,80.1,131.0,84.0,214.86
4307.0,106.8,40.41,52.4,3.57,60.6,582.0,49.9,87.14
3261.0,102.8,33.3,39.25,4.99,99.4,111.0,115.4,126.05
899.0,82.6,20.5,38.02,6.83,51.0,395.0,108.3,244.96
2694.0,27.5,26.17,36.96,5.95,74.3,488.0,57.7,136.28
849.0,31.2,40.35,40.37,8.35,81.3,494.0,73.1,418.18
2334.0,24.9,19.31,57.8,9.39,54.5,117.0,116.4,226.66
2332.0,45.7,20.02,41.93,8.93,87.1,553.0,118.1,195.85
797.0,33.6,5.69,58.13,10.16,59.2,559.0,59.5,213.78
2070.0,46.0,45.81,27.21,5.31,47.0,381.0,103.2,201.13
999.0,58.5,5.46,48.97,2.77,19.7,341.0,43.2,50.53
4137.0,114.3,32.76,52.49,11.65,45.4,122.0,50.9,261.68
4765.0,81.0,21.25,47.17,12.91,76.1,381.0,28.1,214.98
825.0,103.5,20.88,44.28,4.6,92.9,305.0,33.0,183.99
4798.0,91.0,34.3,42.59,6.7,32.7,486.0,82.3,145.84
2852.0,31.3,4.29,54.44,7.98,42.0,302.0,66.2,81.69
1848.0,93.6,30.09,52.87,8.47,23.9,442.0,35.4,274.82
846.0,47.5,38.83,24.89,10.23,72.2,151.0,54.3,570.97
2753.0,83.9,41.58,53.94,1.58,96.4,166.0,51.1,49.6
4075.0,54.1,9.36,36.56,11.1,67.7,170.0,118.6,133.41
3682.0,119.8,44.97,30.15,1.87,65.5,123.0,103.9,50.94
726.0,46.4,33.15,54.79,7.56,59.8,371.0,52.7,389.81
828.0,47.9,44.21,37.28,12.59,18.0,497.0,110.5,725.36
2313.0,113.1,24.78,52.33,7.32,75.7,405.0,47.7,192.29
1829.0,22.5,27.56,30.54,3.09,64.2,387.0,83.5,92.28
1546.0,89.7,46.03,20.16,14.79,69.5,440.0,116.3,607.11
1765.0,92.5,45.1,39.82,13.45,90.9,270.0,52.9,513.64
4116.0,103.6,22.96,24.01,11.8,80.6,281.0,84.8,209.11
4682.0,117.4,14.45,50.18,6.76,80.3,257.0,42.6,96.19
2323.0,117.6,20.27,31.04,3.57,93.4,456.0,39.3,80.15
4577.0,26.5,20.0,37.75,14.18,99.1,181.0,73.2,233.68
1947.0,102.2,15.06,23.48,8.45,62.3,107.0,117.7,183.13
2644.0,84.6,14.16,31.47,12.93,19.8,398.0,59.8,226.69
1517.0,84.7,43.19,51.26,5.79,51.3,571.0,113.1,229.39
3382.0,32.8,4.42,26.06,5.69,80.9,405.0,110.6,47.12
4905.0,85.0,34.2,45.89,14.8,12.5,491.0,37.9,303.41
3216.0,118.2,9.47,56.7,8.31,15.1,436.0,54.2,114.66
2110.0,111.2,17.88,47.19,2.97,16.0,349.0,80.8,64.57
3415.0,63.9,4.02,52.44,4.08,75.8,459.0,67.0,34.56
1053.0,24.0,14.23,24.36,7.75,55.1,512.0,20.6,219.69
4499.0,56.2,38.65,30.03,1.59,43.2,212.0,119.3,35.26
2764.0,102.6,44.37,55.78,7.48,19.5,268.0,92.8,248.83
2522.0,90.1,11.85,48.6,6.87,75.9,212.0,58.1,117.96
3136.0,65.9,23.71,45.58,11.91,38.9,326.0,78.0,256.89
3312.0,25.5,24.05,46.55,5.97,33.9,543.0,19.6,124.73
823.0,62.7,43.81,36.57,14.76,68.7,273.0,64.5,801.78
3572.0,66.9,38.38,21.78,3.53,60.3,287.0,112.4,91.39
1589.0,112.9,26.14,51.38,9.27,42.6,530.0,108.6,281.01
3713.0,84.1,33.87,47.15,2.26,67.7,358.0,47.1,53.47
4201.0,51.2,42.52,38.91,11.27,34.4,368.0,68.5,284.73
4118.0,72.5,1.47,55.99,14.93,81.5,530.0,86.7,72.18
2986.0,26.6,20.74,33.45,12.47,30.6,345.0,47.4,248.33
2841.0,117.3,45.45,31.77,8.78,24.3,441.0,17.1,269.21
1143.0,56.0,37.28,54.91,7.79,80.4,143.0,65.6,375.64
3989.0,67.8,27.6,51.88,12.69,73.7,189.0,76.2,271.83
1721.0,55.5,26.95,40.6,14.1,26.4,302.0,10.6,453.21
2735.0,88.3,18.04,25.23,14.85,20.5,347.0,20.5,287.72
1779.0,86.2,26.51,28.6,6.55,85.5,583.0,32.8,190.11
1102.0,91.5,33.11,46.25,14.87,79.9,585.0,48.3,625.13
3333.0,46.8,21.5,35.4,3.18,39.5,526.0,69.5,60.18
744.0,51.6,35.99,53.46,4.55,69.2,258.0,42.3,241.66
3869.0,32.5,43.2,58.0,2.25,21.2,582.0,40.4,57.72
1929.0,85.6,8.58,52.23,4.8,55.6,445.0,105.6,81.95
501.0,24.0,23.13,35.1,11.75,11.7,296.0,26.0,631.94
2800.0,79.8,20.99,51.55,12.94,45.2,451.0,64.5,288.93
711.0,107.0,34.69,34.06,11.9,16.7,108.0,114.8,660.37
1743.0,109.1,13.24,26.68,9.83,52.8,173.0,78.8,207.9
3681.0,64.9,32.37,21.34,8.2,48.0,515.0,88.9,189.64
782.0,65.9,44.0,35.43,10.92,50.0,423.0,57.4,638.55
4277.0,27.7,21.49,56.14,6.47,14.1,282.0,12.2,120.79
517.0,87.1,45.64,29.56,12.78,42.5,350.0,81.1,897.26
1611.0,102.1,49.67,28.26,10.48,78.1,553.0,79.5,453.12
3834.0,44.5,6.2,58.79,10.77,43.2,416.0,22.1,112.85
1923.0,62.1,12.42,21.0,8.5,74.4,299.0,60.8,168.53
959.0,103.9,47.57,51.43,13.39,43.3,160.0,110.7,736.09
2121.0,107.7,47.96,32.85,4.53,48.1,247.0,32.6,170.1
1717.0,44.3,5.79,21.5,6.34,60.8,589.0,60.7,88.87
4292.0,75.1,1.73,56.71,11.89,95.6,319.0,60.7,60.78
1910.0,39.2,8.89,25.59,7.9,19.8,336.0,99.2,133.17
4050.0,30.2,49.8,42.07,13.45,13.0,349.0,100.7,378.28
4513.0,111.1,9.82,30.96,5.85,64.7,542.0,93.5,63.93
2452.0,102.1,25.62,22.61,6.17,95.4,402.0,50.2,147.85
4595.0,96.0,42.57,22.0,13.44,99.1,447.0,17.9,314.28
2198.0,24.9,2.0,24.62,7.5,53.6,295.0,48.4,55.14
4838.0,104.4,30.62,22.85,8.23,52.1,115.0,84.8,166.41
902.0,63.8,14.57,50.42,5.66,68.0,565.0,87.3,169.29
3592.0,54.2,43.25,39.42,4.87,60.0,575.0,116.2,131.67
2722.0,74.6,14.89,33.72,10.18,67.1,575.0,59.9,188.47
2244.0,29.1,34.65,36.73,2.68,88.7,572.0,79.6,79.93
3347.0,95.7,34.04,57.16,13.31,77.2,508.0,69.3,332.4
3667.0,78.2,11.85,56.43,11.91,54.7,442.0,26.6,166.04
520.0,38.7,2.71,48.63,3.67,51.6,522.0,60.7,63.9
1251.0,38.8,21.05,55.39,10.72,67.6,400.0,69.9,342.7
3709.0,38.4,15.17,32.79,9.44,51.0,167.0,114.6,156.14
3499.0,25.7,40.64,35.24,3.58,51.2,296.0,50.3,95.79
4847.0,78.8,40.22,44.55,4.82,11.5,586.0,117.8,101.16
3925.0,104.0,23.39,44.95,6.73,25.7,276.0,69.7,131.02
4778.0,21.7,30.72,39.27,10.79,54.0,534.0,36.7,216.35
3661.0,24.9,30.61,36.03,9.94,84.0,147.0,31.1,230.35
1841.0,77.3,41.53,59.45,8.45,35.1,267.0,25.6,339.83
974.0,101.9,21.83,52.84,11.76,57.0,275.0,59.8,455.3
4018.0,52.7,14.5,37.4,11.61,41.0,126.0,12.4,172.54
3399.0,55.0,13.99,49.09,9.65,19.4,160.0,59.0,155.25
717.0,79.6,27.27,30.78,12.02,96.2,197.0,118.7,581.78
2120.0,47.4,23.01,24.01,5.68,86.9,519.0,83.7,134.02
4806.0,22.7,22.57,34.1,13.34,17.1,132.0,93.6,231.06
2752.0,93.5,5.47,36.12,9.61,74.8,249.0,23.1,101.96
2447.0,82.6,36.21,20.66,12.51,41.3,105.0,62.0,391.14
2560.0,78.1,11.47,52.59,8.65,99.5,448.0,41.5,148.2
1440.0,94.2,10.65,34.37,4.06,37.2,410.0,108.4,85.88
2159.0,87.5,21.23,43.22,8.59,31.5,422.0,29.9,207.21
2164.0,40.6,12.16,22.96,6.2,61.1,287.0,60.5,114.51
736.0,55.2,29.61,27.0,10.76,85.2,204.0,74.7,526.68
3954.0,32.6,19.2,55.59,7.66,27.3,460.0,66.5,128.43
2374.0,33.0,23.0,44.35,12.71,73.8,506.0,101.3,300.27
4200.0,87.6,27.32,58.01,10.49,15.5,169.0,35.5,223.05
4327.0,105.9,10.97,59.95,10.58,92.7,343.0,51.5,135.11
1454.0,116.3,8.63,34.87,4.04,17.3,224.0,97.1,80.52
3458.0,82.8,44.14,31.95,14.78,92.3,184.0,68.1,426.57
2625.0,38.4,22.25,54.33,12.78,54.2,467.0,54.2,298.14
4461.0,30.6,21.19,59.94,12.05,50.3,369.0,13.2,201.12
1471.0,101.3,2.74,45.19,5.62,97.6,208.0,92.9,60.45
3550.0,77.9,25.4,51.81,8.5,99.1,255.0,116.9,174.05
3235.0,81.8,28.15,51.27,2.92,68.5,583.0,78.2,65.92
1829.0,98.1,28.38,34.21,8.54,21.4,524.0,104.2,249.58
1115.0,90.3,35.64,42.97,3.04,55.6,540.0,66.9,130.8
3432.0,103.4,9.7,53.32,8.74,57.6,330.0,35.5,121.2
3824.0,25.6,13.36,47.52,10.08,56.3,412.0,11.6,151.4
1920.0,94.8,40.73,20.85,6.46,61.3,288.0,81.9,236.26
3402.0,105.1,47.41,33.47,7.98,11.7,139.0,64.2,225.51
2278.0,48.6,7.66,25.78,13.26,74.0,301.0,96.0,187.79
3709.0,84.0,25.38,29.32,2.52,74.1,397.0,86.4,52.05
1396.0,51.4,11.49,56.22,12.08,20.4,244.0,118.7,288.03
4506.0,115.8,3.94,21.48,3.39,61.3,524.0,66.1,22.82
1793.0,23.3,16.95,28.79,1.51,61.2,176.0,57.0,36.37
2155.0,78.0,8.04,32.38,3.6,71.4,284.0,41.5,56.34
761.0,36.7,35.79,44.68,11.71,17.7,162.0,62.5,640.29
1002.0,91.2,27.15,41.36,6.67,66.4,302.0,106.0,263.84
2821.0,37.6,8.05,28.73,13.22,35.3,120.0,14.7,170.5
1704.0,43.5,1.45,26.57,8.35,55.6,236.0,117.6,57.9
4260.0,69.4,40.6,29.47,1.31,79.6,300.0,119.3,29.6
566.0,111.5,9.63,40.1,11.03,73.5,339.0,75.8,356.53
2206.0,41.2,30.7,30.85,2.54,20.7,372.0,46.5,75.72
2018.0,34.4,17.51,57.9,12.05,63.2,237.0,34.5,276.9
587.0,95.9,29.69,38.55,3.35,97.2,362.0,40.4,188.6
1060.0,70.1,16.47,22.35,5.84,24.1,355.0,15.5,183.32
2361.0,111.2,5.26,49.17,11.66,86.8,258.0,62.3,138.78
2718.0,34.7,11.92,33.15,14.36,73.2,515.0,16.3,220.99
2319.0,84.6,10.21,46.14,6.2,79.7,373.0,89.0,102.86
2889.0,43.3,21.97,31.18,12.61,35.4,266.0,50.9,272.65
3178.0,35.7,33.26,42.83,3.67,35.9,574.0,31.9,91.23
545.0,88.3,13.93,50.89,12.3,91.5,523.0,69.9,474.6
2588.0,79.4,1.59,57.12,10.2,42.4,591.0,117.1,61.51
4836.0,95.5,26.43,30.45,3.7,15.7,446.0,86.5,67.08
2836.0,50.9,30.68,33.39,5.24,64.1,289.0,64.1,144.48
3549.0,64.8,48.18,38.57,2.84,21.2,240.0,95.5,82.63
1903.0,60.5,29.88,57.09,6.36,81.7,432.0,91.1,206.69
3983.0,118.4,24.09,56.06,3.85,67.8,590.0,108.1,73.47
3978.0,49.2,29.1,23.6,10.02,88.7,413.0,32.5,208.09
2846.0,49.5,46.47,25.28,14.92,80.6,541.0,104.5,454.14
4892.0,55.5,41.59,39.82,1.17,20.1,265.0,43.1,26.03
1065.0,76.5,16.83,24.26,8.57,44.3,303.0,113.5,263.69
576.0,45.2,12.63,33.82,9.03,79.7,553.0,40.9,304.23
3966.0,111.5,13.87,25.94,13.8,47.6,478.0,112.0,189.56
4132.0,46.6,25.72,45.44,8.08,97.5,591.0,116.0,153.47
1041.0,109.6,37.46,57.98,8.61,76.2,487.0,26.0,423.43
1695.0,30.3,25.66,59.87,7.6,11.4,324.0,117.2,244.05
579.0,85.7,4.32,35.01,4.76,89.2,366.0,19.4,101.49
1820.0,110.7,36.46,43.96,1.78,19.1,550.0,34.0,62.13
3979.0,36.9,40.49,54.25,6.72,22.6,376.0,58.9,174.9
2831.0,116.8,15.19,24.7,1.74,76.1,228.0,119.3,29.82
2066.0,65.3,33.54,47.58,8.71,87.8,318.0,63.7,280.95
2173.0,114.6,21.9,36.35,5.3,58.3,358.0,70.5,127.78
506.0,87.7,44.57,28.25,8.47,36.0,148.0,86.4,622.18
1849.0,50.2,42.42,36.11,2.88,41.6,472.0,116.5,103.58
3409.0,38.8,26.75,23.04,14.06,40.9,155.0,96.2,311.41
4884.0,50.4,34.88,47.82,13.52,39.4,302.0,34.7,293.02
4312.0,29.3,44.28,30.11,3.66,31.9,502.0,43.3,92.3
606.0,34.4,25.29,32.46,5.81,64.8,334.0,20.7,297.81
4544.0,30.5,16.35,24.84,9.59,91.0,521.0,80.9,138.02
4024.0,62.3,37.93,54.59,2.34,37.6,271.0,29.9,61.12
4012.0,99.6,11.78,39.74,5.96,26.8,579.0,38.3,74.92
2561.0,34.1,20.04,42.89,4.52,85.5,205.0,107.7,104.84
2291.0,33.0,43.42,42.78,13.82,76.8,119.0,45.9,481.21
1863.0,84.3,36.5,36.42,12.94,93.8,536.0,72.3,444.63
796.0,39.7,20.79,27.7,9.12,24.9,476.0,53.7,353.06
1527.0,29.8,11.52,49.81,8.28,23.0,216.0,18.1,180.23
1610.0,36.7,18.44,25.08,14.03,58.7,592.0,49.9,363.42
2678.0,112.4,14.92,24.15,14.05,65.3,351.0,54.9,264.21
3863.0,102.1,9.63,48.41,14.57,53.2,576.0,108.5,178.03
2632.0,55.4,37.42,28.35,2.76,63.9,353.0,45.7,79.4
760.0,85.6,13.35,32.27,3.25,26.2,336.0,51.7,117.69
4810.0,73.7,23.25,39.01,10.47,53.2,325.0,96.1,185.85
4742.0,87.7,19.91,37.97,8.58,69.2,267.0,93.5,141.56
4033.0,88.3,49.12,48.34,1.26,48.9,367.0,97.8,33.99
4961.0,82.9,20.16,44.94,1.87,71.2,326.0,114.9,28.82
2950.0,46.6,4.92,45.78,13.43,50.6,118.0,97.5,137.75
4832.0,23.9,5.4,48.56,13.16,40.0,230.0,54.8,115.07
840.0,65.6,29.95,31.7,6.0,37.3,207.0,100.4,272.02
2146.0,109.1,30.37,32.89,13.47,47.0,534.0,66.0,374.02
1514.0,76.9,21.52,37.52,9.31,12.1,399.0,40.5,278.52
1381.0,103.2,22.16,32.3,12.28,70.2,482.0,43.3,382.31
1134.0,119.2,3.64,59.4,6.98,86.1,578.0,34.6,95.8
3301.0,36.4,26.31,52.56,2.59,41.9,422.0,25.9,56.01
4016.0,89.2,25.73,26.59,7.07,14.1,591.0,30.3,141.68
3102.0,87.4,8.33,20.22,7.4,98.8,256.0,16.9,96.0
1161.0,118.0,6.09,21.71,8.71,33.7,193.0,107.7,148.24
4150.0,118.6,7.06,29.76,2.48,21.4,302.0,112.4,23.95
3362.0,88.7,5.95,24.57,14.88,43.3,335.0,74.5,150.92
2247.0,44.4,30.88,41.33,4.42,76.5,548.0,102.5,127.42
3534.0,99.9,10.63,54.32,3.78,36.5,380.0,30.2,53.16
1670.0,30.7,13.32,49.47,8.38,61.7,246.0,109.2,193.51
2053.0,98.1,9.51,28.62,8.52,47.4,471.0,65.7,133.83
4629.0,111.0,47.93,35.97,7.16,20.6,353.0,17.4,182.55
1807.0,58.3,42.88,40.32,11.81,39.7,181.0,25.5,481.74
2615.0,83.1,12.29,52.41,8.23,75.2,388.0,44.0,147.11
4506.0,63.0,17.05,53.56,9.54,65.1,556.0,14.8,147.03
3685.0,63.8,11.28,56.39,11.13,20.8,521.0,44.0,163.55
780.0,51.0,25.1,40.37,1.35,24.7,393.0,16.6,61.42
1163.0,96.2,1.96,47.77,8.99,67.7,289.0,36.0,96.12
535.0,113.6,33.9,24.47,13.38,83.2,143.0,39.2,844.26
3339.0,114.1,26.63,42.61,1.24,41.5,335.0,119.4,26.65
2515.0,37.5,45.03,29.95,6.67,63.6,476.0,35.9,211.62
1104.0,107.5,9.06,37.27,13.97,25.4,280.0,36.3,318.14
4811.0,93.7,40.4,45.36,5.94,38.0,218.0,85.5,135.96
2883.0,45.3,39.81,30.28,7.42,11.8,566.0,104.5,196.22
1589.0,26.7,7.23,22.09,14.74,79.1,511.0,52.6,231.16
2753.0,46.8,20.53,20.41,3.79,46.1,419.0,106.3,77.48
3558.0,111.2,9.34,20.89,1.91,83.5,168.0,47.4,24.89
843.0,83.3,13.48,20.33,13.03,73.8,172.0,31.7,410.25
1736.0,92.1,13.9,24.41,13.16,84.6,152.0,46.3,293.53
4131.0,45.7,28.26,29.58,7.61,35.7,408.0,77.0,148.34
2568.0,91.9,21.16,28.85,8.2,26.7,158.0,50.4,186.59
2960.0,22.8,47.44,59.47,12.7,97.5,521.0,84.0,412.25
2448.0,57.5,7.19,32.24,11.34,74.6,596.0,36.1,148.71
698.0,82.7,48.71,25.1,4.71,85.1,283.0,87.1,290.75
1246.0,34.6,12.3,41.82,1.24,11.2,327.0,48.2,29.5
2505.0,102.3,38.87,54.32,7.72,41.9,456.0,60.1,242.96
1441.0,43.5,17.61,47.12,13.02,76.9,569.0,71.4,347.71
725.0,85.2,8.01,31.84,13.54,17.0,547.0,85.5,340.09
4296.0,60.5,43.04,42.46,14.39,61.1,129.0,36.3,360.95
4915.0,79.6,16.13,48.59,13.31,48.6,185.0,102.0,195.1
4069.0,30.7,33.28,49.12,9.12,11.6,477.0,89.4,200.33
4342.0,21.7,28.76,46.66,7.22,31.2,444.0,35.8,145.09
1589.0,111.0,24.12,54.83,11.85,35.6,167.0,117.2,360.05
4823.0,47.0,25.3,54.8,11.36,20.1,351.0,83.1,211.37
1386.0,102.0,36.88,43.16,8.53,66.8,490.0,59.8,338.62
4781.0,119.9,5.3,37.19,2.22,31.8,209.0,27.3,19.02
4977.0,41.1,33.74,45.66,13.97,35.0,536.0,68.7,270.33
3703.0,46.5,44.89,52.73,7.38,90.8,126.0,28.1,220.84
4915.0,86.3,3.83,20.23,6.09,52.0,491.0,57.2,42.28
3063.0,116.5,7.89,59.68,9.81,45.3,408.0,55.0,117.97
1668.0,111.6,36.11,27.32,10.43,75.1,258.0,89.2,368.05
2466.0,70.3,22.43,38.81,3.95,91.9,460.0,31.2,94.02
3171.0,99.5,20.77,54.88,12.72,12.3,491.0,100.4,242.66
829.0,33.6,7.71,29.0,5.06,50.3,567.0,45.9,116.8
3301.0,117.7,25.83,39.07,3.61,65.0,284.0,58.8,80.73
4915.0,116.4,7.2,25.3,6.69,38.7,443.0,95.0,61.14
1355.0,36.4,24.35,35.8,11.23,79.5,401.0,78.8,373.89
4067.0,49.9,38.42,27.09,14.52,97.4,363.0,43.9,338.77
4586.0,30.0,13.65,34.55,12.33,94.9,545.0,52.5,151.75
4747.0,47.2,24.56,34.94,14.16,33.9,102.0,43.6,266.26
4821.0,101.6,49.61,59.73,2.97,30.4,241.0,75.4,78.9
2847.0,57.8,34.65,59.79,2.0,96.2,369.0,46.6,59.84
4898.0,28.8,42.23,24.59,8.81,51.3,189.0,89.8,188.4
3908.0,54.2,21.33,49.04,5.06,28.7,554.0,73.8,93.29
1228.0,118.1,38.63,22.07,12.59,73.6,424.0,26.0,511.51
2646.0,83.0,2.98,21.21,10.41,35.6,339.0,44.1,89.93
3732.0,61.6,7.02,24.21,14.59,34.1,507.0,34.4,154.95
1613.0,36.7,10.95,58.62,4.57,89.1,325.0,52.9,92.57
3383.0,118.6,20.7,57.63,7.8,24.6,379.0,66.8,156.64
3500.0,102.1,42.44,27.76,8.02,15.8,101.0,65.7,217.89
1232.0,48.1,17.97,26.47,4.35,34.2,283.0,93.0,129.59
3043.0,27.0,33.08,29.62,9.26,64.6,169.0,30.8,244.3
3972.0,25.7,35.76,40.62,7.21,21.1,445.0,114.1,174.57
2745.0,32.0,29.72,42.79,7.25,52.4,340.0,47.7,198.47
554.0,78.1,18.5,28.86,6.08,66.5,251.0,43.0,271.05
541.0,112.9,29.28,50.26,1.24,86.4,334.0,85.4,74.04
2107.0,69.7,17.77,32.38,8.31,30.7,205.0,98.6,191.07
4668.0,104.3,5.11,56.89,5.69,83.6,563.0,51.6,44.49
1529.0,64.6,49.65,46.27,1.02,31.1,127.0,92.2,45.54
3355.0,90.9,7.23,37.45,5.31,70.9,533.0,107.2,63.33
1499.0,93.2,4.55,51.6,4.9,48.8,356.0,94.3,67.8
1948.0,37.4,44.05,52.72,6.51,20.3,409.0,13.8,253.73
4316.0,56.1,15.79,31.62,2.85,74.3,251.0,101.0,42.11
3780.0,83.7,32.86,33.59,8.11,29.6,583.0,95.2,177.31
929.0,27.1,17.12,57.44,10.69,25.9,241.0,83.6,368.37
2429.0,56.2,20.18,26.59,9.82,42.2,394.0,93.6,214.69
631.0,73.5,13.84,21.69,12.25,68.8,597.0,117.7,405.85
2664.0,119.6,17.81,38.16,7.33,31.1,541.0,57.4,140.94
3481.0,67.5,21.12,52.05,8.27,26.5,368.0,17.4,166.01
1033.0,101.6,36.3,50.87,12.35,10.9,595.0,60.7,557.92
1800.0,63.2,26.07,56.78,6.99,52.4,451.0,15.1,211.64
2290.0,99.6,47.23,41.33,10.82,48.6,204.0,42.4,395.68
4638.0,79.5,3.05,24.0,7.08,31.0,303.0,74.6,44.84
4970.0,108.7,25.65,43.55,6.85,14.8,267.0,44.1,128.05
702.0,61.1,29.63,51.14,11.64,48.6,272.0,85.4,580.87
3925.0,80.4,46.09,23.73,3.45,80.9,480.0,100.4,90.64
2173.0,83.0,3.41,26.91,5.74,74.4,392.0,56.2,56.68
2266.0,61.7,29.1,20.49,4.14,87.5,119.0,109.0,119.03
3894.0,34.4,42.83,43.75,6.03,10.9,539.0,18.8,148.85
4633.0,29.4,12.85,55.47,4.23,97.0,248.0,102.4,56.49
4779.0,21.7,43.94,46.83,9.11,40.7,599.0,101.1,221.16
3097.0,107.4,1.93,59.28,12.17,99.1,577.0,45.4,74.94
2107.0,43.6,36.89,22.52,12.01,32.7,570.0,42.9,385.17
4044.0,41.2,46.72,56.12,6.1,52.4,506.0,43.6,166.75
1630.0,93.6,33.2,52.56,14.84,41.9,210.0,99.3,518.27
3038.0,52.0,22.51,32.57,9.31,42.0,366.0,101.5,205.92
2114.0,70.6,3.2,58.94,6.59,85.8,212.0,46.3,66.81
3455.0,36.3,46.09,31.52,12.7,77.2,230.0,75.2,369.48
1582.0,116.0,24.04,55.57,11.22,99.3,405.0,25.3,330.98
1362.0,105.2,2.42,55.23,11.49,65.2,120.0,61.6,127.64
4632.0,106.4,34.8,50.31,3.75,51.7,585.0,119.9,79.42
958.0,60.7,24.61,42.54,7.56,18.1,559.0,27.5,310.69
2777.0,96.2,7.09,24.8,13.07,99.7,290.0,114.2,158.9
1494.0,34.4,11.5,41.28,8.06,59.6,358.0,100.7,168.57
675.0,20.9,4.16,34.27,10.57,73.0,333.0,116.9,198.19
662.0,22.0,29.14,51.69,9.23,46.6,541.0,29.8,471.35
1288.0,78.7,31.48,50.33,12.79,59.3,444.0,33.5,481.49
4400.0,65.5,25.78,56.42,4.98,94.8,239.0,11.9,101.9
1771.0,71.8,41.04,20.59,9.06,25.0,323.0,89.7,347.36
4777.0,20.7,43.19,52.36,2.73,36.3,314.0,80.9,64.55
3117.0,62.3,31.17,57.54,10.66,23.7,580.0,29.6,260.76
2465.0,91.8,1.63,51.57,11.25,81.3,188.0,97.0,69.05
3110.0,64.3,35.07,25.21,1.6,15.6,145.0,42.9,43.42
2825.0,93.2,21.48,23.25,10.46,17.3,540.0,24.8,230.48
3914.0,43.3,28.71,20.83,6.81,36.9,548.0,56.5,136.26
1771.0,101.3,32.8,45.15,2.74,56.3,536.0,20.0,91.41
2089.0,78.8,18.16,45.19,6.88,46.6,355.0,39.0,162.43
4523.0,41.1,45.94,59.48,3.72,14.0,430.0,50.8,98.86
4759.0,43.7,7.56,35.92,6.82,96.2,382.0,103.7,66.65
4517.0,82.8,33.9,33.28,6.38,95.8,135.0,97.2,138.92
2388.0,103.0,1.21,44.98,11.34,35.1,398.0,58.7,63.68
4012.0,61.6,46.31,53.02,11.84,75.8,107.0,89.7,311.37
2644.0,45.8,6.51,57.47,9.5,62.1,262.0,72.6,114.37
2739.0,106.7,5.65,52.12,1.32,31.4,566.0,47.5,14.34
1421.0,86.9,17.32,37.07,14.03,33.6,252.0,89.8,396.01
3160.0,64.8,19.3,45.4,10.61,54.2,570.0,85.2,198.62
1338.0,68.8,11.5,54.25,1.48,47.7,225.0,78.1,34.21
1992.0,40.4,29.67,39.62,12.46,36.2,257.0,78.0,372.79
4348.0,82.7,22.7,28.67,3.8,82.7,414.0,85.1,66.28
1432.0,55.9,2.67,26.79,9.11,53.3,481.0,52.3,100.0
820.0,119.6,16.66,20.01,7.53,68.9,351.0,105.6,257.23
811.0,68.0,40.71,48.73,6.88,27.0,541.0,27.9,371.05
4734.0,68.6,34.8,24.44,13.46,58.0,120.0,107.2,285.8
2781.0,76.6,36.52,29.75,7.12,38.6,561.0,47.7,206.67
2342.0,111.7,35.21,31.92,2.05,57.4,198.0,23.8,62.44
4149.0,100.1,16.24,42.42,14.25,80.3,542.0,76.0,208.58
4261.0,65.1,5.88,35.92,13.89,79.2,300.0,51.4,126.33
1995.0,91.9,14.35,46.99,10.58,41.9,516.0,99.7,218.95
3621.0,78.6,41.76,22.23,7.55,72.5,436.0,57.4,199.84
3970.0,69.2,49.04,24.96,2.3,94.7,188.0,83.5,65.09
3446.0,39.2,25.2,39.97,12.07,66.3,559.0,43.9,243.13
1182.0,66.4,1.48,33.48,2.06,23.4,223.0,33.0,17.71
4441.0,44.6,7.86,31.83,1.96,71.2,222.0,52.7,20.38
2926.0,111.5,16.78,22.68,8.52,19.4,507.0,76.7,157.3
1771.0,53.5,29.35,55.83,3.24,88.5,153.0,82.3,102.63
2414.0,115.2,4.68,47.67,1.11,56.5,211.0,73.6,12.1
669.0,73.3,47.22,24.86,6.92,44.7,352.0,118.7,435.63
1075.0,83.2,18.89,22.6,2.92,15.1,515.0,86.0,94.77
3945.0,74.3,45.72,58.99,3.25,44.3,174.0,112.5,90.27
500.0,32.9,39.25,47.25,2.08,91.3,374.0,23.0,149.88
2375.0,57.6,38.02,36.7,3.87,11.9,456.0,16.8,125.59
2851.0,29.9,30.73,48.07,11.02,52.7,530.0,44.2,278.55
746.0,82.3,31.71,50.25,12.32,93.8,568.0,25.0,603.75
4879.0,64.7,32.26,51.2,7.34,45.5,492.0,67.8,141.71
1518.0,97.8,31.81,39.12,8.09,48.5,426.0,67.1,271.42
1869.0,42.0,28.13,37.2,1.46,62.1,317.0,73.3,43.6
1868.0,36.5,49.33,20.44,1.97,51.7,156.0,92.0,78.01
1537.0,60.6,36.88,57.06,4.61,25.2,455.0,116.8,179.72
507.0,112.7,39.07,44.13,8.61,11.7,596.0,106.6,574.2
3782.0,91.0,43.75,28.13,11.35,64.9,468.0,23.0,293.35
4851.0,61.9,11.57,56.78,9.47,92.9,108.0,47.2,119.28
1509.0,71.7,5.11,56.6,6.49,19.6,348.0,38.1,92.5
3484.0,28.4,24.66,59.57,2.66,29.0,407.0,29.4,58.18
3839.0,118.5,26.19,54.96,11.93,43.3,445.0,69.9,238.95
4318.0,86.6,41.63,59.91,6.09,82.8,460.0,70.9,143.9
2402.0,48.5,22.75,29.79,11.3,34.2,379.0,35.0,277.14
1863.0,78.6,28.97,53.69,8.18,89.4,212.0,88.3,262.77
1964.0,30.9,26.83,52.92,11.34,14.9,571.0,90.6,305.99
3707.0,116.6,2.87,29.24,13.7,94.7,448.0,12.3,95.89
4176.0,37.5,31.15,23.94,13.89,60.5,218.0,53.5,290.57
1317.0,84.8,41.57,59.18,8.49,69.3,261.0,107.9,376.13
2169.0,44.5,8.72,31.84,8.16,43.1,561.0,67.2,124.87
4559.0,91.8,30.12,54.84,4.72,80.4,544.0,48.2,96.36
4130.0,97.7,30.09,20.17,14.1,25.0,303.0,37.9,299.29
4932.0,87.3,9.05,20.84,7.41,14.4,119.0,36.8,79.32
3894.0,81.4,7.05,38.63,2.79,45.6,124.0,21.0,29.89
2269.0,109.2,49.02,29.55,7.06,86.8,242.0,99.9,258.36
3158.0,27.9,20.29,47.59,2.78,77.9,415.0,19.5,55.49
3475.0,53.1,12.14,42.62,8.04,56.5,392.0,42.2,124.31
853.0,44.8,9.39,23.1,8.86,61.5,417.0,15.0,231.13
2950.0,118.8,33.71,26.51,5.73,21.7,459.0,96.0,142.86
3692.0,58.9,30.86,35.52,2.0,85.7,110.0,14.3,46.09
1253.0,93.3,32.53,27.42,14.21,80.8,153.0,43.9,574.8
4013.0,88.5,5.31,51.69,11.83,69.1,280.0,73.1,112.54
3127.0,41.2,44.78,36.64,12.74,52.0,177.0,55.1,400.15
4785.0,43.9,20.07,23.74,6.14,96.8,138.0,41.0,98.3
691.0,48.1,16.36,39.37,11.65,89.1,420.0,40.3,430.09
1694.0,61.1,23.66,23.63,7.8,68.0,508.0,97.8,212.18
3207.0,43.4,20.11,25.16,3.82,43.5,476.0,117.1,72.48
1835.0,22.0,43.32,29.58,2.74,65.6,509.0,48.3,108.93
3715.0,107.9,46.53,54.38,5.83,61.8,433.0,14.3,166.73
3916.0,116.6,15.87,56.98,2.93,45.5,468.0,14.0,44.54
961.0,54.2,43.33,53.05,14.98,37.6,236.0,93.5,784.19
2812.0,53.9,39.29,33.36,1.69,46.6,597.0,70.8,46.87
2790.0,20.7,46.61,30.9,7.18,61.7,192.0,96.2,224.19
2162.0,88.0,13.04,41.97,7.33,48.5,207.0,86.7,140.99
4698.0,102.5,29.27,48.87,5.21,33.7,244.0,109.8,103.95
4224.0,34.7,14.45,59.73,9.0,78.5,588.0,107.4,130.89
3637.0,36.0,41.38,25.26,3.1,57.8,594.0,96.7,80.62
3714.0,99.0,1.26,21.97,11.97,16.1,497.0,62.3,53.69
2578.0,81.6,28.68,47.77,5.65,43.1,415.0,43.9,139.67
4644.0,24.5,17.62,53.29,9.28,89.6,360.0,65.8,138.56
3626.0,82.3,16.81,53.85,11.02,78.0,585.0,65.2,182.66
3780.0,50.9,32.6,47.14,13.45,39.1,448.0,77.1,308.56
4378.0,56.9,42.72,58.16,12.7,94.4,572.0,30.5,318.94
1733.0,97.0,30.85,40.44,9.52,16.9,258.0,82.1,316.69
4132.0,101.1,42.81,56.55,6.44,96.5,267.0,60.2,166.62
1379.0,60.0,13.97,58.71,8.04,32.1,527.0,78.2,201.08
2054.0,114.7,26.46,53.89,11.76,10.8,175.0,36.4,340.37
2010.0,60.6,23.08,32.39,13.29,49.0,573.0,57.8,342.98
4903.0,97.2,1.57,27.85,2.45,42.3,354.0,33.1,11.17
4354.0,68.4,28.28,41.92,6.39,58.5,563.0,106.3,123.39
3655.0,109.8,33.41,38.12,11.87,81.7,268.0,63.7,282.53
3772.0,110.8,30.0,55.11,7.04,85.8,458.0,34.7,156.8
3029.0,28.7,37.08,24.0,5.65,46.1,341.0,14.5,160.12
4762.0,113.6,29.0,30.31,6.76,48.7,413.0,84.3,123.68
2733.0,102.6,4.27,50.07,9.44,23.3,352.0,33.6,98.85
2212.0,99.1,6.71,23.8,15.0,14.3,584.0,118.9,187.13
1234.0,40.1,30.23,32.83,7.9,67.7,446.0,68.7,294.84
4038.0,100.5,14.47,35.49,3.92,15.8,226.0,41.8,60.18
3805.0,105.0,4.9,44.9,3.28,76.0,555.0,82.3,29.42
2230.0,48.9,22.05,26.33,1.59,58.5,247.0,40.3,37.66
613.0,115.2,28.16,54.42,8.82,27.9,286.0,100.2,458.6
4275.0,25.0,17.11,37.9,8.62,58.6,151.0,43.9,139.32
551.0,35.0,36.3,56.68,3.87,26.5,550.0,118.7,258.88
3667.0,73.8,32.54,38.71,10.73,49.5,243.0,76.6,261.65
4866.0,77.6,17.31,31.0,11.38,82.0,229.0,102.9,166.01
2469.0,84.5,37.99,25.67,4.63,51.6,560.0,18.0,128.35
1557.0,21.7,32.79,20.15,5.82,23.4,503.0,48.3,202.86
3672.0,116.0,32.23,41.29,14.87,75.1,171.0,91.1,353.62
4177.0,24.5,28.12,24.29,6.24,26.8,485.0,82.1,121.18
2959.0,34.3,1.56,35.67,11.65,76.5,557.0,31.4,63.28
4852.0,21.4,35.13,43.57,7.34,53.1,139.0,49.2,159.79
733.0,76.7,19.43,31.03,12.11,50.8,513.0,39.0,464.66
2772.0,113.2,47.19,27.01,11.77,86.6,374.0,77.5,394.32
3733.0,86.6,41.08,50.99,10.35,73.8,435.0,47.9,282.4
4382.0,102.3,29.8,57.87,12.97,13.0,346.0,44.0,275.84
1307.0,21.3,13.36,24.02,14.15,36.7,449.0,32.8,348.32
4100.0,74.2,10.98,26.22,9.12,88.4,117.0,55.0,116.0
2987.0,66.0,17.68,58.4,4.32,11.6,481.0,31.5,83.19
2284.0,69.9,24.35,21.51,6.58,59.1,117.0,115.9,175.7
1093.0,27.2,15.51,59.11,11.62,75.5,328.0,27.0,361.6
4394.0,88.4,26.23,20.19,10.11,66.0,175.0,110.5,192.55
1208.0,70.3,9.1,54.95,3.49,78.4,512.0,57.1,76.97
1894.0,96.5,48.91,32.29,1.72,75.3,257.0,51.6,69.78
1805.0,68.5,6.29,57.54,10.56,72.3,327.0,35.4,160.13
4421.0,34.9,46.67,32.68,4.52,83.9,314.0,79.9,117.43
