Spin_Speed_rpm,Spin_Time_s,Viscosity_cP,Surface_Tension_mN_m,Concentration_wt_pct,Volume_Deposited_uL,Annealing_Temp_C,Annealing_Time_min,Film_Thickness_nm
3982.8,102.9,12.98,33.9,7.38,22.3,543.1,67.0,12.33
2475.0,79.4,13.12,24.11,2.66,81.9,260.7,48.9,15.14
4363.7,44.5,21.52,32.08,8.97,98.9,370.0,18.3,32.67
3638.2,94.6,7.48,52.27,3.19,42.4,163.4,119.0,15.62
923.8,28.4,10.34,39.74,1.85,87.9,154.0,29.2,18.19
4890.3,97.4,23.29,26.86,7.98,78.6,467.5,38.1,20.22
3925.1,79.0,26.22,32.51,10.18,92.0,203.2,36.0,76.02
4037.3,31.1,34.11,58.14,12.96,48.2,396.5,109.9,57.33
1076.5,28.0,26.04,37.28,11.96,19.1,463.2,94.0,69.07
2526.7,95.1,31.66,37.66,13.0,20.7,164.5,60.3,162.46
2168.6,49.3,32.66,26.12,11.64,78.7,351.9,115.1,85.45
4670.4,108.9,24.91,32.18,10.85,87.7,457.9,15.8,34.65
3397.4,96.2,1.63,52.59,1.14,51.1,550.4,108.3,3.0
4202.4,89.8,24.7,51.45,9.77,15.4,284.7,16.6,48.45
2495.4,47.9,8.49,37.42,2.69,16.0,588.4,53.0,3.98
1522.6,90.9,8.13,55.75,1.82,63.9,530.0,15.9,4.93
2995.6,114.8,5.2,35.21,3.19,92.7,442.8,119.9,5.05
787.2,29.2,23.16,54.57,12.53,46.0,326.4,110.6,120.57
4224.3,52.6,31.02,21.26,11.41,68.6,470.0,74.3,32.03
3342.5,43.5,31.6,33.89,14.28,58.8,517.3,34.0,48.39
3911.4,59.3,33.99,54.2,14.71,90.1,286.5,40.4,81.19
2095.4,94.2,26.51,56.05,13.51,84.9,596.8,59.4,37.94
4868.1,67.4,11.65,50.26,2.86,27.9,558.9,45.5,4.29
4519.0,77.1,33.63,46.79,13.3,71.0,368.5,12.3,58.27
4002.7,51.4,32.23,52.62,12.74,86.3,475.3,82.2,39.04
1375.9,34.1,33.26,48.3,13.2,93.7,385.8,77.5,99.71
2600.2,46.7,3.0,30.17,3.12,63.1,492.4,109.5,3.43
697.1,106.0,5.11,38.65,2.64,25.8,522.1,62.5,7.21
1194.3,80.2,32.69,46.43,13.93,60.2,160.5,47.9,221.98
3573.7,57.8,7.65,43.51,3.43,69.9,185.6,66.3,15.08
3851.4,99.0,15.36,55.4,6.16,34.5,301.4,31.4,24.24
4853.8,26.4,19.72,38.95,7.38,97.6,562.9,78.8,12.77
1966.2,45.4,11.33,27.12,2.74,30.6,329.2,94.7,13.3
2167.1,43.0,1.0,28.58,1.29,92.0,549.4,26.9,3.0
2613.0,118.5,36.28,53.84,14.92,48.3,358.1,45.0,96.66
1352.6,90.6,34.66,20.35,13.27,10.0,280.0,105.5,144.19
1084.6,81.8,30.91,54.77,13.77,58.9,555.3,65.6,66.75
2640.7,20.5,12.88,22.22,4.98,66.5,402.3,68.5,15.89
1521.1,38.4,12.79,35.67,4.08,88.2,312.2,89.5,23.45
3514.2,83.6,18.05,52.01,6.96,58.7,170.0,73.6,52.13
2467.2,58.0,20.92,36.3,7.35,18.5,199.9,17.7,54.38
4247.1,112.4,4.76,52.89,1.08,93.4,212.7,98.4,3.13
3651.2,96.5,28.46,24.01,11.91,60.9,314.2,111.5,63.87
1905.6,64.7,32.87,40.46,14.95,34.4,423.3,15.9,88.49
4245.2,95.0,22.07,43.3,8.4,90.9,288.4,23.3,39.83
4121.4,117.5,17.1,55.63,6.44,20.9,179.5,87.2,40.16
2243.7,66.1,13.97,23.74,6.5,18.8,269.2,76.5,39.84
1797.5,84.3,9.14,33.54,2.35,58.2,333.9,52.1,10.98
3571.2,111.9,16.67,46.37,4.73,66.2,596.5,69.3,7.78
1128.9,44.9,18.49,59.2,8.03,56.0,326.8,87.4,62.06
1399.6,108.7,16.02,53.93,7.05,93.6,190.1,65.5,74.48
533.1,29.8,19.56,53.86,8.63,33.7,411.5,25.4,76.06
4041.2,84.8,26.6,40.69,12.89,99.1,563.8,19.8,33.29
3491.8,98.3,17.57,42.57,4.15,11.7,504.0,58.3,10.8
3673.2,81.5,3.84,54.34,1.39,20.7,526.3,111.5,3.0
4013.3,69.6,2.96,54.79,1.54,26.7,567.7,71.4,3.0
2565.1,81.7,5.24,52.09,2.88,17.2,436.4,49.4,5.86
3059.3,35.2,21.51,52.74,8.99,49.4,597.7,110.0,18.4
1129.1,41.6,28.24,55.19,12.31,87.9,165.0,52.7,195.8
1015.4,47.0,37.17,24.55,13.42,83.9,525.7,66.0,76.02
3507.8,79.8,21.0,31.71,9.89,77.0,535.7,22.8,26.03
2619.9,64.2,12.67,59.04,6.64,10.7,562.5,91.1,13.14
3043.6,44.4,10.93,41.79,3.16,87.9,365.2,87.0,10.24
3942.5,108.3,16.9,27.06,6.62,45.7,504.5,97.4,13.95
3356.2,57.4,14.33,40.12,5.65,75.8,237.8,45.8,31.6
2991.1,64.6,33.99,45.83,13.18,75.4,421.4,58.0,60.95
3016.4,61.0,20.38,53.13,7.81,26.0,311.4,28.5,41.4
1867.8,38.2,11.44,52.49,4.17,56.4,418.3,116.1,14.32
638.7,93.2,9.38,21.97,5.04,93.4,454.0,19.5,28.56
2465.2,64.8,3.69,38.14,2.91,33.7,306.2,81.4,7.46
1465.6,21.6,31.78,20.82,13.86,74.4,247.3,87.6,159.85
2338.4,116.4,2.67,55.53,1.7,96.2,294.8,27.4,3.67
4340.3,101.6,5.52,26.96,1.18,42.5,448.8,50.2,3.0
1552.7,92.4,4.8,44.99,3.56,44.9,454.6,14.7,8.26
762.4,106.9,29.07,42.82,12.35,50.7,483.6,71.2,79.58
1766.2,110.7,20.64,45.02,8.33,82.8,206.9,119.4,82.65
1821.2,53.7,24.33,42.54,9.76,49.5,518.3,57.3,35.5
3478.6,81.1,17.02,48.62,6.01,53.8,459.7,118.9,15.39
3006.6,80.9,5.53,45.04,1.96,30.0,163.7,23.9,7.89
4027.5,46.7,29.87,23.61,12.99,99.0,301.0,53.2,72.22
3489.4,42.2,14.21,34.67,3.69,90.3,360.0,109.2,12.5
2328.7,31.4,4.4,41.86,1.46,64.0,312.3,106.4,4.33
4163.1,85.9,27.0,33.01,9.02,96.5,202.8,45.6,66.03
1251.4,98.1,6.01,50.41,2.17,71.8,243.3,84.6,13.13
602.2,96.1,7.33,32.72,2.34,96.3,161.1,107.5,26.74
905.2,51.6,29.66,53.15,12.21,24.5,191.9,94.4,217.59
3750.6,40.5,20.82,25.87,7.88,30.3,269.8,79.1,41.58
2578.4,65.4,10.82,50.78,4.38,89.7,519.0,26.8,9.78
1225.7,74.7,15.81,27.34,5.88,47.8,387.0,18.0,37.09
2754.7,111.9,32.37,41.12,11.21,43.4,341.0,77.6,66.24
1185.4,107.5,9.58,32.82,1.93,77.9,448.0,65.0,6.16
3633.4,111.6,11.22,45.49,2.63,66.7,393.7,36.2,6.82
2507.7,105.0,20.12,28.51,9.63,41.0,209.2,42.2,66.52
2214.6,116.5,20.3,51.82,9.5,45.8,250.2,53.1,65.86
1856.8,66.5,36.27,42.94,14.61,46.8,250.1,64.5,149.88
3336.3,24.7,18.67,58.29,6.24,21.4,420.0,52.9,20.62
2128.2,28.4,4.84,48.47,1.91,30.7,357.7,52.6,4.39
894.4,59.0,19.52,44.3,8.53,58.4,324.4,22.7,78.67
1031.0,45.8,29.04,53.17,9.94,80.4,400.5,105.2,69.85
4828.5,37.0,10.85,28.79,2.95,47.7,586.6,77.0,3.51
4588.6,115.3,25.28,45.31,8.74,44.5,291.4,26.1,41.42
3648.7,39.5,9.34,35.62,3.77,68.5,384.1,56.6,9.79
1696.4,115.9,29.94,49.75,12.83,24.2,366.2,55.8,90.53
4861.3,96.1,34.04,20.98,12.69,44.3,472.5,76.1,41.16
4004.4,84.1,17.35,37.11,7.01,28.7,478.6,77.0,16.24
3726.0,87.6,33.6,46.07,14.53,68.6,478.1,81.0,48.26
2522.1,53.1,33.11,38.43,14.72,20.1,240.7,86.8,137.55
1725.1,84.6,6.93,29.52,2.81,50.3,352.1,21.4,10.24
933.8,38.7,18.77,38.57,6.15,63.7,515.0,43.5,30.58
4561.7,113.8,19.1,53.99,9.4,85.0,321.7,11.9,36.36
2551.0,50.2,8.92,28.27,2.19,75.2,592.9,60.0,3.35
1410.6,45.5,14.5,34.69,6.36,94.9,314.2,57.2,39.76
1876.8,91.1,12.08,59.61,4.66,71.2,374.0,90.8,19.32
3106.5,85.6,34.52,56.51,14.33,41.4,363.5,28.4,88.11
1295.5,65.1,16.89,21.36,6.76,30.9,345.1,79.5,42.65
4354.8,83.2,28.0,41.21,11.68,15.1,530.5,43.7,29.63
3913.3,35.9,15.42,22.62,6.41,35.0,219.9,52.0,33.04
3737.6,87.3,6.83,56.96,2.85,22.3,405.4,89.1,5.65
2444.4,47.1,36.05,37.66,13.08,43.2,428.4,17.9,64.55
3322.9,47.3,4.39,36.74,1.01,73.2,533.0,47.7,3.0
3128.4,36.2,5.72,30.92,1.78,72.3,424.1,53.0,3.46
3424.3,53.2,14.1,42.75,6.1,38.6,582.0,88.7,9.61
880.0,53.1,25.19,25.8,10.62,55.8,542.5,31.9,59.28
2371.1,65.4,13.38,51.96,5.78,29.5,306.9,114.2,30.67
687.3,39.0,8.73,39.65,1.93,55.3,537.0,119.8,6.37
2723.0,39.3,12.27,42.66,5.45,55.9,581.3,100.1,8.13
1984.4,74.2,5.45,53.63,4.43,37.1,265.7,43.0,15.45
1150.4,32.9,4.65,27.41,1.08,33.4,424.6,83.0,3.0
965.3,88.9,20.68,27.01,8.49,98.2,276.8,19.1,79.67
3144.4,114.4,6.3,36.83,2.63,58.3,442.3,105.8,4.74
1267.7,62.7,16.29,51.45,5.02,60.6,192.1,66.8,52.41
4663.0,110.1,16.75,22.34,9.98,10.7,480.4,29.4,24.44
3114.8,29.8,32.38,51.81,11.15,26.4,338.9,46.0,61.21
2060.9,24.3,15.95,40.03,4.69,42.1,414.3,98.1,18.01
3159.1,92.1,13.02,42.47,5.61,96.9,161.6,105.7,38.42
602.6,96.1,10.9,42.58,4.46,25.8,462.9,67.2,23.16
4813.5,104.3,36.62,22.25,14.4,37.3,373.2,62.8,64.48
2670.4,25.7,12.03,29.99,3.67,99.1,431.4,92.6,9.02
4022.3,97.7,8.3,50.21,3.56,53.3,292.1,100.9,10.92
872.3,57.7,13.78,36.49,7.23,38.7,215.6,94.1,78.75
2690.0,50.3,16.74,42.42,3.65,67.1,345.9,52.3,16.74
2708.2,37.3,12.21,57.79,3.19,54.7,574.8,80.6,5.79
4720.2,119.6,7.86,21.85,2.34,96.2,252.5,104.3,7.45
3072.8,26.4,25.44,37.99,9.96,17.5,454.1,26.7,38.35
2630.7,102.7,25.87,34.45,9.57,81.1,172.4,52.7,99.6
1701.4,83.9,27.46,24.26,10.1,35.1,473.1,16.2,56.12
1992.1,93.5,22.94,58.03,11.83,82.6,257.3,55.0,95.71
2843.0,91.2,13.76,58.46,5.57,86.3,353.2,95.0,23.34
2475.1,105.8,32.51,32.46,13.86,86.4,315.5,31.7,93.58
597.3,38.4,27.42,57.87,11.26,88.0,200.8,69.6,206.35
4218.3,20.1,32.52,21.41,12.27,74.6,305.5,14.0,66.06
4532.7,79.9,22.14,59.24,11.09,22.8,307.6,108.7,48.46
1131.1,55.4,11.79,53.44,6.02,14.7,384.9,100.2,26.28
2993.2,32.4,11.37,28.57,4.96,40.7,587.6,67.7,7.57
988.6,38.6,18.37,43.98,6.92,54.6,361.5,87.6,50.71
3525.1,53.2,9.92,51.93,2.36,37.2,561.5,21.4,4.15
1765.6,27.0,23.73,32.77,7.32,76.8,357.7,103.0,43.67
3467.4,25.7,4.83,34.15,1.6,75.0,198.4,88.7,5.55
3771.5,111.6,6.92,45.16,1.06,97.5,253.6,23.2,3.27
3958.9,51.2,36.42,25.88,14.04,46.1,333.4,117.9,81.27
984.8,118.2,28.12,24.73,10.65,80.7,296.4,12.5,109.06
4622.1,116.4,22.32,29.99,8.87,76.7,539.6,79.1,18.82
1536.0,34.3,14.08,49.65,5.78,99.0,455.4,28.9,21.58
668.4,91.5,19.48,34.66,8.99,79.6,410.2,89.1,67.02
2996.8,80.1,29.61,40.29,13.48,35.5,371.1,17.7,75.86
2169.2,89.1,26.35,27.82,10.13,11.4,328.8,18.9,61.58
4234.1,29.6,23.54,27.76,9.43,97.1,425.5,61.3,29.29
4137.1,38.9,17.87,46.02,7.44,74.4,206.1,119.3,41.58
1927.1,27.7,17.43,24.34,5.84,83.1,223.1,40.4,43.52
4788.0,80.4,26.19,46.71,10.78,81.4,286.4,77.4,54.74
1809.1,118.7,33.15,36.03,14.73,76.2,227.0,67.0,171.38
2817.8,87.2,17.18,46.85,6.95,77.6,454.7,102.6,20.81
1651.8,91.1,19.39,35.27,6.49,93.7,161.1,41.7,69.26
4712.2,118.5,15.01,53.84,6.99,92.3,222.1,71.0,31.32
1240.7,87.8,18.63,22.22,6.96,44.1,556.2,114.6,22.21
702.1,24.0,36.03,55.73,14.87,12.8,598.9,46.6,82.05
2457.9,106.7,24.78,30.75,10.89,13.5,369.4,58.3,58.57
4965.7,56.5,14.99,21.7,6.03,50.2,372.9,107.8,17.51
4512.5,20.4,11.55,42.5,6.2,85.1,498.0,46.6,10.99
3868.7,70.7,18.5,28.97,7.03,86.3,166.3,51.9,49.8
4508.6,113.7,1.39,38.37,1.51,46.4,342.2,43.5,3.0
4520.5,45.7,24.51,52.09,8.39,37.1,194.9,99.0,58.31
2834.9,69.2,30.15,51.66,12.36,55.6,330.4,112.3,80.25
1921.7,37.4,23.85,44.02,10.25,84.9,592.7,79.4,26.69
3974.1,25.8,14.17,59.11,3.78,67.3,489.1,78.6,7.66
3477.5,28.1,24.65,38.55,11.19,22.6,593.3,52.9,24.09
2181.5,92.7,25.22,21.58,11.07,42.6,485.7,11.4,50.79
925.1,106.4,7.27,52.78,4.68,60.0,423.6,29.1,17.26
3860.6,34.3,28.29,28.85,9.72,58.4,489.4,26.2,34.08
1681.1,48.8,29.59,27.05,9.55,84.8,446.6,22.7,55.93
4715.7,39.5,26.32,22.8,12.76,93.9,358.8,81.9,55.33
1584.4,22.7,6.23,33.12,2.91,19.0,281.6,25.0,12.12
1052.4,75.3,10.78,33.05,3.73,30.2,384.1,19.4,18.51
4240.0,90.0,18.4,32.11,7.8,45.3,266.3,52.1,38.27
1189.8,84.8,5.63,43.73,1.62,36.7,369.0,37.4,6.08
1306.7,58.8,17.33,50.06,6.82,46.7,215.8,26.0,61.38
3197.2,75.5,30.9,57.51,12.04,13.7,404.4,26.1,50.55
4435.5,29.4,6.21,23.76,3.08,15.9,260.4,38.2,7.59
1384.0,35.4,19.69,26.02,7.44,85.5,282.1,69.1,62.03
1896.5,113.2,32.82,43.59,14.86,19.2,374.6,93.4,106.45
3998.3,96.2,19.36,23.93,8.08,84.2,223.1,103.8,44.83
4873.2,112.3,15.14,34.83,7.98,37.6,583.1,92.7,10.97
2753.3,111.7,21.08,44.98,8.82,37.8,351.1,79.1,41.56
1147.5,84.9,8.57,51.22,3.6,19.1,308.5,109.8,21.67
562.7,112.8,11.87,28.7,3.06,11.2,163.1,67.2,50.99
1533.5,61.7,25.93,46.72,10.48,42.0,529.5,79.7,42.11
1093.2,20.4,17.41,45.83,6.54,85.2,431.6,55.3,36.58
3549.5,26.3,13.57,54.38,5.06,92.8,337.4,46.0,18.67
1048.2,30.9,1.0,32.55,1.44,15.5,260.5,46.5,3.04
2778.5,29.5,25.55,50.0,12.84,12.8,485.3,26.3,49.17
3624.2,55.2,4.38,50.08,1.45,24.3,575.5,97.6,3.0
3115.0,90.1,29.29,29.57,11.5,79.0,321.4,16.1,65.34
1399.0,99.1,15.9,44.85,6.35,28.4,210.7,84.2,63.31
4118.6,79.0,20.99,47.01,9.38,30.8,199.1,105.1,62.32
3719.3,34.6,11.55,30.98,4.47,90.0,152.9,64.7,27.98
3825.4,94.8,8.32,38.07,3.18,88.7,484.8,17.7,6.32
1089.8,55.5,23.81,37.43,8.47,70.3,591.6,57.1,29.62
1056.9,21.3,28.87,50.94,10.74,24.8,596.8,47.8,41.79
4674.0,48.1,8.93,20.03,3.74,44.3,502.9,118.4,5.61
2289.1,53.1,18.2,40.04,7.11,31.3,223.0,86.0,57.06
1854.3,47.4,19.45,27.37,7.23,70.5,590.0,89.3,18.39
2698.6,101.2,12.53,45.87,4.02,80.2,297.5,66.7,18.31
3482.9,96.0,27.45,47.21,8.91,22.8,300.1,88.0,53.89
4800.3,89.6,8.91,40.05,3.04,90.8,459.3,89.5,5.2
1789.0,33.9,24.22,41.68,8.14,51.7,172.1,17.3,83.14
4661.6,100.8,4.47,32.6,2.59,81.6,521.6,34.5,3.0
611.9,87.7,18.02,32.53,7.8,14.6,598.8,11.4,44.64
2998.4,39.5,7.93,49.8,5.36,42.5,498.8,66.1,9.46
3352.9,84.8,19.32,25.27,7.33,11.3,501.8,106.3,18.36
976.5,68.4,20.21,50.86,7.07,74.7,325.6,77.1,58.14
1131.5,63.9,25.87,46.2,13.71,17.2,179.7,65.0,194.16
2386.0,31.2,20.64,55.38,7.86,40.4,506.7,111.9,26.05
4848.0,71.8,32.47,30.41,12.46,80.4,418.7,28.9,44.31
3182.2,30.0,13.21,40.25,4.16,77.4,559.2,18.2,9.34
4698.6,36.4,12.05,21.56,5.93,67.6,202.2,110.9,28.36
4119.6,33.3,9.04,56.5,2.05,72.5,287.3,109.3,6.55
2603.2,115.4,17.88,47.02,6.89,68.6,312.3,85.1,36.9
4031.4,48.5,27.61,44.92,10.36,67.7,457.5,37.1,35.09
580.3,55.5,30.91,49.31,12.73,41.5,504.5,116.7,90.7
991.1,52.2,23.67,31.37,8.92,12.5,582.5,94.2,35.45
4232.4,109.8,28.24,44.15,9.96,49.8,282.9,84.1,54.7
4085.7,76.3,9.4,52.04,3.48,14.1,372.1,34.5,9.36
1546.9,111.9,6.35,23.61,1.52,52.2,163.0,66.4,10.26
2888.5,50.0,33.54,58.35,12.08,51.8,263.8,100.5,93.01
3227.1,31.5,9.28,55.68,3.34,26.1,318.3,104.6,11.17
4404.8,75.6,3.86,58.52,2.28,80.6,417.2,71.8,3.0
3214.0,54.6,36.52,52.33,14.13,73.4,361.9,67.5,80.65
2356.6,100.2,39.63,31.77,14.49,60.4,314.0,86.7,115.51
2183.8,107.9,28.01,43.26,9.63,93.3,430.8,68.1,44.05
2416.5,67.3,18.64,24.81,6.3,35.8,522.9,55.9,16.95
3433.7,117.1,24.1,50.17,12.67,33.6,258.8,19.4,83.64
4403.7,75.3,8.98,26.15,3.87,26.5,304.3,23.9,10.94
2542.5,47.1,16.37,54.67,7.01,59.0,467.2,93.6,20.31
1615.3,68.9,15.93,29.62,6.0,28.5,500.1,12.7,23.04
1565.0,23.7,38.75,26.42,13.78,88.2,521.4,15.8,83.27
3857.1,100.4,30.68,22.84,13.88,37.4,244.2,109.5,95.04
4174.6,30.1,31.99,48.45,10.11,54.2,392.7,87.4,39.81
973.8,50.9,6.72,27.45,2.55,57.7,555.0,10.5,7.78
799.5,76.5,17.53,27.91,7.75,37.7,326.4,44.3,67.8
3175.0,24.3,14.74,26.79,4.43,76.5,343.4,94.0,16.64
1157.8,27.9,35.57,32.23,13.39,72.3,593.2,55.9,58.12
4211.0,89.6,10.71,57.65,2.94,78.5,200.9,61.6,13.11
1896.5,27.2,3.74,39.46,1.76,64.5,467.5,60.5,3.0
1147.4,67.7,28.49,30.44,10.86,51.4,532.6,32.2,55.53
4644.4,53.9,15.8,26.82,7.35,50.4,217.9,89.4,37.58
1244.9,42.8,28.9,20.76,12.74,74.5,471.5,21.3,87.62
1781.2,38.9,6.42,34.6,2.04,43.9,361.4,65.8,6.94
1191.3,96.3,27.63,24.4,12.22,49.4,533.8,28.7,69.23
1019.7,115.2,8.66,21.08,1.52,24.7,558.4,15.1,4.79
595.2,34.0,3.47,24.12,1.39,71.2,542.6,25.8,3.89
749.3,116.0,18.49,32.74,7.46,16.9,179.0,105.6,117.8
1285.9,79.5,8.78,50.03,4.1,99.1,490.6,29.4,13.38
740.2,84.2,26.53,22.68,9.31,22.9,564.7,40.6,53.55
3160.1,91.0,3.13,47.15,1.36,44.5,429.6,25.2,3.0
3563.2,90.4,8.87,44.82,1.5,31.4,420.4,90.9,3.34
2271.3,102.0,30.92,55.28,11.18,36.2,170.3,59.0,133.35
1931.0,68.3,9.73,27.36,3.94,39.0,535.2,113.8,7.41
2770.4,73.3,25.53,51.77,10.19,74.7,170.9,83.1,98.61
4437.5,52.4,27.03,54.59,11.5,25.9,291.1,68.5,62.7
4330.1,30.5,7.85,59.06,1.83,33.7,566.6,82.2,3.0
695.6,86.5,28.5,52.34,11.78,19.1,577.4,14.4,83.29
1316.7,23.4,11.69,24.95,4.76,39.8,596.4,114.6,10.17
1565.4,47.6,16.98,57.89,6.45,94.7,364.4,115.2,35.63
1622.2,29.4,2.34,52.6,2.21,44.2,229.8,40.4,6.7
3070.5,39.1,31.08,28.49,12.74,80.0,369.6,79.1,65.32
2373.2,83.9,24.3,26.61,8.85,51.6,196.0,32.2,75.76
721.6,82.8,20.96,57.46,8.07,50.5,542.6,70.2,42.15
2181.3,62.1,38.34,26.23,14.56,84.2,402.2,94.8,90.34
2856.9,29.0,13.94,51.08,5.68,12.4,332.0,113.4,23.52
957.5,63.3,31.61,36.21,13.47,87.8,185.8,47.3,251.77
4250.6,55.3,24.12,48.95,11.08,53.7,332.4,86.3,49.88
733.8,92.0,32.98,23.67,14.0,41.6,539.8,88.8,91.23
4661.8,77.9,39.43,49.0,13.71,91.6,466.5,34.3,50.5
946.0,69.2,37.04,40.48,14.87,40.6,187.1,79.2,276.86
4296.1,68.7,6.78,56.02,2.84,98.0,222.0,82.1,9.11
4561.9,116.6,26.91,27.54,12.14,94.3,326.5,94.0,56.27
4908.1,95.6,25.41,24.37,12.26,34.1,195.6,120.0,71.93
4109.1,69.7,22.56,27.85,10.02,40.7,570.3,14.4,26.02
4007.6,67.9,15.56,23.14,4.9,83.1,443.5,32.3,13.12
3391.2,22.6,34.1,59.21,14.51,27.6,192.7,26.0,125.06
4005.5,114.3,8.01,24.91,3.86,75.9,504.6,27.0,6.31
1105.5,51.9,17.84,28.03,7.99,21.6,315.8,60.0,58.57
2912.3,45.6,23.04,52.39,8.3,28.5,260.2,106.6,59.23
2814.0,119.9,9.27,29.87,3.27,55.0,406.5,59.4,8.44
4359.1,91.9,25.68,28.89,11.12,77.1,156.0,83.5,86.69
2582.6,24.7,6.24,46.89,2.24,76.5,359.4,51.4,6.05
2232.9,26.2,33.24,35.95,10.7,64.8,529.7,45.2,42.24
3378.0,22.6,35.28,53.42,12.88,34.5,567.6,101.8,33.84
1699.1,80.0,19.96,45.53,5.89,47.4,304.1,82.1,40.08
1129.0,27.2,21.89,31.53,10.93,32.2,439.1,48.6,63.49
2650.4,113.3,8.89,43.92,3.19,34.9,252.1,110.6,15.25
2376.0,113.7,29.61,54.66,12.84,39.1,402.1,64.8,68.02
1546.6,74.6,36.59,34.58,14.33,63.9,264.3,30.7,155.72
2153.8,81.7,12.4,49.46,3.14,28.7,407.1,63.2,11.33
2148.8,49.2,27.56,36.63,10.69,13.8,227.3,84.2,101.33
1973.7,26.4,17.97,41.72,8.08,72.3,573.6,50.4,21.97
2207.6,93.7,19.43,49.35,8.44,12.0,549.1,102.8,22.22
3585.8,30.2,28.91,22.42,10.89,97.4,301.6,68.6,65.07
1835.9,28.6,22.2,38.2,7.84,41.5,499.5,61.5,28.7
4769.9,51.1,24.05,23.81,9.4,10.6,193.0,104.5,59.62
4623.6,21.2,12.12,49.0,4.23,89.6,483.2,60.9,8.12
2664.1,63.4,16.64,44.31,6.3,64.0,277.1,55.6,37.32
1977.6,90.8,32.97,33.08,13.11,83.6,211.0,21.4,129.68
2909.5,100.1,9.99,23.05,2.54,49.2,455.2,49.9,5.95
4318.5,80.4,25.43,57.03,9.37,41.9,361.4,53.7,37.26
3436.6,104.7,10.3,32.6,3.58,69.0,388.6,29.9,10.1
4119.8,60.7,31.41,31.02,12.85,46.5,384.2,74.7,55.72
2897.3,104.9,22.68,24.04,9.11,60.1,176.8,25.8,85.68
3348.1,70.6,14.94,43.09,6.64,35.0,173.1,34.6,41.39
1796.7,42.3,9.97,30.63,4.5,39.9,420.5,71.7,15.7
3807.0,114.4,20.0,53.71,7.12,17.4,430.7,39.6,24.14
1410.8,47.5,33.0,47.31,14.41,80.3,171.2,80.4,228.88
3626.6,22.6,23.14,20.16,8.13,41.4,320.3,86.0,39.59
4373.2,44.3,19.26,42.63,7.57,97.7,425.8,43.1,22.07
1094.5,56.7,30.79,29.27,11.45,33.4,445.5,19.6,83.44
3264.7,55.1,18.42,20.61,6.31,52.8,522.7,63.8,15.78
927.9,72.5,20.59,44.77,6.98,37.5,339.3,20.2,56.28
3765.7,108.3,13.72,28.2,5.72,72.5,396.7,66.7,16.14
880.2,49.2,10.39,55.99,3.11,82.8,410.4,89.9,14.93
4711.7,72.1,29.5,42.94,10.99,53.8,290.4,78.2,53.47
1118.3,54.0,27.76,28.37,13.22,43.0,174.2,59.3,214.04
4815.0,102.2,38.57,59.17,13.68,77.0,151.9,114.0,141.05
4104.0,35.8,39.46,41.86,13.33,27.2,526.3,21.2,45.47
3171.6,30.4,21.69,26.62,7.32,64.0,240.1,106.8,51.23
4021.8,70.3,15.86,40.69,4.98,76.0,433.6,98.0,11.89
4078.0,87.2,26.61,58.37,9.93,34.2,409.7,56.2,36.49
4757.1,99.6,34.07,36.97,14.37,69.0,329.8,26.8,70.31
1640.2,79.0,27.38,37.01,11.18,76.2,525.1,27.1,50.63
3155.3,97.4,23.13,38.45,7.93,20.6,464.3,111.4,25.28
927.7,59.3,23.56,31.2,10.64,39.2,160.2,35.7,167.22
3272.7,23.3,25.99,26.47,11.82,46.6,499.5,106.2,33.99
1270.8,31.6,32.71,43.16,13.87,79.8,378.1,65.4,110.94
3042.3,23.9,30.84,55.77,11.69,61.1,306.2,60.8,79.83
3075.9,52.9,15.65,49.43,7.06,50.5,477.1,78.1,17.61
2596.9,69.5,12.43,23.85,4.83,38.7,458.7,33.7,15.04
2851.8,55.6,20.08,36.03,8.0,10.4,289.8,57.1,43.5
3937.7,76.1,11.83,20.21,5.59,11.8,592.4,113.2,7.42
4096.6,68.1,27.34,32.32,14.2,31.6,441.9,36.2,50.26
2714.7,87.8,17.58,46.78,8.11,20.5,422.6,111.4,27.53
3198.2,86.7,20.28,31.61,7.61,20.8,181.4,119.4,64.0
4690.6,51.8,16.97,53.62,5.87,64.2,275.7,15.7,24.14
1038.8,54.6,26.37,39.1,9.95,64.5,351.1,68.5,85.99
1027.0,78.5,22.87,46.77,8.28,14.0,433.8,28.9,57.69
894.7,79.6,6.58,55.35,2.81,63.5,380.7,78.4,11.33
3460.4,51.5,29.77,47.31,13.17,23.1,493.4,118.8,39.77
2383.7,53.0,16.99,55.89,6.03,44.0,268.2,108.7,38.18
3984.4,89.4,17.59,52.32,7.06,99.1,466.0,111.7,17.98
3520.5,84.7,13.64,42.68,3.88,57.0,517.5,33.5,8.49
2001.4,33.5,23.26,31.89,8.75,13.1,494.3,69.7,32.11
4542.6,64.1,30.76,31.93,10.83,41.3,496.9,35.8,31.89
3931.4,109.3,31.28,55.01,13.34,70.4,549.8,108.9,34.81
1717.4,23.6,9.16,22.16,1.72,30.2,187.9,31.0,11.4
2138.9,105.5,41.75,57.66,14.63,96.8,463.7,26.9,79.38
1915.0,36.3,27.12,33.08,10.85,48.3,585.9,11.3,42.71
1209.3,70.7,14.95,49.55,4.98,11.9,408.1,30.0,27.84
1165.0,62.4,8.09,33.2,3.86,58.7,247.8,30.9,23.1
4712.6,21.0,16.52,58.13,5.15,70.9,599.4,18.5,9.76
2470.6,111.5,35.89,21.46,13.26,51.0,228.6,105.5,142.77
2224.9,65.5,12.2,34.13,5.08,93.5,301.0,95.8,25.14
3783.6,115.4,20.96,54.7,7.48,91.2,227.4,38.0,43.02
2988.5,48.7,27.87,30.96,10.88,22.5,359.0,96.2,53.18
4712.6,106.6,33.55,31.02,13.21,17.2,338.5,56.4,69.57
4011.4,112.2,27.94,55.95,10.22,38.1,371.1,95.3,41.38
2657.2,75.7,30.11,53.22,11.54,64.7,567.6,45.5,34.52
2193.6,40.3,9.46,24.23,3.43,64.1,365.2,72.1,11.98
4939.8,88.5,35.05,43.21,13.28,34.4,381.6,52.0,55.06
3729.9,74.9,16.51,28.94,4.86,95.6,549.0,30.6,10.77
4780.4,114.5,6.77,28.61,2.8,37.7,518.0,74.4,3.08
1033.2,63.9,35.73,44.62,14.67,82.4,257.9,92.6,203.63
4327.4,46.9,5.49,24.95,3.82,84.9,155.8,92.8,15.1
3366.8,33.8,10.45,38.79,2.91,18.9,433.3,49.2,7.12
1048.6,89.9,28.13,30.23,9.76,30.9,530.2,67.1,47.61
3147.2,117.4,13.8,54.16,5.46,29.4,398.8,94.0,15.98
3587.4,22.8,8.99,42.18,2.87,92.8,245.0,16.0,10.48
555.4,94.0,23.0,28.6,9.42,41.6,483.6,17.9,71.81
2544.4,112.7,27.59,57.06,11.63,85.3,451.3,51.4,51.61
4214.3,27.5,30.54,52.92,12.1,53.0,404.3,34.6,48.8
1829.1,31.0,6.95,30.61,3.18,51.1,538.5,51.2,5.83
2563.5,89.2,21.53,58.44,8.8,91.3,502.9,20.3,29.01
2490.4,84.8,27.79,30.71,12.39,49.7,450.6,75.1,49.87
1858.7,26.9,11.25,31.71,3.26,77.0,449.1,83.9,9.19
4633.0,103.4,11.71,35.44,3.91,48.2,448.0,97.1,7.92
4015.8,72.3,3.08,26.59,1.03,19.2,386.3,81.6,3.0
997.6,110.7,21.3,47.48,8.34,14.8,358.8,53.6,66.52
4986.7,107.8,9.91,42.29,3.73,28.7,469.3,112.8,6.21
4456.4,101.3,31.05,55.78,11.14,75.0,424.7,89.9,41.58
1777.6,71.6,33.96,29.64,14.47,43.6,370.5,68.0,104.08
4266.0,45.2,12.93,26.81,3.92,50.9,207.0,32.8,19.33
978.9,70.6,23.09,34.34,10.09,19.2,465.9,81.4,61.74
4996.0,30.1,13.56,25.84,3.97,66.1,440.7,75.1,8.51
3495.6,85.9,7.99,57.85,1.25,82.3,304.0,85.2,3.91
3425.6,33.4,31.98,48.7,11.62,66.2,310.3,95.9,68.78
907.0,71.1,22.69,51.85,7.08,98.6,261.0,110.7,79.62
4536.7,25.4,35.66,49.92,14.26,11.5,582.9,114.4,33.2
630.5,50.0,25.22,29.71,8.48,11.4,537.1,79.3,51.57
1583.7,43.2,14.24,25.63,3.2,55.0,402.5,116.3,14.42
1143.6,82.0,15.42,37.18,7.3,34.0,330.7,110.3,48.33
3995.5,98.7,9.02,53.16,3.84,71.8,481.6,10.3,8.27
1391.9,25.7,28.09,33.22,13.29,81.4,387.5,80.1,90.48
4597.9,105.0,29.73,20.38,10.67,19.2,589.1,29.6,24.4
3453.2,106.1,10.76,46.4,5.78,92.6,174.8,42.5,30.04
662.7,54.2,15.96,28.0,8.39,12.7,165.4,42.7,138.89
524.4,85.9,22.57,41.71,10.37,72.0,405.9,63.1,93.12
732.5,60.3,24.29,20.6,11.96,44.6,241.5,11.2,150.23
3226.7,35.4,7.7,40.35,2.12,70.1,421.9,35.9,5.29
4106.7,72.9,1.77,35.74,1.32,18.8,501.6,13.2,3.0
1573.5,28.6,2.91,55.22,2.6,94.3,212.1,81.6,9.49
4322.3,107.8,16.89,48.87,6.53,94.4,348.3,107.8,21.37
757.5,112.4,19.38,21.44,7.53,56.7,459.9,119.8,41.52
4104.3,102.2,3.08,51.58,2.91,55.9,525.2,59.3,3.0
4675.1,76.3,15.4,51.65,6.76,67.1,373.4,38.6,20.61
3974.5,75.8,18.3,46.54,7.18,62.2,242.8,103.8,41.77
3641.5,118.5,6.74,57.17,2.53,58.9,413.6,22.4,4.59
4270.9,44.8,32.83,52.13,13.83,63.0,354.5,117.2,61.31
680.7,27.6,27.13,28.76,9.39,87.3,497.4,88.6,62.25
1408.0,76.2,23.25,35.26,6.44,65.0,400.0,65.4,44.0
1062.2,52.9,19.68,34.0,8.1,27.6,275.7,20.6,77.37
2770.4,52.2,10.45,40.2,5.4,92.3,489.5,12.0,13.81
3853.3,20.7,31.11,58.15,12.96,29.4,383.0,69.9,53.89
3335.1,79.6,23.4,44.62,9.05,24.9,229.9,55.5,55.22
4330.1,46.4,20.08,32.52,7.93,99.7,403.4,102.7,24.76
1198.5,38.8,35.46,57.66,13.75,29.2,576.7,80.7,60.96
3805.8,24.0,37.92,48.01,12.73,19.0,467.5,57.5,47.42
1368.7,56.4,25.33,30.64,12.38,60.6,284.5,34.9,110.63
1718.4,107.9,10.04,56.26,4.16,84.4,469.9,62.8,11.42
3694.6,53.7,13.85,33.77,3.14,15.5,277.2,27.9,12.42
4910.9,87.9,24.95,40.65,10.66,54.1,394.2,83.4,38.49
3251.9,95.7,21.76,39.17,7.56,16.2,387.0,76.6,28.72
745.3,52.8,28.21,56.95,10.57,48.6,261.3,99.1,151.42
3273.4,102.2,32.5,30.63,11.65,41.0,306.5,59.4,73.46
690.6,89.2,19.55,33.33,5.13,22.3,574.0,40.7,25.91
4478.7,75.9,14.46,46.41,4.99,93.8,262.8,102.0,20.16
3693.1,20.1,14.87,55.46,7.87,67.1,510.5,86.0,16.78
1279.1,23.5,11.01,24.6,4.83,85.9,450.3,87.7,17.03
912.7,119.1,32.35,28.4,10.34,91.5,389.7,68.1,93.15
1325.9,98.2,24.1,57.92,11.45,93.7,211.9,106.4,148.23
4910.1,113.8,20.99,51.09,7.61,77.3,242.1,35.1,36.13
2563.5,110.2,20.06,33.84,11.13,37.6,230.5,54.2,82.86
4028.4,22.0,16.68,34.31,8.15,84.6,414.1,97.6,24.32
3363.8,99.2,29.92,38.78,10.98,56.8,588.0,24.6,32.33
3075.9,65.1,11.65,46.95,4.15,34.4,544.8,98.9,7.19
1153.1,99.0,26.96,42.44,11.34,44.7,161.4,48.8,194.54
4757.1,20.7,24.88,51.04,11.01,37.1,273.2,23.8,54.22
1856.0,48.8,6.9,22.17,4.73,52.0,220.8,18.7,22.74
3101.1,95.1,24.28,52.76,8.78,80.3,589.1,102.7,18.59
3649.0,99.3,30.99,22.32,12.97,53.6,256.0,95.6,91.53
3421.5,82.0,7.77,55.24,4.49,34.1,240.6,41.7,17.39
4732.7,50.1,28.09,21.73,11.3,17.9,429.4,22.8,38.46
1168.0,51.0,36.76,25.11,14.36,87.0,400.3,37.2,108.01
2787.6,116.7,31.59,27.21,13.13,47.6,251.6,33.4,105.92
2318.2,63.9,17.58,28.92,6.62,49.8,451.7,90.6,21.24
2633.8,64.7,23.97,36.07,9.5,78.7,193.7,33.7,83.23
1036.5,75.2,34.11,46.22,14.88,86.5,158.7,33.8,267.12
1103.4,61.0,22.77,55.7,8.96,56.0,187.1,13.5,112.94
1751.3,75.3,10.21,40.98,2.61,66.9,314.2,75.7,11.78
1871.2,63.2,8.87,41.3,1.64,31.5,588.8,85.8,3.0
2425.6,102.7,32.12,32.77,12.06,94.2,396.3,81.9,64.21
3249.4,110.9,15.92,52.03,6.93,61.1,489.6,72.5,15.58
3355.8,113.2,14.16,24.42,4.46,74.8,294.7,116.3,20.35
2353.1,76.4,16.89,32.04,5.87,20.3,473.7,62.0,16.85
2339.5,64.2,26.56,23.88,11.6,67.3,584.8,104.6,32.15
1479.3,90.5,17.89,28.57,7.51,43.2,311.0,81.1,52.97
3147.4,103.8,34.3,43.46,13.16,50.5,599.6,19.3,42.7
1926.7,76.3,32.1,25.04,11.29,71.4,437.3,99.1,60.45
662.3,90.0,30.23,24.02,14.64,81.7,486.9,74.3,111.01
2382.8,95.0,37.83,53.04,13.44,41.4,263.5,81.9,122.5
2633.6,87.6,15.99,24.73,4.56,88.6,439.4,29.8,15.5
1515.2,94.6,26.12,44.32,10.23,29.7,380.0,58.1,69.48
3076.1,40.9,4.24,34.08,1.29,60.7,580.4,106.9,3.0
3046.0,69.8,37.38,55.85,14.88,23.6,557.1,33.7,52.4
3659.0,78.8,10.78,48.3,4.65,36.0,328.5,10.0,12.68
3415.8,20.2,25.17,22.38,10.31,90.6,576.1,38.3,23.28
3435.9,105.6,27.22,55.82,12.89,11.0,548.2,63.6,34.37
1923.0,81.0,4.24,36.56,3.25,92.4,415.7,100.3,6.56
4043.4,32.9,38.6,31.93,12.87,39.6,187.0,80.8,115.43
2971.1,101.6,4.88,46.91,1.17,72.6,222.4,111.1,4.05
2441.4,91.7,19.14,48.72,7.19,18.3,184.6,60.1,59.4
3317.1,95.8,19.41,32.13,7.61,67.7,198.6,53.0,49.87
2123.0,59.2,13.86,34.07,6.24,91.9,589.6,35.5,13.22
2807.3,105.4,22.26,26.25,9.21,60.0,245.5,34.0,55.74
3815.2,61.4,34.03,43.74,13.81,42.6,460.9,91.0,51.03
4488.8,77.1,14.24,58.28,5.58,81.4,436.4,18.8,13.68
4644.8,20.1,20.7,36.66,9.11,74.1,434.0,36.7,27.45
2766.3,84.5,33.99,59.85,13.28,20.6,243.0,107.4,114.73
2841.2,91.8,29.76,27.06,11.82,69.9,410.7,73.5,55.32
4099.4,76.7,6.79,51.84,1.57,69.8,431.5,15.1,3.0
1915.0,69.7,36.77,57.12,14.2,77.7,406.7,87.5,89.47
4268.2,101.0,5.29,47.52,1.65,38.5,233.8,65.7,4.74
2723.6,88.1,22.75,24.37,9.24,46.1,475.4,104.0,29.54
1021.4,47.8,27.27,33.06,9.05,96.4,183.0,85.1,135.27
824.3,115.9,26.79,23.43,12.01,61.6,416.0,10.5,107.12
4289.0,90.7,3.46,44.07,3.08,55.8,346.3,32.6,5.25
750.1,118.8,11.74,59.93,3.51,98.8,262.6,38.4,34.23
1762.8,117.1,26.63,34.99,11.53,30.7,513.3,87.2,43.69
2003.6,111.9,5.88,26.52,3.09,45.8,229.2,66.0,13.3
1278.5,95.5,22.07,30.75,7.57,78.4,569.8,92.2,25.31
1912.5,80.9,27.42,42.83,11.24,74.2,548.1,66.4,38.7
3842.1,37.2,21.48,42.76,10.12,97.0,312.3,46.0,46.72
566.1,74.3,16.89,29.19,3.95,68.9,287.3,21.4,42.24
4222.3,96.5,9.26,50.03,5.26,38.2,211.9,32.3,18.99
4354.5,72.1,35.24,23.52,14.57,45.8,562.3,54.1,37.48
2175.2,106.8,13.08,44.92,7.28,18.1,432.4,70.7,19.47
1191.3,31.0,6.54,37.03,1.62,93.1,164.3,113.3,12.53
3203.8,58.1,9.45,25.09,4.07,21.6,379.9,36.4,10.61
1038.5,70.6,17.78,45.38,5.79,59.1,188.6,83.3,75.2
2142.1,63.2,36.43,46.92,14.99,46.1,408.2,26.8,96.59
4812.9,30.9,18.1,37.6,5.24,22.1,379.0,88.5,16.86
4979.6,35.4,3.86,51.92,1.37,36.4,187.3,11.2,3.1
3974.5,103.8,16.0,40.37,8.18,67.0,517.1,82.2,15.39
1899.3,68.4,7.7,31.43,2.17,12.8,268.0,28.0,9.24
3594.5,24.9,12.37,58.14,4.84,96.9,393.7,29.8,14.0
3674.3,21.6,30.8,57.76,14.89,91.8,437.6,71.5,51.49
2245.3,67.3,23.82,23.82,10.86,17.6,583.0,51.3,32.45
3384.0,36.4,3.72,57.84,1.71,88.2,372.2,61.8,3.0
548.3,90.5,23.41,51.02,7.28,39.6,562.8,44.0,45.42
1440.8,99.5,11.95,24.27,3.4,16.1,309.7,114.9,17.85
2862.9,42.8,7.22,40.77,2.72,37.6,535.8,42.0,4.16
1236.9,79.2,24.62,21.4,9.22,82.8,256.1,69.6,88.65
1246.6,35.4,14.46,43.55,8.08,69.9,468.4,104.0,33.51
4263.4,50.4,26.53,57.33,11.4,31.5,189.9,83.1,84.77
4951.1,108.9,34.24,34.73,13.49,74.7,593.7,45.5,31.04
3001.9,74.4,12.74,40.35,4.45,73.7,579.3,70.8,7.59
4275.8,108.6,32.4,29.1,13.92,76.9,349.0,19.1,68.39
4956.4,42.5,20.86,41.64,8.25,58.7,385.8,70.0,25.71
1137.2,53.0,13.65,52.1,4.62,83.7,419.0,57.5,22.1
2517.1,67.1,31.51,28.61,12.84,67.7,273.8,93.4,102.17
2266.6,68.0,8.03,42.14,1.5,21.3,453.5,103.3,3.51
860.2,119.8,23.27,34.19,8.83,82.9,464.4,32.0,59.35
3899.0,31.4,29.07,49.91,11.1,39.1,386.3,19.0,54.87
2452.0,105.2,18.46,48.08,4.92,73.5,216.5,53.0,39.31
2612.0,106.4,34.59,47.95,13.09,70.8,563.6,68.8,37.74
1178.0,75.3,17.26,35.11,4.36,40.2,201.8,51.4,46.69
1314.2,54.4,29.33,43.97,12.76,24.6,433.1,79.1,77.7
4582.0,71.9,2.05,46.04,2.1,72.5,196.4,65.6,4.35
700.9,49.2,9.03,47.23,3.24,86.4,215.7,113.0,31.7
1547.8,99.9,15.89,43.01,6.33,85.4,159.2,55.0,67.68
1814.3,69.8,36.18,54.67,12.96,66.4,313.5,19.1,97.77
2705.9,112.6,5.57,29.95,3.02,30.5,437.8,43.2,5.35
3139.0,82.3,32.25,22.23,13.26,38.5,384.7,76.6,72.66
2719.8,71.4,12.91,58.5,4.22,77.9,453.5,38.2,11.83
878.5,91.1,19.17,22.43,7.34,47.0,453.8,39.6,41.68
1596.5,70.4,15.14,56.12,5.94,75.9,213.1,47.4,49.95
4296.1,110.5,9.18,44.49,2.65,37.9,175.8,92.1,11.63
3369.1,38.4,37.94,56.75,14.22,10.6,431.4,113.4,61.77
3421.2,117.3,23.02,42.6,7.13,64.3,444.0,48.5,22.31
3515.9,101.2,26.63,52.84,10.66,64.1,400.5,31.5,42.48
3933.1,106.1,20.38,48.85,9.05,66.5,260.6,56.3,47.0
761.5,68.3,25.06,41.0,8.02,34.1,514.8,48.7,51.14
2149.7,103.7,20.92,34.53,9.63,83.0,184.1,118.9,95.18
2927.9,50.7,38.6,20.11,13.58,53.9,434.5,61.0,67.3
2023.1,96.2,30.85,30.04,10.79,78.6,204.2,84.7,120.48
4300.2,34.0,25.91,58.07,8.45,65.0,444.5,110.5,27.13
2671.6,50.7,27.13,31.02,10.03,47.4,338.0,79.2,55.38
3958.8,64.6,17.49,50.07,9.49,71.2,473.1,37.4,23.4
4334.1,52.2,15.13,40.34,7.06,61.7,173.5,76.8,42.67
2771.6,58.7,25.34,32.34,9.75,56.0,399.8,54.2,43.12
4593.0,102.0,16.56,59.64,7.21,68.4,215.2,56.5,37.04
3142.1,45.7,27.75,21.88,11.61,17.7,457.1,117.7,41.09
4326.2,94.5,37.34,43.28,14.56,91.9,204.0,40.6,125.03
2032.7,27.4,34.7,38.46,14.44,40.2,183.1,61.6,192.58
2744.7,96.6,27.07,23.06,12.49,30.2,470.9,27.6,47.83
2891.3,99.2,26.33,28.56,9.42,79.5,178.6,29.6,75.3
972.4,60.2,29.97,47.77,11.49,30.8,251.0,76.4,149.57
2293.5,92.2,9.29,24.33,3.49,99.6,521.1,92.6,6.53
4628.0,111.5,21.86,52.04,7.71,47.8,514.4,80.0,17.53
3338.7,100.1,12.87,45.0,4.6,36.7,534.4,46.2,9.46
1298.8,59.0,8.41,24.03,1.05,15.6,296.7,16.6,5.04
2024.9,68.4,35.88,31.47,14.53,13.8,387.6,61.7,90.57
1362.2,97.9,36.09,25.49,13.09,18.6,498.0,65.5,67.14
611.7,49.3,15.22,51.9,8.19,10.5,211.6,94.8,115.17
4673.6,100.4,13.86,41.32,4.56,39.4,476.0,80.4,8.93
2516.9,52.8,25.42,20.11,10.7,37.9,193.9,105.8,105.54
1883.9,100.6,15.72,41.72,7.09,48.7,561.0,96.1,17.83
3193.1,28.7,33.64,39.31,12.25,31.0,436.8,50.2,54.33
532.9,24.4,39.15,45.72,14.99,15.6,372.0,79.5,191.54
1751.1,119.8,9.52,21.39,5.89,16.4,368.1,92.2,21.74
3663.7,106.9,14.32,21.42,4.42,26.4,231.6,115.3,24.01
3352.0,108.3,14.69,33.97,4.74,38.5,305.7,56.5,19.41
4918.1,115.1,5.14,47.54,2.31,23.3,477.2,81.3,3.0
3291.6,63.8,14.48,46.66,6.52,42.9,393.4,53.2,21.54
2648.8,48.7,1.0,31.13,1.24,93.0,388.2,91.2,3.0
3926.4,33.0,6.97,28.64,2.6,33.5,237.9,110.3,9.36
4565.0,70.1,12.52,47.33,4.8,25.2,460.7,111.1,9.44
3743.1,42.0,11.84,21.08,3.24,69.8,326.4,27.3,10.56
4834.5,113.6,28.68,42.27,11.25,54.2,232.2,32.5,72.48
4019.0,20.4,4.52,36.96,2.48,14.3,574.7,93.0,3.0
4400.6,34.3,32.9,29.56,13.12,80.9,378.1,79.4,60.85
1013.5,44.6,10.66,40.81,4.1,74.4,387.6,109.6,19.64
3795.9,39.9,4.99,28.69,2.52,98.0,591.6,44.5,3.0
2480.4,42.6,1.0,42.57,1.14,94.4,314.9,103.3,3.0
2989.0,85.6,29.2,25.96,11.01,62.6,574.4,85.2,27.65
3443.5,52.8,13.9,36.23,4.59,71.7,462.7,31.5,11.29
4864.2,81.5,22.38,40.42,8.13,46.9,434.9,23.9,23.85
4930.6,109.0,5.71,21.27,2.56,90.0,255.5,87.3,6.29
1797.0,80.3,36.54,44.43,14.79,59.8,173.3,27.4,214.63
3801.9,89.5,4.21,50.01,2.76,39.3,347.0,97.4,4.97
3874.9,56.6,14.6,58.24,6.77,10.9,154.6,71.3,46.8
2059.2,36.0,31.82,28.13,12.92,62.8,182.0,62.5,162.64
1057.4,52.1,12.97,28.35,4.43,57.3,417.9,40.3,22.42
684.3,116.4,8.01,32.19,4.74,83.1,476.0,118.2,18.11
3998.0,82.2,27.16,55.63,12.32,26.8,225.6,89.4,86.38
2703.6,47.8,12.01,36.27,4.83,83.4,479.6,95.6,11.7
4934.9,65.1,7.27,32.07,1.04,11.4,577.4,94.6,3.0
2592.4,103.6,15.64,49.65,6.99,62.9,484.4,74.2,17.63
4900.6,86.8,5.13,21.52,1.18,45.7,503.1,113.4,3.0
2352.1,76.1,34.33,41.95,13.74,39.8,465.3,74.2,66.94
4071.6,108.5,24.22,38.01,9.99,49.0,251.1,67.2,51.17
881.7,87.2,23.88,44.99,9.16,30.1,312.4,40.1,93.97
2999.6,84.3,6.76,49.24,3.82,26.5,577.2,41.0,5.14
4109.3,39.0,24.87,33.0,10.8,82.5,447.5,91.1,33.43
4661.2,30.6,30.41,45.46,10.48,30.5,505.1,46.8,27.45
4201.6,116.5,10.76,40.97,1.85,76.3,585.9,90.2,3.0
666.4,79.9,35.19,25.36,13.33,74.0,254.1,114.8,237.37
2177.2,61.6,26.26,55.27,9.11,13.0,294.8,58.3,75.04
719.1,78.9,24.34,50.18,12.09,89.3,440.2,20.7,98.2
991.8,26.2,9.92,56.87,4.68,81.0,161.0,83.3,52.46
3538.9,102.2,7.3,48.82,2.71,81.6,407.0,11.0,5.52
3709.7,41.7,34.17,29.79,10.83,82.8,513.9,96.6,34.39
3981.7,100.5,28.92,37.22,12.11,62.4,424.7,67.8,44.91
4394.6,73.4,18.96,35.47,6.4,99.4,282.9,63.9,29.29
3827.4,47.7,6.2,21.43,1.33,26.1,475.8,72.6,3.0
4103.9,23.0,31.72,36.42,12.46,16.5,215.7,66.8,102.46
720.3,101.6,10.87,33.82,3.89,73.4,552.6,45.6,14.55
1555.4,37.6,11.62,20.16,5.75,36.5,195.4,41.0,42.68
3298.5,25.2,16.43,53.88,9.8,64.7,538.6,55.7,20.44
4361.6,95.6,11.36,25.75,2.4,45.3,374.0,108.4,6.45
520.3,55.0,4.77,40.04,2.01,40.0,342.9,24.9,11.02
2815.8,58.9,1.0,51.39,1.36,90.4,375.3,45.7,3.0
3547.8,44.7,35.13,44.18,13.83,22.8,240.1,31.2,107.64
633.2,105.9,15.58,26.77,5.36,27.0,356.0,57.0,42.9
2306.1,49.7,27.88,44.73,10.25,70.1,532.4,24.7,40.02
4530.4,41.0,39.5,50.3,14.85,80.4,510.4,93.7,42.44
3522.3,50.9,23.1,54.19,10.37,84.9,223.4,21.4,64.72
1569.5,40.3,18.58,32.75,8.35,30.8,453.0,83.2,34.36
4337.5,51.8,20.12,21.36,8.29,89.4,535.6,39.4,19.6
2066.1,28.3,18.9,44.32,6.28,64.9,518.9,61.9,19.6
4340.1,35.9,17.3,29.03,9.4,84.1,341.5,32.0,35.56
1845.2,61.7,35.56,51.24,14.42,16.2,171.6,90.3,232.64
3156.4,107.9,32.47,47.2,12.03,42.1,569.0,114.3,31.66
2286.2,25.7,20.63,50.93,6.94,57.2,328.1,34.4,41.59
1736.7,41.3,17.13,58.7,5.65,61.9,312.4,114.8,33.95
4489.5,110.8,35.94,43.38,13.37,18.9,491.8,45.8,45.54
1344.2,109.0,1.0,56.17,2.9,58.5,268.8,71.4,5.49
881.7,87.9,36.5,45.68,12.89,69.9,525.6,87.2,79.77
2038.7,44.0,13.5,27.27,4.57,42.5,184.2,31.9,34.68
3729.4,62.0,31.35,51.97,11.02,55.1,483.3,58.9,37.56
4133.4,41.1,26.74,47.75,12.29,36.3,584.6,17.5,30.35
4994.3,32.9,14.4,59.12,7.68,88.3,598.1,86.7,9.45
1833.6,58.0,15.85,29.74,3.69,63.9,565.7,55.8,9.95
2335.7,77.6,28.72,33.33,12.83,59.6,541.8,108.1,39.75
1115.7,56.0,15.2,52.86,6.15,95.0,275.5,40.1,46.19
3086.9,81.1,16.21,22.52,5.49,69.8,585.0,111.6,9.73
4989.1,49.6,23.04,45.33,8.14,35.2,567.6,25.5,17.57
3654.0,54.6,21.55,41.42,7.09,67.8,390.5,76.8,26.38
3178.5,99.1,26.96,26.75,10.56,96.5,330.9,43.9,58.28
2265.7,107.8,5.55,26.6,2.92,12.1,199.2,30.0,12.76
4618.8,52.2,20.45,52.41,7.1,66.4,415.8,20.3,21.15
2736.1,77.2,35.18,20.62,13.48,24.1,465.2,82.1,55.91
1104.7,47.8,1.0,49.87,1.5,83.5,331.8,35.6,3.0
2144.2,25.3,23.28,49.31,7.4,67.7,332.7,73.0,43.74
802.3,93.8,18.11,45.99,10.25,94.3,408.0,117.7,67.91
1408.9,37.1,35.99,36.38,13.43,70.3,162.5,44.8,199.01
579.5,62.6,21.52,21.13,9.31,11.5,581.0,13.8,61.13
2539.8,68.7,32.96,52.07,12.54,55.9,280.5,25.7,97.31
3355.4,38.4,13.0,25.03,4.12,91.3,213.4,23.1,18.69
2044.8,29.5,15.55,31.23,5.94,30.9,152.5,61.0,52.07
2391.7,54.8,35.99,57.87,14.19,17.5,535.6,91.9,47.44
4816.4,115.2,32.57,32.07,13.4,74.8,538.4,42.6,36.26
3883.8,81.5,24.41,30.21,8.81,55.2,192.9,26.0,54.87
2933.9,58.1,26.17,58.93,7.66,14.3,218.5,80.5,61.97
1780.4,23.9,14.8,23.44,7.31,35.2,351.6,43.1,37.82
4536.5,80.0,1.0,26.43,1.82,39.4,233.6,73.3,3.0
1557.9,29.2,31.79,37.53,13.49,70.1,481.1,112.7,65.96
1964.0,74.3,29.19,51.51,12.45,52.4,176.1,42.0,147.37
4590.8,95.2,17.86,55.37,7.39,53.8,397.4,66.4,22.81
2882.9,62.4,10.52,50.23,4.91,82.6,322.3,98.7,17.86
3840.4,49.9,17.96,59.05,5.8,35.1,359.2,86.1,18.78
3158.4,24.7,4.12,20.67,2.72,70.5,341.1,92.7,5.9
3440.5,22.5,28.89,44.78,11.11,43.1,218.9,95.0,89.63
1847.2,63.0,24.14,24.65,8.79,47.7,249.1,69.4,77.41
1586.2,108.3,12.79,56.41,4.28,60.0,179.2,69.0,33.82
1951.2,44.4,25.82,57.41,9.72,72.6,201.9,89.1,100.71
1199.5,77.4,38.68,32.12,14.71,95.1,590.1,86.7,62.15
4434.4,88.4,8.4,53.11,2.71,34.2,275.9,83.7,7.85
1774.6,26.1,18.02,45.21,7.42,19.3,288.2,52.0,49.84
3026.7,35.3,21.67,24.02,7.92,48.6,207.2,101.1,58.72
4063.9,53.1,11.47,44.11,3.34,59.2,489.8,36.0,6.39
4027.2,87.0,24.09,59.04,8.44,30.5,565.9,27.1,21.49
2472.7,63.9,18.68,32.32,9.48,90.1,505.4,48.0,28.6
2643.2,93.4,8.82,20.05,3.2,81.9,425.7,37.9,7.94
4976.2,106.8,6.09,59.07,3.17,54.4,516.0,83.0,3.38
3535.7,95.8,33.56,36.56,12.99,50.5,331.9,35.4,71.78
4165.9,119.2,16.51,37.24,5.36,13.7,536.8,82.2,9.82
4561.5,95.4,23.77,48.5,9.82,58.3,509.3,66.5,23.92
4044.2,105.2,22.29,44.18,9.77,63.6,150.8,26.8,68.17
1333.3,103.2,33.11,32.08,12.75,90.2,369.5,38.4,111.82
3029.8,93.0,27.72,24.0,11.36,55.1,269.1,67.4,80.58
958.5,100.2,35.65,53.09,12.77,24.2,188.8,90.6,203.32
3438.1,113.5,29.75,39.34,9.75,26.2,530.8,53.8,28.57
4799.1,67.5,21.77,46.9,7.29,24.4,153.6,35.6,52.24
2807.3,83.8,17.67,54.42,6.51,94.5,478.6,42.5,19.74
2448.4,71.5,21.98,20.71,6.31,81.4,594.7,20.5,18.35
661.3,105.1,18.49,54.38,6.86,84.2,366.9,12.8,60.45
4819.0,63.1,7.03,50.07,2.81,85.6,317.1,117.0,6.67
963.5,102.0,15.93,57.87,6.94,18.6,422.6,20.6,42.37
684.9,99.9,14.73,29.34,6.45,73.2,512.1,23.7,32.17
1607.3,116.2,5.39,32.9,1.48,73.4,258.1,105.8,6.3
794.9,44.9,14.55,46.46,4.85,30.2,262.8,83.0,52.56
2548.0,91.0,24.27,57.03,11.53,54.2,423.2,58.0,48.97
2822.4,95.7,21.56,59.71,9.09,69.6,572.9,81.4,22.4
1906.6,113.6,30.9,36.67,12.29,90.8,284.3,112.8,124.13
729.3,110.7,23.71,41.57,8.6,19.9,319.5,20.9,90.18
1002.2,77.4,31.72,26.82,12.96,90.3,597.0,36.8,60.33
2230.3,77.9,30.67,47.76,12.14,93.0,229.3,104.6,117.3
772.4,36.7,3.75,53.49,2.38,93.1,184.6,95.9,16.98
3641.9,117.5,33.02,51.95,14.68,10.4,415.4,119.4,65.09
1431.6,45.5,4.59,33.83,1.21,29.9,160.9,44.5,7.67
1859.3,92.5,25.05,58.53,9.36,72.2,231.2,113.9,90.01
2273.6,99.6,30.51,24.81,12.1,39.0,430.0,47.8,61.63
2374.7,64.1,12.44,39.76,5.65,15.5,446.8,88.7,15.61
507.5,41.1,22.86,42.18,9.38,78.7,379.7,107.1,86.46
1004.3,38.9,20.5,41.46,6.07,12.6,322.7,28.8,51.46
4382.4,105.6,7.88,50.32,1.85,50.1,409.3,32.6,3.43
505.5,71.1,4.08,44.38,1.12,95.3,439.5,73.9,4.24
2786.8,29.0,4.28,23.09,2.33,49.6,511.6,102.8,3.0
2702.8,91.7,5.33,27.19,2.38,92.1,506.7,18.7,3.86
1998.9,45.0,23.99,41.29,9.55,46.8,449.2,103.6,41.49
2441.0,107.6,22.06,47.78,8.36,41.2,552.4,47.7,24.23
4012.6,51.0,20.66,40.57,7.38,19.7,527.1,54.7,16.71
4285.4,40.0,27.74,34.22,10.69,42.2,210.0,47.4,81.05
1671.6,28.5,3.73,22.05,1.24,40.3,580.5,110.3,3.0
1951.2,71.2,11.49,51.44,4.79,86.2,551.3,24.4,11.85
1591.2,65.1,35.47,39.89,11.88,92.8,294.4,73.2,127.1
2659.4,95.1,31.93,41.55,13.74,12.0,159.1,26.3,157.94
3574.7,66.5,14.54,38.76,7.14,18.8,421.8,112.1,19.42
1527.1,54.4,2.01,30.61,2.14,67.9,347.3,97.8,4.32
1988.3,46.2,28.96,31.05,12.18,53.6,487.3,35.7,54.56
4686.7,47.8,35.62,22.54,13.39,36.7,386.1,42.8,55.66
718.6,112.8,15.89,48.3,6.79,33.4,184.4,52.0,92.71
2573.5,36.5,16.57,30.87,4.41,30.2,260.1,54.6,27.78
3702.0,118.8,5.69,31.94,1.62,57.3,547.1,99.9,3.0
1177.0,52.7,26.66,59.74,9.28,11.6,167.0,72.1,138.63
713.2,28.8,31.32,35.43,13.74,76.5,481.5,57.1,99.47
1121.9,44.9,23.9,40.43,10.49,37.0,281.4,89.1,102.46
4634.7,25.8,14.79,35.46,5.44,48.4,353.7,60.4,16.57
541.7,99.0,26.45,31.61,10.0,57.4,389.0,24.1,114.52
1347.4,71.3,30.56,20.23,12.65,29.0,262.5,21.8,127.49
640.8,53.7,20.5,54.2,7.66,89.5,443.4,45.9,59.19
997.8,86.2,32.46,38.93,12.48,71.4,462.0,76.3,86.03
3290.7,83.1,12.66,48.8,6.49,88.3,188.3,24.8,35.54
1587.4,114.0,14.5,58.35,5.88,52.8,318.3,70.5,36.12
3061.5,116.1,21.52,20.11,9.16,48.9,485.0,39.7,29.66
3155.9,88.1,17.85,47.0,7.51,31.3,474.7,86.5,18.94
4322.5,101.8,36.98,24.75,14.68,59.0,395.1,13.1,63.66
521.3,99.2,19.41,38.32,8.23,63.4,500.0,61.6,53.35
4340.2,69.1,10.69,53.87,6.39,47.8,198.4,15.7,26.51
3286.0,90.4,16.31,22.86,6.53,23.1,203.2,46.4,43.24
1232.3,27.8,18.75,59.58,8.67,34.6,445.9,11.7,47.89
3978.2,95.8,17.22,43.23,5.97,11.3,462.0,61.6,16.32
4349.7,116.2,29.99,35.8,11.12,38.7,516.5,94.4,27.82
1644.2,28.5,10.03,20.78,6.33,62.3,231.5,21.0,36.69
4634.6,103.6,14.35,43.47,6.38,96.0,382.5,90.9,17.2
2545.1,113.3,25.23,39.8,9.64,26.0,447.4,74.3,36.61
3215.4,42.6,2.03,28.61,1.85,15.0,250.7,65.5,3.77
4930.9,72.5,27.75,39.62,10.17,36.7,382.6,75.9,32.42
2126.9,112.8,23.71,20.51,8.07,24.1,437.3,46.9,34.91
4159.2,116.0,18.4,59.98,7.34,72.6,246.5,88.1,40.47
1932.8,32.8,25.14,33.28,11.07,10.5,319.0,95.8,76.02
4096.5,54.9,21.78,39.21,11.62,98.3,247.4,95.6,69.87
3203.3,89.8,33.99,51.39,12.85,87.0,556.3,39.6,44.78
1473.6,42.2,22.38,48.51,6.25,54.2,256.6,81.9,58.42
2363.1,52.5,20.22,55.54,5.58,92.9,204.4,26.3,45.85
1929.4,22.3,26.72,57.65,11.0,66.5,165.8,64.5,147.85
851.5,35.4,19.76,27.57,9.15,99.4,170.2,10.3,122.33
634.3,76.2,27.16,35.62,9.85,35.0,236.2,31.3,156.83
2059.2,85.3,21.81,47.47,8.78,99.7,423.7,79.5,40.53
585.7,84.9,30.62,21.8,11.82,26.2,157.9,106.2,306.1
1244.7,97.8,11.33,48.68,3.66,41.8,279.0,15.4,22.96
3763.3,61.5,22.47,20.2,8.78,94.2,176.2,71.4,65.5
3686.4,47.3,12.48,56.56,3.21,43.3,331.6,80.0,11.88
3823.6,21.6,20.61,48.73,6.7,28.9,171.9,112.6,49.53
1927.2,40.7,24.11,42.62,10.3,15.4,423.4,82.1,52.41
4505.1,51.2,17.41,37.16,7.9,23.4,459.8,21.3,20.79
3172.2,37.8,9.03,59.52,6.31,42.0,479.1,26.1,14.4
1067.1,22.0,31.76,49.46,13.39,47.9,251.0,79.9,170.3
1146.7,35.7,25.91,52.29,11.82,58.8,540.8,33.7,55.38
3618.9,86.6,22.5,53.02,8.37,83.2,460.6,112.1,25.84
1278.2,83.0,33.88,20.87,14.3,11.2,175.5,111.3,221.29
2782.8,113.6,17.28,22.19,6.94,85.7,348.3,114.4,30.43
4963.0,99.8,32.11,27.93,12.03,62.0,495.5,42.2,37.27
518.0,76.8,10.9,46.21,3.35,78.1,289.9,88.9,29.9
574.6,33.8,13.15,44.96,5.0,78.1,321.7,82.9,46.73
4968.9,76.4,20.25,33.01,5.73,91.3,433.3,13.9,17.65
3130.9,26.2,9.92,58.92,2.48,18.4,175.0,39.2,13.28
1071.1,63.1,19.21,23.72,8.03,61.4,585.1,32.7,30.06
4537.9,59.0,9.38,51.07,3.69,91.8,228.5,50.8,13.49
4461.7,62.8,27.09,39.24,9.88,74.7,162.0,114.8,77.9
2912.9,48.0,11.03,36.75,3.66,18.7,152.4,103.0,24.63
3298.1,88.6,4.91,21.02,2.73,65.3,329.8,42.3,6.08
1729.3,104.1,38.19,49.11,14.57,82.0,547.9,68.3,61.0
727.3,96.9,29.27,50.86,10.22,34.7,518.9,31.1,72.97
3175.6,82.8,38.0,32.76,14.11,66.9,560.4,40.5,50.04
1826.4,73.8,24.7,40.68,7.86,85.6,390.2,17.2,46.28
3486.3,23.1,11.58,44.26,1.47,57.1,351.9,80.7,4.93
4263.1,92.3,27.98,34.71,9.04,27.5,323.6,82.3,47.54
581.7,74.5,23.3,44.62,8.82,59.5,170.9,102.2,174.96
3180.7,47.1,4.16,37.37,1.21,62.9,559.3,105.9,3.0
1540.8,52.8,26.54,55.12,13.06,46.3,373.3,27.6,86.48
4432.5,113.6,24.3,48.74,9.68,71.2,354.8,91.7,35.9
1641.5,82.4,29.84,24.42,11.43,49.0,381.8,24.8,79.13
3248.5,67.6,20.33,51.98,7.91,89.0,507.4,51.1,20.07
2990.9,82.1,18.55,33.5,9.66,81.2,251.0,66.7,59.62
2282.7,61.4,11.73,57.42,4.6,82.4,469.5,15.4,12.73
3549.3,67.0,37.59,44.13,14.63,57.3,469.8,27.2,60.68
3766.0,49.0,14.13,21.1,6.61,27.7,532.3,39.8,12.12
3051.2,64.0,10.02,49.37,3.27,75.2,153.9,24.0,18.82
3912.9,88.6,7.4,25.23,1.78,16.2,226.7,112.8,6.41
4925.4,24.0,28.14,55.09,9.91,56.6,362.0,41.7,38.73
2386.7,99.5,41.1,57.93,14.77,14.8,532.7,65.1,62.43
2815.6,48.3,32.01,47.81,13.54,57.6,584.3,119.6,34.82
556.1,88.3,27.46,41.31,10.83,71.7,417.7,72.3,106.27
4082.1,84.3,36.84,44.08,14.87,47.7,245.5,55.3,108.21
2841.0,85.3,29.52,37.15,11.12,47.5,233.1,112.3,95.87
2335.8,80.8,16.84,23.34,5.75,21.1,437.7,34.5,21.96
923.3,115.9,27.93,57.15,9.42,37.2,244.5,29.7,127.98
4503.5,70.8,1.0,33.17,2.12,50.0,398.9,68.9,3.0
2277.5,93.2,12.69,32.51,4.1,87.7,525.7,57.0,10.27
3571.6,90.5,19.21,27.65,6.85,90.8,325.4,97.7,28.67
1172.2,43.6,10.09,59.7,3.83,95.8,320.3,14.6,20.22
4827.0,48.3,28.21,57.7,14.35,19.0,166.3,77.9,112.03
1303.0,62.4,36.18,33.98,14.94,36.7,264.3,88.2,193.1
1397.9,47.8,14.11,30.4,6.19,51.7,464.2,116.9,21.71
4365.4,56.7,32.17,52.21,10.93,67.8,312.2,26.0,59.93
4606.6,59.1,18.56,36.9,6.71,73.3,221.2,37.1,34.72
1454.7,80.4,6.41,58.71,2.95,80.7,197.6,112.6,17.89
2614.1,42.0,8.99,56.05,5.72,54.6,192.8,79.4,33.22
3800.7,100.4,13.59,50.38,4.27,60.1,446.6,14.2,10.81
4452.6,63.8,16.95,23.6,5.59,96.5,425.7,18.5,17.56
2205.7,90.6,10.58,48.09,4.01,31.6,383.3,96.4,13.5
2826.6,28.1,9.73,59.49,2.57,82.3,375.1,72.4,7.69
3837.7,67.0,10.26,34.93,4.04,74.1,218.9,72.2,19.27
3790.1,22.8,36.67,55.26,13.68,22.6,375.3,106.8,68.43
4023.3,87.6,10.02,36.33,2.19,93.4,177.0,36.5,10.9
3064.7,54.4,9.84,58.85,5.55,87.0,566.6,27.6,8.96
970.8,114.9,17.13,46.14,8.4,80.2,176.1,77.5,108.38
4567.9,52.4,21.81,23.86,5.96,21.4,340.6,107.1,23.87
4395.1,76.4,23.76,39.16,8.25,22.6,150.3,39.2,65.91
4091.4,45.7,1.91,21.99,1.61,71.5,503.8,84.9,3.0
949.4,82.0,20.47,35.8,10.08,19.7,224.8,26.8,120.97
1419.8,66.7,23.07,56.62,8.89,20.2,566.2,28.9,37.43
3846.2,57.1,22.8,29.29,10.53,46.0,169.8,109.2,85.28
604.1,40.4,21.62,58.02,8.94,10.5,519.4,23.0,54.55
4906.5,31.2,18.26,24.0,7.13,74.9,445.5,12.7,20.75
2197.2,32.0,15.3,46.59,5.9,58.6,262.4,95.2,35.08
3736.9,119.9,14.97,58.63,4.17,17.0,241.1,49.9,20.94
4494.1,61.2,25.91,46.17,8.0,58.9,311.0,53.6,38.24
2275.8,20.2,3.7,55.96,1.36,14.9,522.8,98.0,3.0
1936.1,115.3,11.48,59.64,5.6,16.4,537.9,29.8,13.6
3239.3,22.0,27.29,45.67,10.49,53.7,228.9,81.5,72.24
3114.5,61.9,12.7,51.29,2.52,55.0,309.1,44.5,9.56
2341.1,91.7,5.12,21.28,1.88,40.5,256.9,21.5,6.5
3208.0,111.5,27.85,37.09,10.13,66.0,205.2,85.6,79.03
4709.2,91.3,14.6,31.53,6.57,44.9,440.9,45.1,14.57
2604.4,66.4,30.18,52.97,12.23,62.8,305.6,105.3,86.13
1385.3,117.4,31.0,47.1,14.12,41.5,251.4,111.1,155.07
2197.4,23.9,35.15,44.58,14.4,74.3,539.7,103.4,50.92
2273.5,118.7,17.65,57.26,6.96,62.1,486.7,45.5,22.4
1090.0,104.9,14.64,23.55,4.7,24.4,498.2,36.0,19.94
1232.9,112.9,29.23,58.15,9.52,71.8,167.6,108.2,143.73
3580.5,45.5,23.36,24.03,9.79,80.6,561.8,59.8,22.44
2027.6,34.2,18.34,33.88,9.71,15.9,408.6,87.9,42.46
4797.0,86.3,14.05,45.21,5.5,64.9,376.7,101.0,14.0
1596.2,71.6,7.25,33.66,1.89,81.1,154.8,40.5,13.14
945.2,72.3,11.67,47.3,3.94,20.3,553.9,23.1,14.11
3890.8,112.5,8.8,51.02,3.16,91.1,394.8,78.7,7.16
4464.7,82.0,12.75,53.14,2.73,47.3,521.3,74.9,4.73
1751.5,51.1,34.53,27.17,13.97,76.4,445.0,39.7,80.71
1409.4,60.0,4.43,27.28,1.19,90.9,508.5,74.3,3.0
1335.9,33.3,21.35,22.09,9.43,99.1,461.8,96.9,46.5
2849.1,39.2,29.57,39.63,14.26,62.6,564.4,48.5,43.83
2607.9,34.3,16.88,25.5,6.04,73.4,251.5,36.7,36.84
1667.5,101.0,22.01,32.74,8.38,32.7,240.9,89.8,81.17
703.3,90.5,23.53,53.62,10.74,36.1,470.6,96.4,72.96
2666.7,73.0,14.38,57.95,5.44,86.6,375.6,115.0,18.43
4817.0,57.4,19.25,52.88,7.69,45.8,419.6,26.2,21.27
3436.3,86.8,28.74,20.03,12.44,84.0,468.8,107.8,41.13
2729.8,101.3,25.92,42.72,11.43,14.6,396.3,94.2,52.08
998.1,108.1,31.55,26.67,12.32,29.6,504.5,87.2,72.8
1636.0,74.7,35.41,35.03,14.82,25.3,293.5,44.4,137.42
1826.5,102.0,14.45,37.12,6.18,57.4,536.5,12.4,22.6
3941.6,71.1,25.77,57.72,11.46,17.2,198.5,65.8,84.2
4445.2,67.5,23.32,45.35,9.44,40.9,435.3,41.4,29.1
4557.4,106.5,28.54,30.71,10.33,98.8,550.6,41.9,24.25
4930.6,58.6,28.74,45.71,11.36,81.5,263.7,112.0,61.09
4920.7,59.6,27.73,58.07,11.5,78.5,297.1,26.8,54.8
4788.5,50.5,33.75,22.37,13.4,22.2,287.4,112.8,76.94
823.2,71.9,19.64,52.64,5.89,42.8,403.9,65.4,41.74
1120.1,74.5,26.81,28.68,10.15,71.3,335.8,102.2,98.2
1870.1,86.0,14.11,26.12,4.92,11.9,198.6,41.2,37.64
2988.0,63.1,25.36,55.95,9.32,49.1,551.1,79.7,24.11
936.4,41.8,28.01,20.07,11.52,93.6,242.1,71.2,163.9
4306.1,106.7,30.32,49.64,12.07,17.4,390.3,111.7,48.06
3275.4,54.6,16.36,23.49,6.88,91.6,417.7,29.7,22.75
2940.6,112.3,16.03,44.72,8.12,27.5,168.3,32.5,53.66
1243.9,40.7,16.08,44.84,5.67,27.0,193.1,114.4,57.27
1639.6,76.0,10.78,54.51,3.37,27.6,587.3,20.8,8.72
1221.4,73.7,11.83,52.9,4.65,93.8,449.0,79.8,17.83
4333.7,102.9,36.78,47.41,13.77,64.3,165.1,16.7,110.39
3129.0,33.9,12.08,35.22,5.33,77.6,507.4,18.5,12.65
3808.1,111.0,30.37,26.66,14.65,43.0,378.8,75.7,66.0
1832.1,73.1,9.98,45.43,4.38,88.6,183.8,70.7,30.05
2170.6,78.6,22.96,39.88,11.12,62.4,456.3,73.0,43.07
2321.8,71.0,23.79,23.12,9.03,64.0,374.7,62.1,46.9
3920.1,23.6,24.48,58.22,10.76,77.7,242.2,91.7,64.22
3975.6,69.7,27.99,32.58,10.02,79.6,545.0,119.1,22.86
1430.7,46.4,29.95,20.09,10.89,71.4,281.1,40.3,110.11
4736.9,54.3,30.68,56.07,13.68,20.7,278.1,45.6,75.9
1042.9,84.9,20.02,43.08,8.89,88.0,272.7,45.5,84.39
4532.5,69.8,8.09,49.32,1.95,33.5,495.4,94.0,3.0
951.8,29.3,15.96,26.11,4.79,99.7,467.8,48.3,22.55
1690.4,27.3,21.07,36.18,10.92,44.7,556.4,84.4,33.35
4309.2,38.6,21.05,45.8,7.92,20.8,253.2,59.0,46.09
1307.7,39.1,15.37,30.04,8.68,38.4,503.9,76.9,31.91
2361.1,80.8,21.86,48.06,9.35,61.6,407.9,101.2,37.87
2524.4,37.8,19.9,29.34,6.36,45.2,288.9,66.5,39.39
1603.7,108.2,38.25,28.37,11.83,84.6,166.0,62.3,178.68
3696.1,41.0,26.88,20.46,11.13,71.4,518.5,39.4,32.07
4331.0,29.1,23.56,31.28,11.0,29.2,258.5,66.7,58.78
4435.6,107.6,25.79,29.87,11.01,58.5,434.3,38.9,39.65
2026.9,49.5,33.17,50.57,13.47,80.9,397.0,102.8,76.03
2888.8,62.5,21.46,42.79,9.34,90.2,152.0,52.8,86.02
1617.8,115.9,32.67,27.11,14.54,45.5,597.5,24.2,60.34
1601.6,114.4,6.86,42.73,2.67,93.2,516.4,36.4,6.22
1225.6,91.5,25.84,29.02,9.85,13.2,368.9,68.8,74.94
4730.1,26.9,26.88,37.02,11.04,70.9,456.2,110.8,33.73
4495.9,79.3,17.02,55.53,7.68,80.4,364.5,43.1,25.76
3998.1,118.9,11.57,48.77,5.03,48.3,485.1,39.1,9.7
2829.5,114.7,20.77,46.04,8.7,11.0,210.4,54.7,74.17
2707.7,30.6,13.05,31.26,6.11,71.8,350.9,116.5,23.89
2883.9,59.6,31.45,24.98,13.73,40.8,301.0,103.0,90.8
2914.6,51.6,17.72,50.12,6.0,23.7,356.8,26.5,25.49
2455.5,33.0,9.27,42.72,3.46,24.1,352.7,77.5,11.95
1092.9,89.5,17.6,44.91,9.07,79.2,214.4,97.1,103.99
1065.5,47.4,20.13,59.0,6.54,26.9,589.4,94.5,22.55
4785.1,54.5,8.64,33.93,2.34,53.6,157.0,63.8,10.95
2669.1,29.0,18.34,52.03,8.91,97.3,154.5,90.5,82.97
4789.4,69.8,20.52,42.36,8.53,78.3,318.0,74.2,32.74
1236.1,35.8,7.5,29.41,3.42,59.2,429.2,32.2,12.97
2994.9,63.2,25.57,22.12,9.37,57.5,230.8,16.2,71.46
1434.7,34.3,21.45,44.64,8.94,25.1,389.9,50.6,55.15
1639.3,115.4,28.99,31.9,11.83,50.2,475.2,16.8,64.71
635.2,34.5,15.37,47.82,6.06,23.0,192.3,53.5,87.1
1035.3,72.2,7.87,48.03,4.48,17.5,593.0,101.2,9.24
4625.8,39.7,39.15,38.22,14.32,19.8,301.5,102.9,84.79
1946.9,27.6,24.36,41.46,8.86,64.6,439.1,13.7,39.64
3236.6,40.2,2.93,45.06,1.38,27.4,199.8,17.6,3.69
2592.6,25.5,31.3,38.74,12.49,23.4,469.3,83.7,53.49
2302.0,33.9,13.56,55.09,3.75,88.0,528.2,65.0,8.17
2893.5,69.3,29.78,23.04,12.0,21.0,197.4,26.4,109.12
1342.6,85.2,31.68,59.19,10.87,73.5,206.6,98.6,150.53
4948.7,28.7,44.25,21.34,14.56,47.5,276.5,33.8,93.43
4182.4,64.1,35.01,28.32,14.52,62.1,155.4,18.6,128.28
3837.3,78.1,11.39,48.33,4.84,12.1,593.7,92.4,5.82
2609.4,43.4,26.01,23.4,11.73,10.0,419.3,76.9,51.05
1187.9,57.2,7.86,30.49,5.44,83.6,423.4,53.4,19.35
4643.0,27.2,28.3,26.16,9.81,52.8,581.5,86.2,19.47
2036.2,42.0,22.49,48.94,9.37,16.4,524.4,110.3,27.69
725.5,66.7,8.68,43.16,1.76,40.9,516.4,13.8,7.57
2040.8,119.0,7.7,22.58,1.07,55.6,302.8,79.0,4.48
4075.1,119.6,2.92,38.41,1.81,22.2,300.7,34.0,3.15
3302.2,118.0,5.63,28.34,2.79,59.2,281.3,62.2,7.86
3878.8,62.3,17.83,58.71,4.61,57.6,306.0,56.6,22.49
4071.4,28.1,33.29,24.32,13.7,64.3,316.3,52.9,72.42
1453.8,52.4,19.02,43.92,8.26,82.9,213.0,30.9,81.27
4657.0,43.8,26.82,39.27,12.16,47.2,310.2,98.3,58.9
2471.0,21.4,30.87,43.12,12.74,90.0,351.0,51.7,85.89
3375.6,29.5,32.49,58.26,11.29,52.7,289.2,107.6,76.61
510.4,65.3,18.96,33.65,6.48,51.1,224.4,49.0,105.99
4970.2,54.0,32.66,49.95,13.09,69.0,318.0,102.4,66.83
1764.0,38.0,32.96,37.9,11.39,65.6,366.4,69.9,76.78
779.3,91.6,32.42,46.43,11.4,11.0,474.3,52.4,82.96
2562.2,55.7,34.33,34.63,13.62,98.4,470.1,87.4,56.98
1080.6,105.2,31.91,29.08,9.38,94.8,241.2,96.5,135.09
1185.5,44.1,20.58,23.34,8.4,35.3,166.5,63.1,113.66
3345.3,73.8,36.26,24.07,13.46,60.3,286.7,56.8,93.78
2268.2,38.4,17.75,58.38,7.36,79.3,220.7,73.5,59.25
4648.3,69.5,33.14,51.54,12.36,92.8,328.1,74.4,55.67
1936.2,35.2,5.29,29.8,1.75,62.7,590.7,56.8,3.0
3767.8,36.2,5.73,41.17,1.02,11.7,231.5,93.3,3.0
2574.9,81.2,28.48,48.57,8.4,71.3,293.5,54.0,61.83
3469.8,46.4,9.53,34.1,2.03,18.4,476.3,59.8,3.88
3198.6,37.2,37.18,37.6,14.67,70.4,379.1,76.6,82.7
2627.5,113.0,2.15,48.74,1.08,62.9,169.8,118.6,3.15
4775.3,24.3,27.99,29.1,11.05,67.7,222.8,38.7,72.6
2042.2,76.5,9.11,41.05,4.41,27.0,570.9,35.5,8.75
1297.6,74.8,38.12,28.4,14.55,54.4,196.4,29.5,220.87
3551.4,45.1,19.17,20.12,6.34,65.6,435.8,85.8,19.42
4307.0,65.3,4.64,47.61,1.38,37.0,506.5,59.4,3.0
681.1,28.8,10.16,48.29,1.38,26.3,269.4,52.7,13.01
2523.3,92.1,26.69,59.83,8.75,30.0,476.3,32.4,31.97
4516.2,42.2,36.52,27.24,14.81,87.2,226.5,108.0,111.98
3873.3,39.3,37.55,49.58,14.72,51.8,278.1,58.7,101.87
4963.1,51.5,13.39,57.92,5.72,69.5,290.3,76.8,20.05
2891.4,110.2,19.03,45.78,7.76,56.3,598.4,22.4,18.89
3470.0,99.6,4.3,58.53,2.41,85.1,246.6,21.9,6.04
1861.2,114.7,19.68,59.78,8.31,55.8,208.1,17.4,74.02
4763.9,85.2,23.3,52.06,9.4,18.4,566.6,50.4,18.66
2148.5,86.3,7.4,59.97,4.51,27.8,222.9,62.0,24.94
3823.3,68.0,25.74,45.03,9.57,11.2,545.7,36.9,25.56
2314.1,110.5,36.34,39.88,13.6,84.8,442.7,48.5,69.3
3028.2,71.1,4.31,56.71,1.01,69.7,409.6,10.7,3.0
3739.0,55.5,3.58,53.24,4.21,78.3,488.1,48.6,4.71
2790.2,84.0,10.3,24.4,3.94,74.4,476.7,23.1,10.18
4581.9,74.6,4.11,32.11,2.73,84.2,199.7,24.1,6.52
2386.9,32.4,7.82,30.43,3.33,98.8,599.8,10.5,5.93
3411.8,59.3,28.81,54.21,9.76,68.8,573.9,86.6,23.71
2040.6,51.3,1.0,29.33,2.44,32.7,553.5,112.4,3.0
2336.7,104.7,25.63,32.16,11.34,19.1,430.0,78.4,50.66
2480.2,57.9,35.35,40.75,13.42,63.1,385.3,20.6,83.16
1066.1,102.2,32.03,23.04,13.97,79.4,391.3,118.9,118.47
912.8,64.2,23.22,58.45,10.24,60.5,156.7,117.3,162.85
3503.7,95.4,16.75,39.64,3.76,37.3,374.8,61.5,13.39
3449.8,33.5,8.18,27.62,2.19,74.8,430.7,21.9,5.09
3483.1,112.5,14.57,30.83,4.25,50.3,446.4,89.3,10.99
588.9,68.1,36.76,51.92,14.47,35.8,299.5,115.8,221.34
1969.5,46.0,35.77,45.36,14.47,85.7,362.1,95.7,101.21
1390.1,44.1,20.39,38.59,6.35,61.9,436.3,78.7,32.53
4001.7,46.5,20.51,33.26,5.56,35.5,342.7,77.2,24.45
4372.8,56.7,15.67,56.03,8.14,39.6,583.0,117.6,10.83
1610.1,91.8,13.59,50.9,5.08,61.4,467.4,18.0,19.75
3505.3,115.0,35.72,48.72,14.72,48.1,150.6,26.5,140.25
1082.1,86.9,10.14,37.84,4.1,24.4,160.5,101.4,43.05
1738.2,74.7,19.13,59.25,6.17,64.9,460.6,26.0,27.35
1123.9,64.9,18.9,48.4,7.01,72.0,335.7,52.2,51.73
1775.8,102.8,14.1,36.94,2.75,10.0,527.8,41.0,8.29
3536.3,105.0,19.93,58.42,6.36,58.3,227.9,36.8,40.39
4596.5,49.3,35.98,55.83,12.99,61.9,156.2,12.8,103.73
1411.4,115.3,5.22,49.6,2.97,39.9,324.6,72.3,10.08
2939.4,59.5,20.69,50.68,9.18,40.5,481.2,54.1,30.03
3656.3,100.0,15.22,36.95,6.69,38.6,587.3,70.7,11.44
4788.2,116.7,13.76,40.29,3.39,50.1,547.6,43.5,5.74
3245.3,90.4,1.8,27.66,1.17,83.1,367.8,113.6,3.0
1648.0,36.2,10.29,43.82,4.83,52.2,515.8,75.0,12.72
3314.7,78.6,2.93,34.8,1.87,99.4,181.6,115.7,6.03
1942.2,31.9,24.69,33.9,6.27,43.9,407.5,48.5,32.32
4892.6,98.9,29.96,57.93,12.34,72.9,565.9,10.3,35.12
2298.5,48.1,29.06,26.59,11.08,59.4,328.4,95.9,69.84
3584.4,89.5,31.38,53.2,14.26,78.6,582.0,101.0,32.09
604.5,111.0,20.93,31.26,6.98,90.0,249.3,16.5,87.88
2300.3,38.1,21.77,21.15,10.91,56.1,197.5,78.8,98.68
4438.0,59.3,22.79,21.62,10.31,54.5,386.1,82.7,35.36
3246.0,84.7,9.09,37.17,4.04,94.8,558.3,26.0,7.08
2497.7,62.0,14.73,38.18,5.25,94.0,290.1,70.8,25.9
4711.7,37.5,18.98,32.81,8.42,99.7,510.1,36.8,18.48
4342.9,22.9,34.52,46.75,12.15,24.1,226.1,11.8,77.17
1950.0,60.7,20.68,39.41,7.47,10.3,485.5,105.4,26.8
2950.5,84.9,9.56,22.96,4.19,49.4,400.7,64.1,10.2
2704.2,77.4,39.28,33.92,14.91,76.0,228.8,96.0,151.14
3344.9,35.6,6.84,24.08,2.62,16.6,473.1,89.5,4.23
2003.5,65.1,33.31,22.52,14.38,43.6,471.2,119.3,67.67
1598.9,56.9,33.04,28.33,12.33,62.3,381.9,58.2,80.63
4607.0,47.4,23.95,48.02,12.74,29.1,251.5,57.0,72.09
4657.4,92.9,32.1,47.84,12.13,75.8,209.5,41.0,84.78
4295.0,51.0,8.86,54.46,3.91,30.7,580.8,78.8,4.61
4901.9,74.0,22.53,50.26,9.86,85.7,445.1,63.5,24.45
3852.5,112.3,34.54,41.42,11.59,41.3,514.2,90.2,32.49
3941.0,73.9,26.72,32.5,11.44,63.9,463.6,49.2,35.74
3931.7,81.7,15.91,20.23,4.8,59.0,523.3,24.4,11.6
2662.7,27.3,10.97,45.89,3.54,36.7,223.1,104.9,19.86
2554.0,37.8,16.01,31.59,5.59,49.5,373.6,101.1,22.61
1581.0,30.1,19.0,30.0,7.72,86.1,450.2,48.6,32.55
3401.7,96.5,21.87,58.99,9.03,59.4,196.5,85.9,63.63
1801.9,103.6,35.83,26.97,12.72,15.0,217.5,64.2,155.54
1660.1,38.6,31.85,21.3,11.77,74.2,435.3,93.7,69.36
3136.8,41.9,24.57,57.98,10.47,26.4,540.9,52.9,28.54
2344.9,52.3,9.65,32.24,4.69,53.7,447.2,68.9,13.04
1484.9,79.1,17.97,35.74,7.7,52.2,166.3,16.4,73.86
4172.3,82.2,18.05,23.24,5.7,53.8,586.7,29.2,11.29
4372.6,88.7,15.4,36.16,4.29,12.8,212.8,96.0,20.55
1254.6,110.5,6.29,58.89,1.14,34.5,254.7,52.0,6.13
533.8,49.5,10.38,47.76,5.75,14.6,588.7,13.9,28.99
2012.6,85.9,14.81,38.95,4.59,47.3,497.0,28.4,13.86
4088.8,76.0,26.63,32.3,9.01,65.9,571.5,55.3,20.97
4276.3,50.6,6.83,34.64,1.87,68.9,513.0,89.0,3.0
1122.5,110.7,18.95,44.45,4.79,15.8,443.3,50.0,24.7
3984.5,29.5,1.78,30.18,1.63,20.7,278.0,92.0,3.0
1020.7,91.2,27.01,26.08,9.98,69.5,297.1,104.4,115.63
2255.3,92.8,19.54,47.85,8.95,57.8,576.3,47.5,23.6
4993.7,111.5,18.34,54.78,5.72,85.0,537.3,98.0,10.48
1366.7,71.9,10.88,56.06,3.06,28.5,311.8,24.0,15.22
1192.8,52.2,40.55,53.66,14.41,20.8,318.0,55.7,166.96
2402.6,102.8,24.62,41.22,9.18,42.6,284.0,20.7,62.66
3288.5,97.1,24.96,51.55,10.51,67.3,296.8,15.8,53.79
4698.1,70.0,19.94,57.05,8.44,53.7,537.3,17.1,18.85
4913.7,96.8,29.52,20.93,12.29,18.9,154.7,21.5,94.0
813.4,46.8,31.63,36.48,13.55,16.4,346.2,101.9,146.63
1121.0,79.0,20.66,28.17,6.36,71.0,574.3,69.8,24.19
4058.3,106.5,30.35,59.87,10.66,36.7,394.2,114.2,44.19
1717.8,51.8,7.21,57.18,4.22,70.3,352.7,69.2,14.94
4481.8,68.4,25.4,52.09,10.13,36.5,290.6,79.2,50.84
3485.5,115.1,17.34,31.84,6.59,38.3,183.3,30.3,42.74
1003.3,99.8,2.17,58.08,1.09,28.9,251.0,69.5,4.06
4246.4,108.7,36.38,21.17,14.38,98.5,190.7,52.4,126.34
1293.6,58.5,36.65,27.52,13.16,11.4,207.0,112.5,195.76
2405.7,119.7,16.34,44.67,5.07,21.5,223.6,112.7,37.84
2984.8,35.3,40.47,51.72,14.97,85.3,285.9,31.8,119.6
2753.4,71.9,12.36,55.35,5.44,22.4,155.0,78.2,39.69
3587.7,67.9,19.18,32.02,7.42,35.3,577.6,80.2,14.09
3437.1,99.8,29.41,35.63,12.92,33.7,205.7,71.9,109.61
4964.2,110.9,14.83,38.19,5.26,72.7,322.4,23.7,15.5
4997.4,93.1,19.8,21.08,7.31,47.0,545.8,81.9,13.32
2824.1,82.7,28.61,54.56,10.32,85.7,198.0,97.9,104.4
928.4,62.7,12.44,33.52,2.83,77.3,367.6,48.0,17.22
3775.3,71.0,19.97,27.97,6.91,57.8,530.2,66.6,15.49
4895.0,70.9,11.68,36.37,5.33,32.4,400.6,22.8,12.17
1932.5,22.0,22.04,48.42,10.47,81.3,244.7,112.4,90.81
2575.4,70.3,10.24,54.84,2.9,87.9,481.0,22.0,7.18
2411.5,105.6,16.3,28.62,4.26,85.3,456.6,32.9,15.19
731.4,90.9,27.13,26.9,10.96,14.7,313.0,42.8,124.6
3525.2,99.6,4.75,57.75,3.19,72.8,170.8,100.8,11.68
2090.0,59.0,24.14,42.04,6.91,73.4,153.5,87.1,77.71
4043.6,72.9,28.72,34.63,10.98,94.9,521.4,10.8,39.25
4244.5,23.3,29.46,27.97,11.72,33.7,294.7,30.2,62.46
4195.5,58.3,3.85,59.81,2.33,80.8,212.0,92.5,6.06
2375.0,67.4,31.78,48.77,12.93,72.0,383.3,54.4,66.2
1947.0,45.5,29.67,28.72,11.14,89.1,564.4,12.9,46.47
3869.7,23.1,16.73,23.65,5.75,72.4,153.8,116.0,42.2
4106.3,89.0,26.85,27.97,11.69,86.7,175.3,26.6,89.12
2710.7,63.5,27.58,29.91,11.2,42.4,337.7,66.2,62.6
4518.6,61.6,21.8,24.44,9.41,24.2,454.2,37.3,25.76
1147.6,45.0,27.28,29.19,8.82,42.7,364.2,91.1,77.85
4455.8,73.8,30.64,24.67,11.29,83.4,553.9,95.4,29.23
932.4,63.8,34.9,35.11,14.99,21.8,169.8,53.7,304.51
1190.9,67.4,19.42,39.45,9.1,67.4,303.1,82.4,80.81
2902.3,78.1,31.17,38.21,12.32,98.9,308.1,110.0,88.38
803.8,20.6,26.79,53.17,11.42,90.6,303.1,99.6,149.68
737.6,110.8,30.6,30.16,12.98,70.4,369.5,55.6,134.54
502.3,27.1,31.63,55.48,14.36,81.3,505.8,58.6,115.53
2463.4,65.1,7.48,56.32,3.7,20.5,293.0,107.6,14.92
3985.8,40.7,10.12,58.39,3.32,54.9,485.0,13.8,6.49
656.8,72.4,22.38,27.24,9.21,57.9,215.9,12.5,124.3
3435.2,48.0,26.26,29.83,7.29,80.4,402.3,32.6,28.66
4204.1,106.0,24.46,44.95,8.99,35.4,318.8,101.0,41.72
1256.0,59.6,26.54,25.64,12.17,19.6,392.6,26.9,77.99
1160.9,83.9,29.69,23.42,14.04,72.8,198.5,41.4,184.8
4373.6,44.9,18.94,22.95,6.84,54.3,579.1,79.2,11.24
4204.1,21.9,26.23,44.25,11.05,85.8,557.8,30.3,26.06
2925.2,60.4,14.63,52.19,3.76,53.3,521.9,43.3,9.25
4186.4,73.6,22.36,30.36,8.48,86.2,551.8,61.4,17.95
917.4,66.0,1.0,57.34,1.31,55.7,216.0,35.1,3.67
2275.2,116.2,17.46,51.68,8.05,80.4,376.7,119.2,36.2
3820.1,90.7,19.83,23.1,8.63,74.9,293.1,28.0,39.87
1658.5,119.6,29.31,36.29,11.3,33.9,549.3,103.5,43.83
3885.5,49.5,22.06,22.72,10.09,37.8,235.2,61.7,62.56
2768.8,98.9,16.3,56.61,6.02,90.9,249.0,24.2,33.22
3876.2,75.6,1.0,49.71,1.08,30.8,459.0,23.0,3.0
2591.1,81.2,8.04,47.46,2.62,72.8,190.0,65.0,14.04
2155.6,118.6,36.74,47.31,14.62,23.1,479.6,48.9,66.03
1486.4,85.4,38.38,31.41,13.91,78.0,270.7,35.8,159.33
1437.7,109.9,15.5,57.34,5.55,30.1,447.4,115.5,22.73
3881.7,92.6,10.18,56.91,4.62,63.5,542.9,61.0,6.57
1035.1,32.7,22.83,49.58,7.11,60.8,424.3,112.2,45.51
886.9,89.9,25.97,38.76,10.66,28.3,245.7,28.0,137.13
1293.3,68.4,18.11,21.88,6.0,54.2,172.1,30.2,67.21
1289.1,111.9,4.63,21.13,1.94,89.1,170.1,75.6,11.87
4204.0,100.7,17.54,25.53,6.64,71.2,190.0,39.7,37.67
2293.3,30.4,10.29,43.83,4.65,99.3,410.9,30.3,14.86
4956.7,33.4,15.73,51.92,5.55,80.6,306.7,20.4,18.63
1117.5,27.0,11.96,57.94,3.28,67.9,259.4,18.4,22.47
3440.9,69.3,24.03,27.01,10.22,60.7,248.7,92.8,68.78
2519.3,28.1,19.6,31.02,8.37,94.4,576.9,41.0,22.19
2268.1,92.4,14.09,22.16,4.79,57.4,203.5,117.6,35.61
4437.9,75.2,19.66,59.56,8.75,46.2,287.2,30.1,38.09
4890.2,103.6,15.61,51.24,7.9,85.1,362.2,49.0,21.33
4427.9,48.0,30.99,39.23,12.14,94.6,150.2,51.2,115.27
1365.4,71.9,34.76,43.02,14.38,53.1,564.4,65.0,57.21
1493.6,31.7,8.12,42.49,2.83,22.4,194.6,105.8,20.22
3452.3,108.5,34.33,30.17,13.37,64.8,457.1,101.8,56.16
1800.9,37.5,28.98,27.42,10.87,76.7,433.0,11.1,63.78
3806.3,30.2,26.12,31.88,10.7,43.6,514.1,55.0,29.57
3048.9,40.5,12.98,29.89,6.24,77.3,443.1,101.1,16.58
2979.1,100.6,13.46,42.3,5.81,57.8,496.2,10.0,16.13
4228.5,30.6,6.24,32.33,1.08,37.1,339.6,68.7,3.0
3697.4,81.4,36.34,49.16,14.75,66.7,369.9,38.5,72.57
619.6,94.6,22.18,42.72,9.49,45.0,465.7,55.4,65.15
722.6,95.1,14.9,41.29,6.63,80.8,405.8,56.2,43.09
3207.0,39.0,23.66,58.05,8.61,10.3,380.2,53.1,40.17
2687.9,26.2,4.94,32.9,1.57,83.6,242.5,108.1,5.21
1670.8,64.9,12.15,45.41,3.43,37.6,266.1,69.0,21.76
2384.0,40.2,27.01,20.0,9.73,96.4,311.3,109.4,68.58
3910.6,89.9,19.92,49.48,8.2,78.3,154.2,89.9,65.54
4219.8,55.7,32.49,40.1,12.02,31.7,337.8,48.6,63.35
3025.5,64.9,25.93,28.34,10.22,98.1,151.2,64.3,108.47
2234.2,31.3,24.47,20.06,9.42,55.0,404.3,52.9,46.35
1718.1,76.8,23.99,48.28,12.41,57.1,466.8,101.1,52.83
2848.6,38.6,3.59,46.51,1.96,91.9,403.0,30.6,3.31
1916.4,87.9,23.8,46.62,10.67,92.7,462.1,113.0,43.68
3038.4,27.1,26.39,37.5,11.02,72.7,150.0,73.8,125.31
3544.9,117.6,13.5,45.57,4.85,98.1,176.7,77.3,28.89
797.4,88.5,11.07,42.85,3.74,39.6,464.3,66.8,17.07
504.8,38.2,12.04,29.56,3.99,30.9,511.3,71.0,18.48
1455.2,21.4,8.63,40.75,3.77,12.6,473.0,83.4,10.63
4525.3,53.4,23.24,40.58,8.33,41.2,448.4,82.1,23.25
3408.3,35.3,14.1,52.94,2.9,64.2,468.3,33.6,7.59
1273.8,41.8,24.47,37.34,10.23,37.5,482.8,74.1,51.98
4506.2,107.3,5.69,37.44,2.47,62.2,476.0,49.0,3.51
2614.8,80.3,3.11,59.38,1.38,14.4,482.1,80.1,3.0
2642.4,37.6,14.84,55.78,5.47,41.9,183.3,70.3,39.41
4709.9,75.7,8.9,29.69,3.69,77.3,178.5,29.8,14.02
767.7,45.6,30.94,56.41,14.84,19.4,312.5,90.8,178.6
1468.3,117.6,9.69,25.52,5.24,74.3,387.4,60.3,21.05
3136.0,23.3,14.51,54.14,4.11,78.7,493.2,70.7,9.68
1379.7,93.2,14.48,27.33,3.75,61.2,300.6,84.0,25.35
3557.9,97.3,21.14,37.02,6.23,89.7,273.8,81.8,33.32
1463.4,26.7,24.49,59.36,9.48,95.9,501.7,92.4,43.21
946.2,37.2,26.51,23.88,11.95,13.1,262.2,32.7,132.38
1431.4,58.4,14.73,53.59,6.1,71.1,519.4,22.1,21.8
2402.3,106.8,19.98,39.79,9.76,31.3,229.7,83.6,69.85
1292.6,73.7,15.23,24.44,7.75,46.7,311.8,36.0,51.35
1106.1,85.5,32.32,58.1,12.85,66.1,330.5,22.6,135.29
4371.3,98.3,24.24,41.97,8.97,74.1,284.8,24.4,43.42
1941.8,102.8,19.51,55.23,5.06,85.6,151.5,44.4,52.95
2123.4,67.6,26.71,54.76,10.85,73.5,256.0,119.1,95.84
748.7,70.9,26.63,20.59,12.48,80.0,301.9,27.3,145.92
2108.2,91.8,18.92,30.59,7.52,63.9,291.1,42.8,47.95
1691.6,46.3,35.24,33.48,14.82,20.5,503.5,111.3,70.22
3247.2,105.4,31.13,41.39,13.31,11.9,171.3,116.0,125.75
1424.3,22.1,11.67,22.87,3.76,57.7,325.0,35.2,19.69
4497.6,39.6,25.99,35.56,12.01,74.4,166.9,106.8,96.39
4683.5,100.0,24.04,52.59,9.41,19.8,568.8,25.3,22.9
949.2,54.0,23.48,26.93,8.49,48.6,505.6,93.8,46.03
983.3,35.0,25.11,48.05,8.2,33.1,592.0,11.4,49.64
1019.0,38.7,32.71,38.41,12.95,61.0,559.6,54.7,68.24
3288.1,73.1,27.1,22.83,9.55,45.1,292.1,37.2,55.68
1048.9,104.6,20.28,27.09,8.53,28.1,461.2,87.4,44.62
4335.7,27.1,4.96,25.64,1.68,10.4,287.9,11.8,3.62
3894.2,23.0,22.78,44.79,7.28,38.9,549.7,61.1,15.89
4189.1,66.5,29.42,23.49,13.71,56.5,334.8,86.6,67.83
2867.3,115.6,26.01,52.92,10.96,93.6,319.1,15.1,63.34
4985.0,47.9,9.33,52.27,1.71,30.5,561.3,108.7,3.0
698.8,115.9,32.13,23.2,13.38,56.1,526.5,49.7,96.98
2305.7,108.8,30.06,55.53,12.57,61.0,584.9,28.2,39.37
1957.7,48.3,21.11,58.37,8.65,68.4,179.9,34.8,82.4
4768.9,101.7,5.37,21.74,1.31,39.6,259.5,47.3,3.42
3095.9,88.6,25.67,58.01,8.87,19.0,285.4,31.8,55.4
4127.9,71.2,8.83,31.18,1.76,92.9,341.0,66.2,4.54
1266.5,62.3,14.65,46.59,5.49,95.7,362.9,79.6,34.12
4903.9,101.6,27.83,26.99,9.8,49.4,281.2,57.7,49.76
2743.9,99.3,34.72,52.7,13.78,62.3,505.7,57.0,46.9
2721.5,95.7,18.4,53.68,6.01,12.6,250.5,96.0,39.14
4869.0,119.8,28.91,59.13,13.04,14.2,463.4,43.1,35.81
2213.3,67.9,39.09,59.7,13.86,16.9,533.3,78.5,52.78
2288.9,100.7,5.64,23.03,1.29,76.5,421.7,108.2,3.0
3131.4,106.2,3.76,46.32,4.35,30.5,309.4,34.4,9.15
1076.2,41.2,32.14,30.92,10.94,26.6,234.6,78.2,158.27
1944.9,24.2,28.69,25.02,11.6,10.8,210.5,114.3,118.41
1369.4,60.5,15.75,25.95,6.49,12.1,484.9,68.3,25.69
964.8,105.7,23.63,57.46,10.19,46.5,361.1,117.5,77.3
4397.7,48.9,25.33,47.35,9.57,58.8,170.8,44.1,75.45
3152.0,90.0,25.46,22.02,11.36,62.1,592.7,72.1,24.85
2114.0,20.7,25.71,59.37,11.06,51.2,452.1,44.2,53.01
2339.0,55.5,5.41,52.31,2.2,51.4,529.9,10.4,3.89
2441.8,81.6,8.52,32.37,3.22,77.8,347.2,119.7,11.56
3349.2,33.0,7.03,38.83,2.86,36.1,579.9,36.4,3.63
4670.5,109.7,36.88,49.06,14.05,31.4,239.8,117.0,91.67
4697.5,35.6,34.53,47.04,13.79,86.9,233.3,81.8,96.96
2261.7,111.0,31.16,38.52,12.16,72.0,550.7,109.4,41.85
1981.7,41.6,9.89,40.5,2.63,52.9,551.3,116.4,5.32
2529.7,119.4,22.51,21.73,9.04,34.8,374.6,72.5,45.72
3055.7,80.5,7.27,40.03,3.62,22.3,206.6,120.0,16.63
2578.2,28.4,21.58,33.61,6.16,13.4,287.3,94.4,36.84
3464.4,26.5,15.68,31.4,4.74,86.7,489.4,67.6,11.55
2994.8,27.5,35.83,30.78,12.61,63.4,530.7,82.0,41.63
1943.2,79.0,12.05,45.96,3.02,14.1,306.4,31.4,14.34
2055.8,101.0,23.73,37.17,10.05,24.3,177.6,11.2,92.45
2203.7,60.3,28.94,37.03,14.77,35.2,449.6,38.2,69.35
925.9,64.5,22.74,26.37,10.62,33.7,482.8,57.8,64.22
1247.3,78.9,8.76,58.47,2.11,59.4,340.8,35.1,9.73
3754.0,73.3,33.23,28.96,13.71,45.9,412.4,66.5,56.16
2250.9,88.8,23.75,36.24,10.0,89.4,594.3,82.4,24.2
1465.4,67.2,11.51,27.61,7.39,74.7,260.2,82.1,53.5
3032.0,91.4,25.5,48.13,10.24,92.0,407.8,108.3,40.94
3899.9,119.7,29.36,37.45,13.31,87.7,424.9,116.3,52.18
1658.4,55.0,17.49,36.55,7.68,92.9,397.1,108.0,34.97
4220.6,21.2,23.96,55.0,8.44,98.2,541.1,78.2,19.01
4673.8,32.6,15.78,50.38,7.33,38.1,422.3,32.6,19.34
3188.3,75.4,3.84,40.8,2.02,28.9,378.6,113.8,3.7
3510.3,54.4,30.2,38.74,12.02,24.9,205.4,29.2,99.22
736.6,114.0,10.99,58.4,2.77,66.5,466.4,26.7,13.71
4754.8,82.7,15.8,58.26,6.52,71.3,209.4,44.9,31.49
2266.2,72.0,21.16,48.19,6.42,17.9,162.0,73.1,69.69
4657.6,99.8,9.48,50.41,4.92,83.9,369.8,85.0,11.05
3105.4,45.9,12.9,55.96,6.64,80.5,407.6,11.5,18.34
520.8,102.0,19.58,58.57,9.65,66.6,599.6,95.6,40.11
673.4,20.3,9.37,23.29,5.36,49.2,470.5,29.3,23.04
3561.9,82.0,10.86,59.89,3.42,23.8,531.9,42.6,6.26
3032.0,113.5,29.36,48.12,13.17,55.5,305.9,45.4,90.95
619.4,98.8,31.33,43.71,14.59,24.3,379.0,46.6,148.09
3845.6,105.4,20.21,36.53,7.42,64.4,588.4,93.6,12.69
4334.7,59.7,17.3,33.46,5.58,37.9,337.8,14.5,20.06
2733.9,102.4,8.98,52.17,1.66,32.3,513.3,31.6,3.62
2595.9,75.1,8.11,46.18,1.52,49.7,386.7,12.5,4.12
524.6,81.9,14.2,28.03,6.5,62.3,250.8,95.6,85.17
4039.9,25.9,35.08,44.4,14.02,43.1,411.2,118.2,57.43
1988.2,40.2,29.32,25.65,11.23,96.7,248.1,82.6,119.94
4454.4,75.1,14.12,39.87,5.89,10.5,151.4,74.9,36.06
2178.8,25.9,35.97,43.34,14.55,92.2,256.2,109.9,144.84
3042.9,94.1,14.35,45.43,7.0,10.1,236.9,38.0,37.64
1716.5,104.0,11.33,25.81,4.88,29.5,316.9,17.3,23.22
1222.6,112.0,19.14,23.82,6.97,99.7,549.9,66.1,26.36
3987.1,30.2,15.63,30.35,3.96,75.5,324.5,38.6,13.89
2734.7,114.0,36.27,44.28,13.4,68.0,530.3,59.6,43.08
2914.2,26.8,17.91,57.27,6.06,75.3,400.0,60.2,22.04
4844.4,67.4,25.73,51.16,10.21,46.7,153.4,45.1,80.06
4836.1,104.0,16.6,49.83,6.45,80.6,234.9,63.5,29.57
4350.4,27.0,28.99,33.21,13.62,23.9,569.1,51.8,31.62
1344.2,21.8,22.48,24.47,9.99,81.5,421.9,22.4,55.41
3174.2,22.5,17.61,55.68,7.84,94.6,568.3,105.3,16.02
4451.7,71.1,10.28,40.03,2.85,87.2,289.6,87.1,9.56
2185.1,101.2,36.18,24.02,13.63,76.6,472.5,14.5,73.24
955.0,32.7,24.12,41.4,8.66,68.6,497.4,22.7,52.75
4149.3,32.5,17.03,47.02,4.99,56.9,589.1,20.6,9.42
2667.9,76.9,32.79,32.8,13.29,45.6,158.2,16.8,127.23
3039.8,43.4,3.1,20.37,1.76,87.9,578.5,16.5,3.0
4919.6,93.0,14.26,44.86,5.4,68.3,326.2,27.3,17.53
3232.5,115.0,19.41,21.6,8.52,49.1,527.1,103.3,20.35
2412.4,96.6,17.22,37.31,5.76,80.6,395.1,101.1,22.49
2164.9,107.7,18.57,52.99,7.67,14.9,404.1,96.1,33.7
2379.3,72.0,12.52,59.95,4.7,83.2,311.7,77.6,22.85
1032.8,103.2,10.57,34.81,2.82,83.0,522.8,89.6,8.71
4076.4,38.3,3.26,20.81,1.52,30.6,268.8,91.2,3.16
4269.7,26.8,12.27,39.72,3.21,13.4,371.5,107.8,8.69
1779.8,85.6,30.94,31.05,14.34,74.2,402.1,90.6,86.55
1867.1,25.2,23.75,55.71,9.06,28.0,484.1,91.0,35.93
4434.5,109.2,19.77,48.46,7.85,99.6,362.2,98.4,29.98
607.9,89.2,19.16,36.17,6.38,10.8,456.1,71.2,45.88
2842.1,115.2,22.99,50.48,10.92,30.7,368.4,33.4,53.3
2586.5,51.4,4.26,33.65,2.98,13.8,446.7,19.3,5.12
3605.6,68.6,15.44,40.87,4.87,80.4,453.4,56.1,12.04
1235.3,94.2,24.25,56.91,10.18,62.1,469.2,20.1,59.68
3507.5,44.3,19.45,28.01,7.71,86.4,520.5,28.6,21.36
2195.3,74.2,27.12,32.52,11.78,96.6,393.3,12.6,70.83
3284.2,85.9,35.93,55.42,13.56,64.9,237.0,43.0,97.69
680.4,117.9,31.71,38.48,12.53,30.9,455.8,116.7,115.78
2577.8,94.5,10.95,32.72,3.58,18.3,184.7,51.7,22.44
2850.1,31.8,3.74,21.49,2.28,88.0,248.5,36.5,6.47
1464.5,67.5,11.26,36.76,3.37,32.1,506.5,54.4,9.1
1128.3,78.9,26.55,40.02,11.97,90.4,345.8,43.1,101.1
1348.1,34.7,31.75,36.25,13.79,89.0,374.1,84.1,111.7
2048.6,63.2,30.0,31.1,13.96,66.5,594.3,79.8,38.94
935.6,48.4,13.43,34.77,5.18,64.4,255.8,13.0,36.88
4762.9,31.9,34.55,45.7,12.76,95.6,158.8,66.2,115.54
2322.5,71.2,22.25,55.65,8.51,78.0,200.1,14.0,67.3
4140.4,36.6,29.47,45.99,12.52,71.5,260.0,84.5,84.64
4884.9,79.1,22.28,45.85,8.68,49.2,476.7,112.9,20.66
863.3,37.0,9.31,52.67,3.04,53.6,499.1,109.8,10.36
3432.5,92.4,7.05,26.61,2.11,45.0,404.5,32.6,4.65
4421.3,39.5,35.65,32.04,14.4,95.2,264.8,91.7,100.19
3354.1,109.6,14.89,22.02,6.96,67.4,384.8,97.2,21.84
2430.6,22.6,15.91,33.99,5.91,80.2,156.7,105.1,53.74
2439.8,72.2,10.51,59.95,5.99,13.3,456.8,38.6,15.39
661.5,52.0,18.23,33.17,6.31,86.7,426.4,59.6,45.02
2905.7,42.5,31.42,54.39,14.23,47.6,159.8,34.4,151.02
4970.9,67.2,9.85,23.43,1.88,76.3,517.7,12.7,3.36
4814.2,104.2,1.0,38.39,2.67,13.6,493.5,82.5,3.0
681.8,111.5,34.75,34.06,12.06,90.4,288.7,57.5,172.99
3676.1,50.3,17.07,28.06,8.69,69.4,435.9,37.3,22.97
1857.9,35.4,4.84,34.9,2.8,51.2,420.7,103.2,6.11
4563.5,92.0,6.31,46.05,1.48,37.3,214.4,64.5,5.0
703.0,78.2,13.38,39.61,4.14,38.0,237.0,119.4,47.55
4711.4,40.1,11.85,53.77,4.65,37.3,457.4,97.3,8.99
4268.6,96.0,7.44,56.2,1.2,21.8,570.1,105.6,3.0
1028.8,71.9,8.87,39.28,4.03,51.7,409.3,95.1,17.04
769.2,85.3,26.87,59.27,11.34,50.8,405.5,21.7,95.95
4256.2,55.9,30.94,22.88,12.98,47.1,441.0,17.2,50.84
1200.9,63.9,31.61,31.05,13.58,73.3,348.3,110.7,127.02
2907.0,38.0,11.05,36.67,6.46,47.8,174.4,25.2,35.84
4620.9,95.7,14.51,43.31,5.47,18.0,328.4,53.0,18.47
3053.5,35.7,36.15,41.84,15.0,86.7,555.1,77.1,41.63
2287.5,97.8,32.31,42.72,11.77,48.3,512.2,33.3,49.54
2502.6,99.8,17.74,55.85,8.52,69.0,567.3,34.8,21.6
784.0,94.7,10.59,31.1,4.57,93.7,218.8,61.3,47.94
4859.4,21.9,18.26,52.67,5.5,79.1,377.7,49.7,16.82
1897.9,47.3,21.77,42.32,8.22,58.5,413.1,84.4,40.79
1352.1,66.8,23.4,39.62,8.59,59.1,244.5,18.3,80.75
1787.2,79.6,6.1,31.98,1.19,86.5,240.4,63.8,4.88
4839.7,111.9,36.57,32.16,14.43,84.1,501.9,29.2,45.4
924.3,57.6,28.3,35.54,9.06,26.1,452.3,76.7,62.56
4402.9,107.5,23.55,50.54,9.25,66.4,441.2,22.8,29.63
3685.3,36.3,8.08,39.07,3.96,87.9,270.1,31.7,13.02
4235.1,57.1,30.85,26.15,11.71,82.3,378.0,98.4,48.66
4891.5,25.2,26.34,50.39,11.32,21.2,160.4,35.9,80.89
4289.7,94.2,7.03,46.54,2.33,49.2,208.5,91.1,7.97
4745.2,35.1,24.57,57.97,9.33,56.6,383.2,40.0,30.07
1071.2,45.7,23.03,41.18,10.21,33.2,289.4,35.9,98.38
4081.0,97.5,29.67,46.18,12.7,71.2,584.6,42.9,29.07
2955.5,73.5,12.36,39.17,3.89,52.9,362.2,106.9,13.97
2945.7,21.4,30.91,47.23,13.29,36.8,187.6,53.7,113.48
4545.1,20.2,22.08,37.44,7.46,40.3,158.0,36.8,52.74
4873.1,71.1,4.45,25.51,2.35,87.1,476.4,69.0,3.0
3671.8,50.5,4.73,59.47,2.48,88.0,227.2,52.4,7.23
2673.2,38.0,16.39,48.81,3.77,83.1,234.5,96.9,24.15
2553.8,81.4,8.81,44.35,4.96,92.2,340.7,118.9,16.9
2238.5,42.8,20.2,39.26,7.95,95.7,268.8,67.9,55.85
2127.2,79.2,33.96,48.46,11.48,54.3,427.5,59.7,60.88
2261.8,57.9,10.23,25.07,3.61,18.7,368.6,47.7,11.98
903.9,38.7,40.3,33.04,14.9,82.0,200.2,117.1,300.61
848.5,33.8,11.46,24.99,3.26,67.0,503.1,63.2,11.51
4009.4,43.7,23.58,25.04,9.39,44.2,341.6,29.6,42.26
2507.3,23.0,33.82,20.85,14.01,97.8,424.9,116.6,67.7
4688.1,50.8,24.75,50.24,12.66,40.5,151.8,115.7,100.69
3255.0,110.2,24.2,29.09,10.07,91.7,431.9,57.9,35.76
658.3,103.1,28.04,53.28,11.02,63.3,277.3,48.3,168.95
1208.9,57.2,9.32,56.18,2.88,13.3,372.5,84.8,13.04
1426.2,77.6,12.01,26.74,1.14,87.4,284.0,101.2,7.08
4890.8,76.7,19.12,48.35,7.08,78.6,598.3,64.8,10.83
1484.2,102.9,9.07,38.41,2.25,67.8,253.9,46.4,13.05
2820.9,43.6,19.31,56.76,6.01,65.3,560.8,43.2,16.54
4712.8,49.6,13.13,39.38,4.13,29.7,563.1,45.9,5.95
4897.4,50.2,33.55,35.15,13.83,29.3,339.5,23.0,68.28
1563.6,24.1,32.39,31.78,13.32,12.6,286.8,95.6,134.74
721.0,51.5,29.62,56.14,12.47,23.9,321.5,21.5,161.53
1191.2,107.8,28.62,29.05,11.0,40.3,595.2,53.8,45.62
785.0,111.2,8.75,53.11,3.16,58.7,428.5,101.8,14.01
1378.1,31.0,7.73,27.77,1.68,21.8,395.2,54.5,6.29
3058.6,65.8,22.33,45.74,10.15,60.2,166.2,42.4,86.55
4606.0,58.1,25.42,38.04,9.99,33.7,531.5,114.3,22.66
2917.5,68.9,20.85,24.18,6.17,32.9,187.7,23.9,48.96
3317.0,75.5,18.85,25.04,7.62,95.3,171.1,107.3,58.95
1408.4,22.0,25.58,31.26,7.85,99.3,273.7,16.8,69.4
4102.6,104.2,12.52,50.67,4.36,83.0,364.1,55.5,12.25
3280.1,117.4,14.25,49.16,5.4,14.9,552.9,79.5,10.2
4388.6,85.3,18.12,28.2,6.86,75.6,505.5,50.7,14.34
4769.8,86.0,22.79,39.05,9.44,26.1,238.9,68.8,51.19
2065.6,72.8,29.14,23.88,14.38,61.2,317.4,32.4,98.36
907.6,53.4,24.28,48.64,8.54,90.4,501.1,72.6,47.85
1516.7,34.9,34.42,51.73,11.24,44.2,387.2,24.8,81.06
2470.3,78.4,31.73,55.74,12.3,93.6,228.5,97.6,108.99
4755.6,24.5,9.58,55.43,2.59,73.8,328.2,74.2,6.49
2202.4,102.5,24.78,33.52,10.14,37.1,431.7,63.0,44.07
3968.5,62.1,23.3,30.18,7.75,18.5,588.0,16.0,19.14
2932.1,61.5,22.61,55.86,9.01,83.4,447.8,65.0,32.04
1322.6,52.7,6.34,25.84,1.54,51.2,157.3,72.0,11.15
1943.3,116.9,28.78,22.37,13.69,16.5,467.3,39.2,66.15
3439.4,37.5,33.39,32.57,14.34,19.3,262.9,84.5,106.94
3527.8,35.1,5.51,50.41,1.05,97.0,538.0,18.4,3.0
2456.4,36.6,13.87,47.77,3.98,31.9,322.8,33.0,16.12
1528.9,85.9,12.91,59.48,3.52,97.0,239.8,91.1,24.51
3748.6,119.2,24.72,34.38,11.94,71.3,360.6,26.2,53.22
1259.9,43.5,19.12,31.03,9.37,37.0,264.8,37.0,83.23
4715.0,110.6,11.76,35.13,3.48,44.5,256.1,81.6,13.81
1345.6,47.9,28.27,51.29,12.4,79.9,408.0,90.2,74.86
982.9,84.8,18.37,28.57,5.95,49.2,495.3,15.7,31.42
2739.4,24.0,14.25,57.91,7.45,16.7,525.7,23.9,18.76
2838.0,69.6,16.48,40.5,6.42,30.7,329.0,59.1,29.07
2786.9,85.5,20.99,51.33,8.3,87.4,180.1,75.2,70.61
2465.0,73.6,21.2,53.09,7.72,72.7,367.8,59.9,38.04
4976.7,43.8,10.05,39.15,4.84,55.1,345.2,81.2,12.1
2688.3,102.8,12.07,49.65,6.94,32.1,238.6,93.2,40.09
2650.8,117.0,34.06,34.59,13.72,52.7,553.3,114.4,46.06
2397.9,65.9,22.07,52.44,8.04,81.0,588.4,48.5,19.64
800.7,83.6,36.83,52.96,13.83,17.3,173.3,27.9,275.9
3168.3,99.0,20.94,42.65,8.7,99.5,508.1,39.0,25.61
1525.9,44.1,31.38,28.73,11.76,87.4,440.6,26.3,74.96
3369.2,106.4,15.21,58.81,5.11,38.6,267.6,53.4,24.16
728.8,48.0,33.72,57.88,12.07,88.4,435.8,106.0,107.6
4916.2,97.6,12.64,44.79,4.7,71.4,207.9,48.2,19.07
2610.5,31.2,1.0,59.36,1.27,70.0,181.2,26.4,3.0
4535.4,48.8,9.27,40.11,3.25,22.6,597.1,67.5,3.38
2640.0,73.4,5.26,35.02,1.3,91.5,436.4,119.1,3.0
771.5,72.5,36.35,38.42,14.26,50.5,264.0,30.7,207.07
4200.0,105.0,31.9,21.84,15.0,82.3,352.5,95.6,71.86
3416.8,119.6,27.91,41.96,11.67,37.0,577.5,100.6,27.15
4017.9,30.7,10.39,46.65,2.51,37.7,347.4,54.1,7.11
2426.8,47.1,32.93,24.38,13.59,96.8,555.2,78.2,42.7
3370.7,55.8,27.33,30.22,11.41,54.7,541.0,57.6,30.67
4353.0,67.9,20.72,48.85,5.65,15.4,304.9,38.9,26.06
3339.8,69.4,17.26,51.74,8.03,85.2,463.2,56.9,21.68
2064.5,105.6,29.31,59.43,10.26,30.5,447.2,20.5,52.82
3481.4,97.1,8.14,30.13,1.34,89.1,497.0,87.8,3.0
3523.3,21.9,19.77,53.66,8.02,92.5,314.7,101.2,39.23
4822.6,65.5,27.78,26.88,11.25,16.5,173.5,43.8,82.79
2169.1,81.8,10.25,25.24,3.64,62.4,227.0,72.3,20.02
2412.9,66.0,19.14,49.17,7.21,98.3,427.4,35.5,28.23
4154.6,33.1,19.66,37.83,8.46,93.8,498.8,24.0,21.66
2775.9,59.7,26.7,51.76,11.3,57.3,490.2,83.0,40.7
3814.6,61.2,34.29,31.3,14.5,71.2,412.7,24.8,63.85
2568.7,38.8,30.64,28.53,12.88,64.4,188.1,96.0,125.76
1469.7,95.6,23.38,41.95,9.7,28.3,157.8,39.9,126.41
3853.4,52.1,16.37,24.61,9.17,68.8,502.0,100.0,21.3
1090.2,78.9,24.02,31.15,9.44,40.0,397.2,50.5,70.42
1393.6,71.6,20.27,26.65,8.63,40.4,502.2,50.6,33.83
3320.7,107.7,1.0,32.8,1.83,47.8,223.3,92.6,3.0
3862.7,32.2,25.73,50.62,10.78,86.7,333.3,66.1,51.04
4526.1,31.4,26.22,24.83,11.03,31.5,563.6,32.1,26.0
1726.6,50.0,24.63,44.47,8.17,32.6,227.2,103.5,83.63
998.3,63.1,30.71,43.39,13.19,10.7,177.7,47.4,217.83
4802.2,49.9,27.96,41.53,10.41,24.0,444.1,21.3,32.88
1194.9,96.3,20.13,39.37,6.08,98.1,417.5,55.8,36.62
1389.5,44.5,3.05,46.55,1.28,49.0,578.4,73.1,3.0
1811.0,28.5,6.06,54.07,1.83,27.6,557.9,77.1,3.0
2882.3,61.4,20.81,26.48,5.93,96.9,487.2,101.9,16.33
4472.7,97.3,19.87,52.57,7.47,12.4,158.6,69.6,53.81
3922.5,105.1,10.79,22.46,3.34,53.6,366.2,34.6,9.23
3686.7,93.3,9.17,39.28,3.65,82.4,553.2,38.8,5.87
1288.3,75.8,13.77,40.46,4.22,79.6,345.1,21.1,23.37
2109.6,92.4,29.31,27.9,11.93,27.0,583.0,91.0,33.05
2652.8,88.1,23.64,23.59,11.8,73.7,443.6,21.7,47.23
1163.4,43.4,15.56,23.0,6.36,66.0,199.3,76.6,66.88
1730.4,75.1,6.3,21.49,3.41,70.8,379.2,75.7,10.38
1887.5,97.1,8.21,42.94,2.55,33.9,463.0,96.4,5.76
1072.7,51.7,4.36,26.22,2.22,83.0,179.4,18.2,12.7
2976.1,85.4,18.33,52.35,6.48,60.3,305.1,32.3,30.49
3672.6,68.1,5.9,55.96,1.64,75.3,472.7,110.1,3.0
814.7,70.3,11.3,31.7,5.67,94.6,220.7,72.9,60.17
2665.1,29.0,33.78,26.58,14.46,87.0,306.8,60.3,91.94
4020.0,86.6,22.5,36.38,8.11,80.4,460.5,92.2,23.27
3866.0,106.6,34.23,55.26,12.52,36.1,499.0,109.3,39.42
4167.8,34.1,5.76,35.99,2.81,14.9,383.3,38.9,4.98
2517.1,56.6,9.64,24.33,4.75,61.7,580.6,109.2,7.17
4192.5,24.9,40.63,59.39,14.25,13.1,566.4,22.0,48.85
1583.4,23.0,16.62,39.99,6.37,74.3,363.0,117.5,37.67
2123.6,119.0,25.45,33.69,10.08,76.3,222.1,28.1,92.93
1293.6,69.3,33.51,55.74,14.67,60.7,497.8,39.3,92.43
2603.7,55.6,22.68,57.1,8.71,25.1,259.4,20.6,55.23
2264.3,47.5,19.28,39.87,5.27,88.8,529.3,98.4,13.38
1584.2,118.0,22.19,32.27,8.45,63.6,414.2,118.3,43.91
3883.0,45.2,9.25,39.31,1.76,56.3,327.3,42.7,5.29
1912.3,92.6,8.01,28.77,2.57,61.1,400.4,45.8,7.11
1727.6,48.4,1.45,39.13,1.1,17.5,389.8,40.7,3.0
1089.0,27.0,30.72,29.18,13.38,76.6,566.1,27.0,68.42
2474.7,88.3,22.56,44.89,10.4,15.5,246.5,96.6,79.37
1863.3,20.2,14.56,50.4,5.18,62.1,567.7,16.7,15.77
2161.7,87.6,15.09,58.78,4.1,25.2,164.1,116.5,34.51
1562.0,45.0,26.78,53.7,10.56,28.7,496.1,112.0,46.39
3934.2,94.6,32.99,23.45,13.87,31.0,563.9,23.0,39.22
4685.0,97.0,11.56,28.46,5.19,11.3,327.3,68.2,14.96
2740.7,92.4,15.72,41.27,5.5,90.3,182.9,119.2,38.37
3393.5,22.4,28.09,30.3,12.96,82.4,512.1,103.8,36.93
4402.3,90.4,29.66,20.57,13.51,12.8,529.3,88.7,31.97
4994.7,119.0,36.43,50.19,13.8,15.1,301.3,12.5,75.39
3260.8,44.3,12.91,34.31,5.1,80.5,383.4,17.5,16.24
4504.0,47.4,7.28,22.64,2.68,10.6,514.3,97.3,3.35
4588.7,101.4,17.96,40.35,7.16,52.2,236.4,51.4,38.73
4061.5,36.0,16.0,59.09,5.14,19.7,433.0,83.5,13.67
2574.2,86.1,33.26,47.14,13.37,63.2,343.8,91.3,83.83
865.2,95.5,3.25,26.35,1.51,99.9,228.5,56.4,7.38
571.1,23.7,22.59,40.57,9.87,25.5,524.1,25.8,65.07
2647.4,75.4,32.89,56.07,13.69,96.1,296.1,52.5,99.49
2724.4,77.6,36.66,22.17,14.67,87.9,570.5,105.8,44.69
2333.1,50.3,25.13,45.52,10.1,98.7,406.0,46.4,43.84
3056.8,107.6,34.51,48.85,14.3,79.0,381.5,16.9,72.05
2984.7,36.3,6.88,48.16,2.06,87.1,340.5,115.5,5.47
4264.8,56.4,15.76,26.01,6.03,63.5,330.3,84.9,20.37
989.0,104.9,2.24,56.29,1.12,88.1,518.1,69.5,3.0
1513.3,39.1,39.22,32.89,14.74,20.0,454.9,101.2,91.9
4068.5,102.1,31.92,22.07,13.64,76.7,498.2,55.2,41.44
4315.3,27.9,5.59,23.33,1.39,66.6,339.5,118.4,3.0
4976.7,68.9,1.0,38.3,1.25,15.4,267.6,104.3,3.0
4428.1,27.5,15.47,21.6,6.14,36.2,189.1,40.9,33.03
4504.5,87.8,9.33,51.18,4.62,29.4,499.5,50.8,6.92
1914.6,99.1,28.63,54.63,12.86,46.5,336.9,40.3,91.3
2307.5,105.0,16.73,20.53,3.25,27.9,379.2,82.5,13.83
1706.4,118.1,30.51,52.4,12.07,34.7,361.2,80.3,80.34
3228.3,87.2,25.83,59.25,8.76,36.6,344.0,67.5,43.63
4724.6,96.9,19.02,21.21,6.28,64.0,457.8,116.2,15.08
2050.9,70.6,11.94,49.0,3.04,22.1,423.9,62.0,10.18
3006.5,111.3,35.83,59.96,14.97,31.7,587.4,96.2,40.81
1833.3,84.4,29.02,51.88,9.65,38.5,212.5,82.4,102.89
1264.1,108.4,20.99,40.21,7.15,50.4,408.1,67.0,43.46
1378.3,43.5,16.37,55.39,6.2,13.4,178.5,14.6,59.85
760.8,69.7,34.25,48.32,13.68,99.9,513.6,82.3,88.96
4771.8,93.0,30.33,31.7,12.5,37.0,427.3,80.7,39.83
2313.0,40.3,30.58,28.97,12.36,35.9,342.8,23.7,77.11
4253.5,41.1,24.01,40.5,9.63,59.9,511.0,97.6,21.28
3566.0,117.8,34.04,34.92,13.43,86.9,354.8,61.4,71.8
1363.6,63.5,19.16,33.18,5.19,51.1,252.5,45.7,48.82
1289.6,38.2,23.34,27.12,10.85,32.4,362.6,100.6,82.36
4153.9,53.1,20.75,53.81,6.66,60.9,181.9,47.8,42.11
1691.2,59.7,22.52,48.2,9.4,53.5,554.0,78.4,31.52
4609.8,82.3,40.25,33.25,14.97,48.1,478.9,78.0,50.26
1130.2,112.3,35.0,29.51,14.78,98.5,492.1,15.8,91.15
3549.7,118.7,22.04,25.13,8.18,99.6,543.5,56.5,19.01
4165.1,85.2,22.3,24.5,9.03,60.6,506.2,34.5,22.95
1558.7,90.0,28.0,45.02,13.56,16.1,344.3,32.0,107.79
1742.9,52.2,41.25,24.35,14.8,61.0,203.4,82.0,197.48
4840.3,105.7,26.54,58.41,11.9,95.7,318.0,11.3,53.71
1690.7,41.8,6.65,31.17,1.91,93.3,570.3,116.6,3.07
2434.8,30.6,11.53,21.03,5.52,29.4,577.1,53.5,9.64
2446.3,117.3,29.16,54.21,13.55,27.1,495.5,42.9,51.33
1638.7,106.4,28.43,34.7,11.76,23.7,242.0,111.2,133.29
3991.1,50.4,26.42,33.72,11.39,83.8,237.5,63.5,73.45
3973.3,87.5,22.3,24.74,10.35,54.1,545.9,77.6,23.29
2202.4,66.7,17.57,46.42,6.81,40.4,213.9,86.5,55.59
4258.1,52.3,12.84,34.35,6.65,39.2,412.9,105.9,15.8
1458.8,48.7,30.72,52.92,12.33,34.8,320.2,24.3,99.93
519.4,33.6,13.38,45.22,5.11,89.4,285.9,19.0,50.39
3070.3,74.9,18.91,55.2,10.59,46.9,454.8,119.3,34.11
4973.3,64.7,26.11,44.9,11.17,32.0,581.8,11.0,28.56
673.9,71.2,32.9,51.17,12.82,73.9,499.9,87.9,85.77
1436.0,41.5,11.41,47.86,5.48,67.2,368.8,77.2,26.27
2835.1,113.9,29.72,38.5,11.39,74.4,348.3,70.8,58.72
4144.7,83.9,9.03,47.55,2.49,84.0,558.4,96.4,3.02
900.7,110.0,5.69,46.54,2.93,19.1,410.1,119.2,10.45
2278.6,30.9,17.7,20.27,6.84,10.2,373.5,15.2,35.29
3861.8,82.3,8.55,47.95,1.77,14.6,457.3,77.6,3.34
2171.9,104.9,32.19,30.49,14.27,73.6,256.7,88.8,128.29
1349.8,53.1,32.72,41.67,13.63,94.1,178.7,43.7,201.65
1379.7,39.5,9.33,24.45,1.69,39.8,534.8,108.2,4.23
2345.2,46.5,28.72,20.92,12.74,80.3,423.3,60.3,65.51
2657.4,47.3,22.06,20.6,8.12,75.6,224.2,28.1,58.1
4378.2,64.7,23.67,26.33,10.83,98.0,284.1,104.0,54.36
3390.1,52.6,32.38,20.8,13.42,52.4,595.5,113.7,29.72
3606.8,47.1,24.22,25.3,9.08,24.9,435.5,20.9,34.06
4923.4,84.9,1.0,42.37,2.63,78.9,436.3,92.7,3.0
2353.3,25.3,2.78,36.01,1.04,83.7,182.5,33.7,3.0
2315.1,54.0,21.59,59.23,7.96,73.7,586.0,10.7,26.27
4655.1,89.0,35.54,52.35,14.29,87.7,551.8,38.7,36.34
1606.4,37.6,21.17,25.87,9.02,43.4,396.5,104.0,48.88
3784.2,42.1,12.99,36.67,6.22,72.1,289.2,25.5,22.32
3895.6,40.1,7.18,37.24,1.43,33.7,464.1,24.4,3.0
940.0,20.1,32.8,34.48,13.81,50.2,525.0,91.3,82.84
2607.0,67.4,16.47,39.82,5.58,31.8,503.8,54.7,14.94
1402.5,23.9,28.13,46.79,10.87,23.9,589.7,26.3,46.44
1334.2,47.3,25.31,45.64,10.72,13.2,436.6,35.3,64.61
2587.2,119.5,15.69,34.28,4.55,70.4,294.6,97.4,24.75
1802.4,111.8,4.57,48.2,1.89,88.8,374.1,78.6,4.73
4082.3,41.5,20.27,31.58,6.39,38.3,517.3,93.7,13.75
4584.2,51.0,18.48,53.42,5.44,48.6,269.4,20.8,23.17
4112.2,66.4,30.0,58.57,10.8,10.3,254.1,60.4,73.4
1697.1,104.4,30.16,31.79,12.48,47.2,476.2,97.7,59.24
1733.6,100.3,19.1,51.39,4.11,35.3,350.0,39.2,23.41
1646.3,32.6,21.76,52.54,8.4,61.7,517.5,28.6,34.75
1107.7,32.4,6.33,39.63,1.57,91.8,214.7,52.0,11.05
4747.1,61.7,11.13,23.51,4.0,55.6,301.1,46.7,12.48
2309.2,107.0,25.44,51.45,11.66,70.8,270.6,30.4,83.84
1511.1,108.2,33.73,36.3,12.11,73.5,464.0,114.9,73.62
4310.0,30.7,27.58,28.32,11.87,23.7,491.7,63.1,35.25
2296.4,77.4,11.64,45.07,2.99,41.2,355.2,76.9,12.2
658.0,35.6,25.52,37.48,8.71,20.2,365.1,23.3,88.38
1228.7,88.6,19.72,23.5,6.92,49.7,209.4,77.1,75.34
3376.6,111.6,34.15,59.35,14.88,89.9,465.8,71.1,51.01
4023.1,65.5,24.34,29.79,10.16,53.3,596.5,112.5,19.53
1449.2,28.3,26.38,40.44,14.09,51.1,500.1,55.4,65.48
4628.3,77.9,8.63,46.69,3.03,28.8,250.4,96.0,9.24
4329.5,60.9,21.23,24.6,7.31,37.9,430.4,43.5,23.39
4317.7,101.1,28.43,49.58,11.8,94.3,282.7,73.7,64.95
1524.5,54.0,14.37,45.93,6.15,37.3,163.6,112.0,62.04
727.4,107.5,23.77,39.75,9.86,75.8,230.9,78.8,135.72
4403.4,47.4,24.42,41.13,8.16,13.8,196.2,88.2,58.06
1876.1,35.8,36.08,58.19,14.89,21.5,238.2,106.4,171.34
3285.1,50.6,15.47,56.44,3.43,38.0,508.0,111.8,7.5
3919.9,23.5,32.71,24.48,14.09,91.1,281.8,32.9,84.91
1077.3,48.1,17.88,34.75,6.62,29.7,490.7,31.5,36.05
4013.8,86.0,18.07,40.67,7.55,75.4,577.0,70.6,12.52
4723.3,34.2,27.54,56.8,8.4,25.1,408.4,119.5,27.78
3777.7,31.1,13.38,52.66,4.72,65.2,368.4,63.9,15.04
2485.5,33.2,41.71,35.46,14.49,62.8,487.6,46.4,64.55
4445.1,27.8,32.39,55.45,13.76,66.0,193.7,69.1,103.35
2873.6,107.5,40.21,35.13,14.62,35.8,342.7,17.1,102.37
3851.5,114.4,36.75,30.85,14.96,24.6,374.5,29.5,77.27
4192.3,24.7,28.38,44.4,10.38,89.8,524.0,26.4,30.71
3872.1,96.0,15.19,34.24,7.32,61.2,516.4,13.1,17.85
1795.3,93.7,32.74,44.9,12.91,29.1,531.7,89.4,50.11
1030.3,119.7,1.86,36.39,1.33,47.2,464.0,45.8,3.0
1572.5,54.8,31.94,51.83,12.68,16.0,388.8,28.5,88.88
2762.9,48.6,15.76,58.17,7.96,52.8,522.5,66.3,19.7
2773.7,65.3,25.7,30.81,10.43,48.2,543.0,45.6,31.71
3121.9,105.7,19.63,40.4,6.24,21.9,366.2,53.2,24.63
2278.0,92.9,17.81,48.98,6.16,50.0,593.5,44.7,15.29
4041.0,67.2,1.62,26.34,1.44,67.6,543.7,10.4,3.0
4609.2,44.5,12.25,51.84,6.93,93.6,379.7,85.7,17.49
1610.3,92.7,18.94,43.32,6.72,73.3,181.2,22.2,60.94
3814.4,105.5,16.28,25.99,4.15,55.2,251.0,34.1,19.22
3550.9,60.0,9.37,54.73,4.46,79.3,499.4,30.9,9.2
2853.9,86.9,29.4,37.07,9.18,35.2,200.0,46.5,76.75
1348.4,60.0,14.51,27.06,5.45,70.2,361.4,27.6,28.88
4078.5,67.8,25.16,27.82,12.62,10.5,422.2,48.2,44.69
4822.8,72.5,3.2,51.42,2.56,16.5,545.3,36.8,3.0
3748.3,97.6,25.21,57.43,9.09,66.2,531.2,16.7,27.46
4630.4,117.8,9.84,35.13,3.24,27.3,493.9,105.8,5.37
4928.8,64.4,25.76,23.15,8.4,72.0,333.5,43.6,36.29
2084.2,54.2,18.5,24.03,8.74,67.3,214.0,20.5,64.34
3372.0,57.4,25.34,46.18,9.99,15.7,451.3,67.4,33.94
2632.7,33.4,18.08,34.83,6.98,45.3,231.6,23.6,45.64
4939.8,49.7,20.28,37.05,8.13,65.2,402.6,95.0,24.7
922.1,28.6,8.98,33.48,3.53,74.2,591.3,16.8,11.38
2355.7,62.8,18.12,38.62,7.48,83.4,397.6,61.1,31.47
4439.9,36.7,16.84,45.74,6.22,39.7,440.5,113.8,15.7
1778.2,54.6,26.66,41.65,10.33,85.3,454.9,27.5,52.2
4045.1,99.4,19.06,26.57,7.09,41.9,523.7,32.2,16.15
2222.5,44.6,33.01,39.65,11.91,10.6,345.7,76.1,84.0
4909.9,81.2,14.41,38.42,6.96,64.9,373.9,117.8,19.38
4475.9,110.1,6.46,41.83,4.3,31.8,229.2,52.4,11.92
1855.9,76.7,16.16,24.43,4.83,21.2,426.6,81.4,18.37
3965.9,39.4,2.93,26.14,1.63,33.3,283.1,26.8,3.0
2015.9,54.5,20.55,41.21,8.56,84.5,378.4,80.6,42.74
3228.6,79.0,29.22,31.02,12.63,92.3,495.0,37.8,46.15
3463.2,70.7,27.16,45.16,11.77,96.6,157.9,77.5,127.85
4233.2,34.9,14.02,34.91,7.13,37.3,403.8,19.8,17.28
610.0,64.7,8.91,28.83,3.75,51.0,228.1,67.7,38.02
1490.7,74.3,34.05,46.26,13.09,82.2,275.7,36.1,136.73
3703.6,46.7,6.12,35.76,1.79,38.6,165.6,85.0,7.47
3035.9,81.2,18.67,26.3,6.59,44.7,226.3,92.2,44.65
2730.2,27.0,30.39,52.35,12.99,31.4,594.0,103.3,33.04
748.4,53.7,19.67,37.27,6.5,61.5,599.3,119.2,24.11
2067.2,100.4,6.57,56.6,2.65,69.3,473.9,60.5,5.53
4393.0,45.9,6.54,27.74,4.72,38.7,425.3,83.8,7.99
639.0,80.5,24.57,55.05,9.4,12.2,499.7,12.0,75.59
2284.0,61.0,11.5,52.64,3.13,76.2,553.4,109.6,6.13
4753.2,51.6,23.71,24.16,10.17,65.5,383.7,77.7,34.25
729.0,111.6,22.01,41.27,7.13,29.7,165.9,56.3,142.8
3873.7,54.3,12.52,46.15,5.68,38.3,469.2,57.8,12.36
1659.3,43.7,14.07,39.82,4.37,96.1,593.1,93.4,10.11
4399.7,110.9,36.05,35.61,12.53,66.7,266.1,101.7,81.16
3857.3,94.6,17.18,57.75,6.55,63.6,358.6,98.9,23.58
4485.7,88.2,27.4,48.03,11.34,67.6,312.6,66.2,55.69
1471.7,25.0,18.16,58.63,7.16,95.9,325.7,50.8,42.78
2890.8,33.1,12.14,53.85,2.29,40.6,474.6,114.0,5.11
4006.7,83.8,19.69,52.69,7.17,35.3,320.3,79.8,29.44
1605.6,40.9,27.08,49.03,8.11,43.9,573.5,69.8,27.18
1538.4,42.6,19.88,45.84,7.41,82.1,505.3,75.8,26.19
622.3,97.9,28.62,55.47,12.43,20.9,162.4,79.3,278.37
4813.3,48.6,31.88,44.54,13.75,28.6,518.3,88.4,37.3
3695.1,27.2,29.82,23.01,12.01,30.5,497.8,70.9,36.76
3360.0,23.6,16.94,43.3,9.16,67.3,382.4,106.3,30.1
3848.0,64.3,20.31,24.11,8.58,67.7,373.6,104.6,29.98
2892.3,81.7,23.7,57.97,10.02,43.5,526.0,58.6,28.04
2642.6,106.9,14.29,45.87,5.03,34.9,341.2,28.5,19.38
2522.9,31.1,36.27,42.23,12.37,77.9,221.8,73.4,127.66
3382.0,39.7,32.05,27.91,13.0,12.9,290.8,78.3,90.77
1406.9,73.0,7.14,40.63,4.74,76.5,269.3,67.6,23.61
4496.3,56.4,30.63,33.7,13.64,28.9,456.5,108.0,43.08
4152.9,68.3,32.42,47.02,12.88,91.2,230.5,20.2,84.96
2073.0,112.4,18.25,44.18,6.94,47.2,440.1,41.6,26.48
3103.7,74.5,38.44,39.97,13.73,67.8,359.7,105.2,82.03
1134.6,61.5,11.06,30.11,2.69,20.9,527.8,113.3,7.64
4875.6,118.9,7.99,41.03,1.39,32.8,368.2,56.9,3.0
4563.0,26.5,14.85,38.47,5.87,73.1,568.4,31.2,9.48
4648.5,113.2,25.8,54.05,8.92,59.5,555.2,56.2,19.31
1994.7,70.2,12.93,55.77,5.92,79.3,233.4,60.2,40.59
1261.1,70.4,37.54,50.37,14.19,60.7,458.8,67.2,97.62
1453.0,112.2,11.65,32.79,4.57,61.2,246.6,40.2,33.33
905.0,70.7,9.01,21.52,4.94,87.2,520.5,44.4,15.76
1040.5,63.8,26.52,57.01,9.89,48.2,436.1,82.1,67.73
820.9,47.2,8.62,59.68,1.05,90.6,282.4,78.4,7.06
4954.2,85.9,26.51,25.08,11.19,43.5,262.1,82.8,62.85
833.3,77.0,21.14,47.42,6.28,39.6,343.3,51.5,60.87
1096.4,41.4,30.82,37.01,14.69,80.1,510.3,47.0,85.42
4222.6,90.9,22.97,25.94,10.68,11.0,508.3,48.7,28.94
3111.1,84.4,5.54,59.92,1.73,25.5,165.0,114.6,7.41
3984.9,59.7,6.17,57.33,2.3,16.5,286.0,53.5,6.07
3339.1,20.4,5.14,59.3,2.23,56.1,340.3,76.7,4.75
4469.8,64.7,35.38,25.76,14.34,66.5,413.5,67.5,57.0
3373.1,20.6,24.74,39.68,10.58,10.9,217.3,106.4,79.91
2849.6,27.5,16.99,55.83,6.99,24.5,300.9,50.6,34.77
3707.4,63.1,11.59,47.01,3.81,37.2,548.5,57.8,6.12
2513.3,28.2,30.43,37.38,13.23,36.5,364.4,102.7,74.32
2057.3,47.6,10.47,40.67,3.82,18.7,484.9,27.7,10.66
2604.4,85.5,25.12,21.54,10.89,25.6,368.2,75.4,54.92
1263.7,50.9,25.26,44.46,11.69,86.2,359.2,54.0,83.14
4084.6,119.8,16.08,54.39,5.13,73.1,429.9,118.4,12.14
1673.2,111.6,25.68,20.11,8.07,36.6,266.7,89.4,70.94
1190.9,78.5,14.67,26.4,4.12,33.7,262.4,11.2,28.93
1608.6,116.7,17.5,40.72,6.31,17.2,595.2,102.3,15.02
4289.3,106.8,33.45,42.44,14.51,41.4,541.0,87.3,36.27
1985.9,51.9,25.76,33.73,10.7,45.8,482.0,71.7,43.06
3587.2,95.0,34.73,21.12,12.85,91.4,211.7,36.0,102.79
4353.8,33.7,14.86,49.74,8.57,76.9,163.6,26.4,52.84
849.9,88.5,10.91,29.72,4.35,53.1,228.9,79.1,38.29
3942.6,69.1,29.46,45.78,10.98,22.1,572.0,58.4,27.59
1884.5,21.7,17.0,42.37,8.01,69.1,517.3,104.8,23.38
1474.8,47.4,11.26,37.23,3.48,94.2,385.4,38.9,14.53
3600.1,115.5,18.71,43.61,6.77,17.0,586.0,80.1,12.64
4594.1,51.6,20.38,47.8,9.89,86.4,216.0,37.4,53.54
1827.6,38.1,28.24,42.89,11.29,26.2,401.6,80.0,62.28
3059.8,38.8,10.28,42.3,4.41,73.1,232.4,15.3,20.75
1804.3,67.9,33.76,37.44,13.26,26.5,287.9,53.1,108.57
2994.3,104.3,18.53,37.2,6.31,64.0,573.1,29.0,15.14
3298.4,95.8,14.23,39.64,4.8,31.4,540.7,76.7,9.3
3246.5,63.7,10.8,38.08,3.73,58.8,195.8,44.8,20.72
3306.0,40.9,31.06,37.56,12.26,64.0,262.3,94.9,86.58
1107.9,24.6,12.18,28.41,5.96,65.7,417.5,22.6,32.66
3620.9,66.3,19.77,48.99,7.77,71.5,177.6,71.2,58.64
3536.4,101.5,9.09,25.32,4.12,16.2,397.5,75.3,8.64
3571.6,93.0,29.49,56.35,10.61,73.3,413.0,12.4,42.63
833.3,60.9,31.5,44.99,11.93,23.9,280.9,14.0,153.35
2510.8,79.5,17.27,21.96,5.75,70.9,281.9,43.9,30.62
2340.7,63.6,39.87,46.36,14.23,21.2,253.1,77.0,145.71
890.2,77.9,4.3,34.46,1.43,53.1,571.1,115.9,3.0
1500.7,71.8,6.93,57.19,2.86,44.8,325.0,20.0,10.74
2484.3,88.1,22.2,57.44,9.24,97.1,413.4,87.3,36.89
3843.1,70.8,22.08,53.84,10.82,66.8,285.7,86.2,58.56
1566.8,114.1,7.8,42.71,4.51,17.9,466.2,83.6,10.64
4233.9,62.8,24.0,56.77,8.76,73.1,195.6,66.8,64.02
2956.1,21.6,10.37,45.99,5.46,27.5,182.2,116.4,33.54
3921.9,43.6,18.92,55.01,8.76,35.8,484.9,65.2,21.22
2626.5,70.1,25.23,26.4,10.23,44.1,477.0,102.2,33.18
2746.4,74.1,34.39,56.17,14.62,79.9,269.3,38.9,118.54
3288.7,75.2,21.63,46.46,7.38,95.0,309.8,98.7,36.88
4675.9,91.5,25.35,32.13,10.08,93.2,580.8,119.6,17.01
2713.2,47.5,20.52,59.91,9.09,25.4,196.9,110.1,80.97
2879.0,86.5,17.44,47.48,5.45,15.4,232.4,43.4,32.29
3209.0,90.4,14.64,56.34,4.54,84.6,343.5,103.1,15.98
3818.8,61.1,31.88,20.22,14.83,35.9,276.9,20.5,92.04
823.3,60.2,11.72,42.09,3.9,62.5,442.1,84.5,18.67
2820.6,37.9,27.6,48.5,12.06,98.1,460.8,47.6,50.17
2667.2,61.4,6.8,20.55,3.05,26.8,386.9,82.5,7.34
4647.6,98.7,35.81,50.5,12.26,43.7,425.0,55.3,45.74
2720.8,110.9,10.65,46.06,3.6,88.1,345.0,11.0,12.74
2607.4,79.4,34.79,30.99,14.54,68.5,492.2,35.4,62.33
4829.9,49.9,26.64,47.56,10.6,94.4,168.9,14.7,70.68
2527.6,88.2,9.82,25.24,2.26,66.9,290.8,57.0,9.53
1314.0,94.0,24.52,52.96,10.7,37.3,458.0,102.4,55.98
1476.1,53.2,22.14,54.65,9.45,82.5,298.3,91.2,74.4
928.3,102.7,17.14,39.42,5.73,78.3,185.3,96.8,78.62
502.6,27.4,8.15,40.3,4.65,94.0,305.3,98.8,37.3
2443.8,21.1,30.42,36.08,11.06,52.9,470.2,50.9,48.59
3961.6,32.3,23.36,33.81,11.38,55.3,204.9,65.7,83.49
3800.6,35.6,14.1,54.92,5.58,39.1,476.1,65.9,11.98
644.7,107.9,27.72,32.19,13.27,34.2,499.0,22.5,116.92
3064.9,62.5,9.79,36.11,4.76,99.7,435.9,75.8,10.72
1194.3,47.5,10.44,32.0,1.98,98.0,259.9,89.2,13.36
4734.8,62.9,26.75,46.27,9.4,57.7,512.4,77.2,23.26
1253.1,59.5,11.2,52.57,2.5,96.0,246.5,92.1,18.95
3319.9,50.1,8.86,26.57,4.87,42.1,557.6,23.1,8.38
1968.1,33.8,17.48,30.19,8.1,86.5,468.0,93.8,29.24
3387.0,85.6,14.54,24.16,5.01,67.1,174.6,32.9,31.18
2355.2,33.7,13.37,26.41,4.01,74.5,509.7,106.5,10.6
3918.4,97.5,24.54,36.28,10.84,74.6,377.9,36.9,43.34
1538.1,40.2,20.18,51.04,8.66,67.2,353.7,64.1,51.58
4576.1,93.1,27.95,41.66,12.76,86.7,339.2,63.6,55.24
2750.9,100.6,27.99,22.13,9.14,45.3,423.0,39.6,41.75
3902.4,32.5,18.44,45.0,7.77,86.4,476.1,49.8,20.37
4323.8,28.7,12.81,51.81,4.66,26.5,553.2,30.4,8.22
4994.7,115.0,30.06,35.74,12.09,28.0,272.8,72.7,64.02
1507.8,66.3,13.96,29.8,3.76,74.6,433.8,110.4,15.71
1791.0,83.0,9.24,50.56,4.39,77.5,458.9,44.8,13.68
1626.9,22.3,34.9,20.96,12.78,91.2,453.7,65.9,73.49
1682.9,47.9,24.33,52.62,11.38,34.7,371.9,104.8,76.1
3121.0,70.5,27.53,52.17,9.58,15.0,326.0,59.8,55.86
4970.9,108.6,1.0,55.52,1.54,55.7,493.1,101.4,3.0
4956.3,47.1,8.08,23.58,2.78,88.8,285.0,59.1,7.83
2870.5,97.5,25.27,24.31,8.0,97.4,243.6,58.4,58.98
3375.6,86.2,30.42,54.91,11.45,87.2,395.6,27.3,54.95
4369.9,31.5,20.51,39.01,7.5,54.1,270.4,23.7,34.5
4698.2,49.3,1.71,35.69,1.24,87.7,165.0,77.3,3.0
1417.4,43.8,8.03,42.93,3.58,29.3,173.2,101.0,29.11
2878.4,64.3,27.29,22.34,9.24,92.9,462.8,24.9,38.39
4247.8,83.5,28.07,45.75,10.72,61.0,587.9,110.1,21.15
1864.4,63.3,8.05,57.8,1.47,45.0,354.6,49.5,5.28
2479.1,44.5,5.92,47.03,1.61,62.3,216.2,56.8,6.96
4935.3,89.6,11.87,38.58,4.66,80.6,518.1,108.4,7.31
4932.7,78.4,9.29,58.44,2.17,31.6,267.6,108.6,7.14
4577.5,71.9,22.53,47.54,8.59,19.2,598.0,67.7,15.17
4093.0,75.4,7.77,22.28,2.73,76.0,403.5,40.4,5.35
1711.1,42.2,20.93,46.8,10.08,95.7,254.7,28.9,78.24
1943.8,88.0,32.19,22.39,11.88,67.3,373.2,39.9,80.21
2962.8,58.8,36.87,32.29,14.59,22.8,300.9,95.9,110.33
3023.5,56.3,33.02,44.63,14.28,67.9,500.8,45.7,53.91
2774.8,35.0,16.64,28.62,4.83,20.5,197.6,86.4,33.47
3365.0,79.7,5.98,21.53,1.41,37.3,535.7,31.5,3.0
2337.5,80.3,15.7,44.72,5.61,12.8,495.3,62.6,14.91
3871.3,54.0,29.76,31.43,10.92,53.9,537.6,48.7,27.73
2001.0,106.0,8.23,41.32,1.84,38.9,552.7,65.4,3.39
1988.0,104.5,16.76,30.45,6.04,18.8,253.4,72.7,45.07
1072.5,30.9,13.33,47.46,5.17,37.8,384.5,119.0,28.29
1349.2,89.5,17.31,55.83,4.07,68.3,532.5,109.0,14.84
4327.3,59.4,24.84,23.46,10.89,36.0,319.8,86.5,49.86
2508.3,120.0,27.76,51.45,10.23,22.9,177.2,26.9,98.48
1525.4,42.5,21.29,26.24,8.5,59.0,281.2,111.1,66.58
3917.0,48.1,34.99,33.18,13.75,77.8,258.9,108.2,96.27
2992.9,64.2,11.32,34.29,2.44,84.7,541.5,107.5,4.03
595.2,46.9,8.19,28.25,3.1,52.5,358.7,62.7,17.9
1923.6,89.2,18.45,23.01,6.37,74.0,457.6,28.8,24.1
1296.5,68.1,26.22,50.74,10.18,85.0,583.0,93.0,36.39
3451.4,42.1,21.18,51.75,9.18,70.6,284.6,52.7,47.03
1737.6,70.6,10.46,59.87,2.04,57.5,492.5,47.9,5.48
792.3,108.9,37.29,57.38,14.42,15.4,160.2,53.0,326.96
747.2,99.2,12.82,37.39,5.27,36.1,196.9,71.5,58.73
3117.8,69.9,19.17,25.34,6.03,38.8,222.8,46.7,39.18
597.8,48.8,21.89,20.43,9.73,45.6,290.6,85.9,130.72
4319.6,38.0,34.65,41.26,14.23,95.6,331.3,81.2,78.17
1199.3,107.8,24.35,54.42,10.28,28.8,364.7,66.0,78.73
3229.5,91.0,37.3,30.72,14.37,58.7,260.4,15.9,106.72
2501.1,77.2,8.9,27.96,3.63,99.2,179.8,113.0,20.81
2492.8,107.9,26.5,37.56,9.66,65.7,454.9,55.3,39.13
823.1,32.2,32.77,55.74,12.6,28.8,160.6,59.4,280.85
4112.4,88.2,19.56,38.07,8.13,96.4,514.3,60.2,18.51
4518.7,41.7,21.45,48.91,6.07,40.3,568.1,50.2,11.81
549.6,32.1,33.77,38.5,14.79,14.3,469.7,84.2,138.5
1303.7,66.6,4.61,34.92,2.97,48.8,418.2,11.5,8.39
4567.6,58.7,20.1,37.64,6.75,31.7,445.7,106.1,17.93
2972.7,114.1,25.97,50.74,13.23,83.7,443.5,21.3,53.03
1175.2,52.4,37.77,50.18,13.61,29.8,569.3,120.0,61.63
1412.6,101.5,36.17,37.27,14.73,83.8,583.9,79.1,62.72
3469.9,94.9,28.51,30.7,13.39,13.3,342.0,17.3,61.46
3761.7,86.8,3.1,25.57,1.71,93.6,427.7,71.9,3.0
3197.4,112.0,29.34,20.05,14.02,13.8,511.3,46.4,44.3
4789.2,60.8,19.24,24.53,6.99,94.5,150.5,114.8,44.1
2723.3,59.0,21.3,26.59,10.12,16.6,387.2,93.1,41.26
1851.2,36.1,18.5,47.6,6.52,88.5,443.8,65.8,26.33
2647.5,47.6,29.59,52.72,12.39,84.8,472.7,57.3,49.0
2118.5,108.0,21.42,49.48,9.06,63.5,316.0,119.5,58.49
1509.9,67.4,33.05,48.93,12.84,13.2,283.0,83.4,136.51
706.8,54.1,12.41,59.77,3.71,65.9,232.0,66.5,37.04
2085.0,41.6,13.69,58.5,3.59,65.6,401.0,53.8,13.86
3701.3,68.5,16.58,30.75,7.17,60.1,563.7,45.7,14.51
583.0,91.7,4.36,25.8,1.07,66.8,553.2,87.6,3.0
2476.3,48.7,24.7,26.13,10.7,97.1,312.0,74.7,68.48
3398.0,95.8,14.32,55.82,5.14,99.6,266.0,103.3,22.17
3246.8,83.0,19.91,24.09,8.8,56.8,505.0,70.9,21.66
3994.9,98.8,5.28,33.61,1.98,18.3,476.2,74.1,3.0
4147.3,45.1,8.54,41.21,3.39,22.1,377.4,62.5,7.62
3702.7,83.1,25.24,44.54,9.72,74.8,325.1,93.9,53.42
962.6,35.4,14.15,43.83,5.28,98.4,205.7,55.6,52.91
2637.6,56.4,12.73,51.46,4.01,49.2,503.3,103.7,9.76
3215.3,92.4,11.35,42.87,4.2,18.8,427.9,46.0,10.48
1605.0,83.2,9.48,54.04,4.01,41.8,319.6,86.2,19.6
691.5,38.8,24.93,23.39,9.72,44.7,563.5,108.2,48.09
1506.2,105.8,6.95,54.36,3.35,99.7,446.9,94.6,9.04
2547.0,25.3,17.69,43.6,6.08,71.8,568.2,47.7,14.93
2362.7,79.5,25.59,28.92,10.63,20.6,363.5,87.7,56.34
1295.0,118.4,21.45,59.11,8.19,40.3,354.6,32.8,59.51
4209.9,73.2,24.19,57.59,9.36,14.4,571.8,16.4,23.74
4665.6,100.1,17.18,53.83,4.51,68.8,581.9,97.1,6.92
1406.1,79.5,35.48,56.46,14.06,70.5,582.3,98.9,48.36
4683.1,98.3,17.85,35.29,6.79,15.2,518.5,12.5,15.9
580.4,85.6,11.46,29.11,5.02,40.2,358.1,114.3,40.1
4662.3,89.1,35.83,27.32,13.66,91.3,244.6,59.0,96.42
4783.7,42.8,24.59,54.95,10.17,84.4,322.5,109.6,46.07
554.2,94.2,19.49,53.07,9.6,61.7,572.2,96.7,46.66
3933.6,43.8,32.27,59.24,13.41,53.6,313.6,109.1,82.13
4865.9,118.1,6.76,53.93,1.82,99.4,490.5,101.7,3.0
4576.6,42.8,28.82,45.29,12.73,75.0,565.4,117.1,25.56
4868.2,43.7,25.77,25.69,10.49,95.7,586.7,79.2,20.0
2976.5,105.9,15.68,26.59,6.04,16.4,576.5,35.0,13.57
851.7,44.3,12.39,38.95,4.59,29.1,399.8,52.9,26.81
4324.1,56.1,11.38,50.71,2.47,12.8,371.3,92.7,6.34
3262.2,91.5,30.67,26.93,14.18,88.1,594.4,27.3,41.46
3266.3,35.9,14.97,56.62,2.99,72.5,248.2,112.3,16.93
2377.6,35.9,12.56,47.35,4.63,26.0,234.4,32.6,26.81
3073.3,68.6,28.29,32.49,10.68,97.7,583.4,106.4,23.47
1191.1,44.4,27.55,55.43,10.94,96.0,460.1,63.2,62.02
3829.0,43.6,4.3,43.95,3.25,30.2,391.3,102.5,5.02
837.6,20.9,27.35,49.33,12.4,68.2,209.4,115.4,193.12
3784.0,57.0,19.16,35.42,8.14,70.1,381.0,56.4,25.8
4320.4,51.8,34.6,35.74,12.88,10.4,574.9,86.6,32.63
2626.1,23.1,2.96,20.5,2.22,72.0,421.3,34.9,3.19
2794.2,82.1,3.11,41.52,1.6,29.9,332.1,98.1,3.0
1905.0,82.7,25.31,50.43,9.92,91.1,398.0,100.2,48.14
4862.6,27.1,10.55,58.75,3.1,85.5,548.8,42.5,4.64
3799.1,51.7,22.53,55.69,8.35,91.5,560.8,12.7,22.86
2160.4,107.3,1.8,23.48,1.2,78.2,330.0,57.4,3.0
1286.6,78.2,24.62,59.22,11.92,24.8,423.6,28.7,72.93
1488.1,61.2,34.88,25.98,13.59,42.4,275.6,100.0,152.23
2587.7,66.5,35.61,21.64,12.74,73.8,353.0,38.7,79.53
4741.6,40.8,34.12,49.96,14.42,39.1,248.9,113.8,85.99
3803.7,101.2,29.95,56.24,13.64,73.9,389.2,116.9,54.38
1468.6,111.4,17.31,57.99,7.22,40.3,410.2,110.0,32.65
4368.0,111.1,18.31,53.0,6.58,26.0,302.0,76.0,27.91
2201.9,42.4,32.46,28.2,13.55,56.6,272.5,39.4,120.22
4332.7,51.1,38.37,26.16,13.98,71.8,218.0,98.8,122.41
1587.6,36.1,38.4,22.36,14.62,56.5,212.8,87.2,183.68
3284.0,50.7,29.59,43.28,11.76,67.8,470.2,117.5,41.77
4670.0,53.3,4.94,39.49,3.83,49.4,249.7,51.5,9.18
1660.5,83.3,32.65,24.37,14.23,80.0,203.1,16.5,185.92
3618.2,39.0,33.15,38.59,14.26,68.5,599.5,119.8,33.95
4942.9,111.9,23.51,42.69,10.33,61.7,267.0,102.2,56.6
1177.7,30.3,32.48,48.92,13.0,49.2,553.2,34.4,70.65
897.8,20.7,23.0,36.57,8.86,58.2,424.1,89.8,61.76
3533.9,105.5,29.68,32.73,14.22,14.6,471.8,10.1,54.56
2028.8,90.4,9.74,46.63,2.32,70.0,402.4,71.4,7.19
820.6,55.5,32.17,47.37,13.1,28.4,231.4,49.9,200.69
2638.9,79.5,7.16,30.82,1.78,87.4,531.2,51.9,3.0
3892.0,42.4,17.45,20.79,5.75,83.1,522.6,36.9,13.99
1783.1,36.8,6.36,57.83,2.89,57.5,307.4,40.2,10.64
2007.7,67.1,23.5,50.21,7.71,86.2,493.7,60.0,27.92
4305.6,55.3,11.35,28.04,4.25,70.4,394.4,37.3,9.75
2840.3,81.5,39.49,42.63,14.33,22.7,559.1,61.3,48.42
4292.3,41.8,19.63,43.8,8.83,76.7,511.3,73.5,20.47
2508.8,86.3,37.52,25.04,13.57,99.6,168.4,88.2,181.03
4788.4,96.7,10.54,27.67,4.89,13.7,545.7,84.5,7.0
3428.6,36.7,12.78,58.27,1.36,32.0,585.9,36.6,3.0
1021.5,24.4,26.42,40.32,11.86,63.8,484.0,14.3,78.17
4482.9,64.0,30.09,27.66,10.83,47.4,204.0,101.6,86.01
2701.7,97.4,20.78,51.9,8.64,67.4,513.3,106.0,22.47
1137.4,85.1,32.7,38.82,12.41,62.8,441.4,117.7,82.54
1187.1,90.2,31.23,45.54,12.76,80.9,302.5,115.6,145.7
3593.9,60.3,19.96,31.9,9.23,16.4,547.8,79.7,18.54
713.2,43.5,27.01,22.32,14.52,49.7,404.5,108.4,128.6
1789.7,73.2,35.0,26.6,11.08,87.4,533.8,59.3,49.07
1129.0,40.4,26.31,58.92,10.48,42.6,451.6,96.6,62.43
2484.8,92.6,7.11,44.94,6.06,55.3,279.8,115.1,24.04
2364.6,39.7,5.28,53.24,1.03,11.9,588.8,97.6,3.0
2848.4,49.1,14.13,20.86,4.37,30.2,407.0,55.7,14.45
1758.4,70.7,26.75,50.62,11.69,51.7,382.5,51.6,76.54
644.2,68.7,25.03,39.4,10.94,45.9,331.6,42.1,119.69
3264.7,80.1,14.9,46.61,5.63,74.3,211.4,50.4,32.53
2181.7,63.7,28.05,34.33,9.76,65.1,458.8,100.3,46.97
3431.0,111.9,10.89,44.83,3.73,89.2,343.9,87.2,12.96
989.0,104.0,17.18,21.42,4.69,86.9,570.6,37.5,17.16
562.0,107.9,38.2,21.82,14.26,31.7,584.3,88.3,93.04
1617.3,83.0,16.92,51.95,6.78,11.6,495.4,51.7,24.46
2554.5,83.5,7.48,24.98,4.43,86.9,259.1,71.4,18.26
2273.3,80.9,19.3,20.56,7.82,39.6,472.2,50.7,28.84
4146.4,63.5,18.34,56.5,6.42,41.2,159.2,67.4,48.7
2200.3,52.2,27.97,30.62,11.21,24.3,521.9,90.3,38.95
2887.0,79.2,37.18,43.3,14.47,72.4,372.1,90.4,88.45
3170.8,22.6,25.94,53.56,9.28,35.2,571.5,92.9,22.54
598.2,20.7,24.93,49.84,9.28,25.9,320.0,53.0,114.57
2818.1,105.2,15.22,21.87,6.11,55.3,268.4,86.0,29.84
2051.7,24.6,24.04,42.44,8.9,77.5,597.8,36.3,28.23
2395.8,72.5,21.29,41.67,5.47,34.3,388.8,62.5,25.74
951.3,81.5,1.0,34.0,1.02,75.0,538.4,74.1,3.0
4022.7,39.8,33.65,50.14,13.13,51.6,560.0,85.5,31.05
4740.8,109.6,23.62,58.56,7.01,46.3,383.3,110.3,26.64
600.2,39.0,16.62,25.89,7.89,42.4,355.1,43.5,71.63
3206.2,108.5,9.99,25.81,2.17,23.1,398.8,103.0,5.31
3937.3,96.3,34.66,49.39,12.72,39.9,531.5,44.2,35.81
1781.6,44.1,5.35,38.18,3.38,89.1,584.1,70.7,4.93
4044.0,35.1,19.66,51.81,6.75,19.2,297.7,101.1,32.08
3345.6,51.6,30.54,25.64,12.76,96.2,482.4,89.5,41.84
4681.2,59.8,18.86,21.59,7.41,19.7,278.4,104.9,33.88
4914.5,44.6,33.31,47.92,14.04,42.6,424.9,99.6,50.8
690.6,119.9,14.98,59.79,3.93,64.6,512.2,40.4,19.98
2502.2,43.0,26.99,23.79,11.01,85.4,548.9,119.2,30.55
2961.4,103.1,34.4,54.57,14.69,22.9,351.9,113.1,90.67
1160.3,35.9,20.66,35.41,8.69,22.7,316.4,57.3,74.16
2013.3,118.0,25.57,20.67,10.69,66.6,264.1,15.2,84.85
4944.4,42.6,13.72,40.4,6.51,36.3,210.0,43.4,28.14
573.0,62.2,27.08,31.15,11.52,68.0,314.2,102.0,145.41
2536.3,75.9,33.92,47.74,13.72,83.9,542.4,114.6,45.16
4291.9,32.0,28.15,31.51,10.84,16.9,338.5,101.5,52.59
1957.6,101.7,38.05,39.27,14.1,86.0,292.8,53.6,136.88
2659.1,47.5,23.98,28.02,9.24,13.4,482.6,16.2,36.6
4901.2,74.9,21.46,53.12,9.08,90.9,247.0,66.9,45.57
2636.9,75.0,11.08,57.02,5.26,97.8,265.3,51.4,23.66
1089.1,80.3,28.03,36.13,10.93,70.1,571.2,23.5,56.31
732.7,25.5,32.35,37.96,13.35,98.6,186.7,21.6,244.16
4754.4,36.9,24.86,59.31,10.05,84.0,336.6,26.8,43.79
1696.1,36.1,12.59,25.68,4.26,14.0,409.5,32.6,16.63
2768.3,50.2,23.38,52.34,8.62,10.3,253.6,92.9,59.43
908.2,34.5,29.45,42.69,11.58,11.9,276.5,52.0,160.37
2406.4,112.2,34.04,55.23,14.15,50.7,249.8,58.1,138.6
4685.5,71.3,6.94,31.7,3.19,66.1,305.3,75.8,7.51
2760.9,82.4,6.57,31.85,2.78,53.3,554.3,115.6,3.97
4870.1,55.7,20.14,33.03,6.78,70.9,344.2,93.2,23.09
1664.8,47.6,7.07,20.67,2.76,50.5,338.0,81.0,10.08
2770.5,70.3,31.83,26.8,14.73,13.8,324.0,91.8,93.39
4367.9,49.4,21.44,59.78,6.94,30.4,583.9,89.1,12.13
2517.1,54.4,18.66,29.96,8.47,99.3,202.8,85.9,68.43
1757.7,65.3,11.72,20.8,4.18,41.1,542.3,64.6,10.16
4349.6,70.6,20.24,31.14,7.29,39.2,297.2,72.4,33.64
2254.5,118.4,36.02,36.34,14.79,23.8,580.4,60.8,48.64
2888.3,42.3,12.6,41.91,7.84,98.8,291.9,53.4,35.02
4894.4,68.8,5.76,22.74,1.12,30.7,187.3,39.8,3.54
1339.2,35.0,16.09,51.62,4.4,68.2,384.0,49.1,22.16
1856.3,55.0,38.17,53.02,14.7,13.8,252.5,57.1,163.38
639.8,91.7,29.78,28.53,14.85,16.0,488.8,73.7,111.79
2263.3,37.4,17.46,51.94,3.95,74.5,445.8,65.0,13.45
1400.8,78.1,20.13,34.46,9.61,67.2,458.9,21.9,47.12
3560.2,61.7,3.54,36.92,2.08,71.2,237.1,47.4,5.07
1315.9,25.2,25.24,57.46,9.08,30.8,468.9,51.4,47.18
3536.7,113.3,9.71,55.68,2.76,98.6,290.1,87.8,10.63
1685.6,61.4,30.9,35.0,12.46,60.3,599.4,46.6,49.12
2098.5,98.4,32.85,39.52,14.15,97.3,479.3,10.9,64.16
2069.9,61.6,13.86,31.46,3.42,24.8,415.7,19.3,13.39
3725.4,113.7,19.08,40.62,7.48,46.5,540.2,64.7,16.72
2599.3,49.0,2.89,47.28,2.43,40.2,415.2,30.7,3.67
2125.8,61.2,18.92,23.71,5.75,78.0,398.7,64.4,26.6
4336.8,95.9,7.05,56.79,1.91,77.3,256.8,73.2,6.28
3073.8,54.4,16.16,48.75,4.7,53.8,455.2,112.7,12.16
1462.2,56.4,37.9,23.87,14.86,11.5,318.6,82.1,147.39
4550.4,119.5,12.91,54.76,1.62,25.8,169.4,13.4,8.36
2041.9,75.6,31.03,49.75,13.03,14.5,517.2,51.9,49.4
675.4,88.9,6.84,32.53,2.08,86.2,173.3,97.3,21.1
2725.7,84.3,23.49,40.86,8.41,36.1,452.5,38.7,31.05
1057.7,102.8,17.95,54.41,7.33,20.6,220.5,111.7,86.58
1573.1,106.2,36.7,58.73,14.04,41.9,344.7,68.2,127.23
3862.0,76.3,1.87,31.24,3.79,17.0,536.6,20.2,3.0
1088.4,49.5,9.87,46.02,3.52,98.1,192.5,36.6,30.0
4131.2,22.3,28.1,54.41,11.48,38.4,450.2,109.7,33.7
4716.1,81.4,27.25,59.53,11.16,94.0,425.7,119.1,38.46
3229.4,102.5,24.18,22.83,10.79,71.4,540.4,104.9,26.28
3696.6,65.1,7.86,40.14,1.37,60.9,227.7,45.3,5.07
3711.1,36.5,11.16,54.95,4.64,52.8,509.9,94.6,8.52
4967.6,48.8,31.95,20.13,12.76,71.9,352.6,34.4,56.4
2036.9,71.0,23.54,37.49,9.41,71.8,342.9,52.3,59.78
1232.9,103.7,25.19,43.37,9.43,10.9,312.8,86.7,86.71
2836.3,37.2,18.12,41.06,5.14,91.7,323.5,116.6,25.04
2899.6,81.2,13.26,49.31,4.64,43.1,384.0,58.3,15.71
1300.6,95.3,37.3,22.62,14.25,41.8,198.1,64.5,208.14
3259.0,113.6,28.17,51.42,11.19,46.6,341.3,34.2,58.26
563.6,31.7,6.87,31.33,2.78,71.7,443.4,54.4,13.22
4674.5,112.6,34.07,52.97,14.13,43.8,374.2,16.9,59.68
1690.6,80.1,22.2,36.78,9.15,43.6,224.6,104.4,85.8
678.0,96.7,16.74,21.72,5.67,15.7,313.4,12.6,51.12
987.1,25.4,17.41,58.56,6.56,47.5,349.3,85.2,48.39
1581.1,70.6,25.28,51.22,11.16,23.5,451.0,40.1,61.55
1732.6,82.3,15.75,33.91,6.27,87.0,555.3,62.4,17.54
647.6,50.7,18.36,30.8,9.1,40.1,397.7,41.0,65.04
1757.1,63.2,26.62,43.56,10.95,96.5,454.4,54.0,55.04
1368.2,75.4,10.59,59.49,3.74,71.6,184.7,70.1,30.86
2203.8,75.3,40.13,31.61,14.22,78.1,579.5,80.5,50.51
2233.3,24.2,19.81,57.93,5.99,95.3,291.8,113.4,37.65
2025.5,63.9,14.7,33.22,6.87,31.5,309.4,46.5,35.01
1975.7,41.4,27.4,48.16,10.78,61.1,250.3,74.3,97.4
903.8,111.7,24.56,35.27,9.52,13.7,188.1,109.2,147.96
613.4,117.7,17.78,23.4,7.16,19.1,505.5,41.9,43.04
1409.5,50.0,24.72,57.45,10.1,43.0,258.2,105.2,96.51
3904.9,37.5,32.31,26.56,13.64,71.4,277.2,115.3,82.89
4958.6,42.0,35.69,57.79,12.2,84.9,231.8,103.2,88.79
4678.4,67.8,29.59,24.13,12.54,33.1,588.7,72.7,26.56
2769.0,107.5,13.64,30.68,4.62,77.4,501.5,89.4,10.99
2893.2,70.0,10.22,56.84,6.87,30.2,568.5,62.9,10.83
1915.6,25.5,24.6,46.34,8.75,10.5,537.8,75.7,28.25
3982.7,24.0,9.28,27.58,1.62,14.9,557.8,117.2,3.0
3941.4,42.7,25.93,43.68,11.78,62.7,365.6,37.6,52.38
4299.2,104.3,13.18,27.22,5.53,54.7,226.7,97.2,24.68
4529.8,82.1,14.75,54.98,4.96,34.3,297.1,65.7,19.36
2454.6,76.3,12.71,21.99,4.63,10.6,281.6,29.5,23.06
3950.9,51.9,14.82,41.19,4.97,61.1,472.7,80.8,11.78
4128.8,112.9,14.32,22.54,5.73,83.6,161.6,97.2,37.46
1888.1,53.1,29.37,47.8,9.47,16.2,213.9,72.6,105.58
4681.6,103.5,21.08,57.43,9.17,76.3,457.3,102.1,21.7
924.5,109.6,20.61,53.24,4.58,67.1,205.5,50.2,61.87
4974.2,68.3,14.67,34.87,3.89,53.1,171.7,110.5,21.68
3965.4,109.4,33.41,29.48,12.57,14.4,199.1,81.3,104.13
919.7,47.7,4.16,24.84,2.3,93.1,460.8,98.3,6.22
3453.0,85.8,23.54,54.94,8.18,53.0,212.7,40.0,56.61
653.8,28.8,22.87,23.24,8.29,46.0,215.8,59.1,129.28
3965.8,67.4,16.43,45.15,9.04,87.5,253.6,110.1,47.17
4096.5,41.7,28.6,34.69,13.4,86.1,487.9,15.6,44.1
3210.8,26.3,25.46,59.83,9.73,75.5,240.2,54.4,66.23
4355.9,20.4,35.25,40.35,14.63,84.6,165.9,95.8,128.84
940.5,52.5,30.81,41.95,13.2,21.2,557.6,91.8,62.44
1741.7,79.0,14.45,56.72,4.01,78.5,544.3,103.7,9.94
2363.8,65.5,9.41,58.79,4.38,39.5,233.2,91.3,23.39
691.1,50.2,14.04,43.35,5.83,88.1,269.4,114.2,57.31
2517.0,119.1,14.97,51.85,6.48,43.3,234.9,64.8,36.6
1693.5,114.0,23.64,45.39,8.74,14.9,473.8,78.7,38.13
2267.3,32.6,6.63,37.1,4.26,47.3,262.5,103.2,16.57
2413.0,61.5,9.97,22.29,4.11,78.1,569.2,87.2,6.96
4457.4,84.9,11.41,48.71,6.34,55.1,522.4,21.2,12.36
1716.5,93.3,25.0,48.01,10.41,78.7,414.8,50.4,56.58
4521.8,56.6,28.63,24.67,10.63,13.2,154.0,70.8,97.04
2416.9,94.6,37.95,29.2,14.67,25.9,547.7,93.0,51.57
1975.1,32.4,8.63,49.29,3.83,60.7,477.5,69.8,9.63
2761.3,53.2,18.55,25.99,6.5,44.7,504.6,95.5,16.84
2379.8,91.6,34.81,47.64,14.51,71.2,182.3,102.1,173.16
1658.2,82.6,30.6,48.72,10.66,96.6,468.9,39.2,53.59
2762.1,103.7,22.98,34.13,9.29,69.4,512.1,77.8,26.08
1183.1,24.7,12.76,30.33,8.56,47.6,580.5,71.3,22.81
2083.7,37.4,9.42,34.92,2.06,58.8,411.2,35.0,5.94
3046.1,24.8,31.69,34.37,13.51,92.2,378.6,63.9,69.53
2360.3,39.2,23.62,44.28,9.76,70.6,341.4,70.3,54.4
4207.6,20.4,23.72,49.75,9.0,82.3,465.6,99.9,25.32
1655.2,70.4,17.4,54.47,8.55,37.1,564.4,60.7,22.85
4864.0,72.8,17.14,21.2,6.49,77.0,419.9,18.9,18.43
4031.2,85.8,14.1,49.06,4.57,22.5,252.3,63.6,22.29
4854.2,58.5,29.71,32.57,11.57,77.5,157.9,102.2,103.96
4271.6,20.3,18.91,53.55,8.13,89.3,428.6,72.8,25.11
1139.5,87.4,8.37,23.03,1.48,91.0,539.1,45.1,3.97
2869.1,25.4,14.16,42.05,6.59,20.5,179.7,111.3,45.13
1264.9,106.6,32.32,41.95,14.0,84.7,328.9,27.1,133.8
4182.0,22.3,15.93,33.06,6.23,19.9,573.0,46.0,10.81
3128.7,73.0,18.49,58.81,6.79,53.1,375.8,58.1,24.1
1685.5,109.5,23.42,24.28,9.74,71.4,249.3,91.2,92.8
4683.2,77.2,33.8,25.46,12.22,53.6,309.1,101.9,64.98
1018.3,80.8,26.71,45.77,10.36,40.6,333.7,16.4,89.08
3037.4,88.2,31.9,40.57,12.9,71.5,202.8,97.1,117.7
3744.7,32.2,8.75,30.58,2.6,69.5,447.4,89.3,4.91
764.8,87.5,36.27,32.17,13.94,62.5,416.5,108.4,132.89
3190.4,108.0,34.13,26.28,13.65,57.6,441.5,109.0,56.74
4171.6,117.4,15.59,54.71,8.27,73.5,424.9,95.5,23.0
803.9,64.3,27.69,42.78,9.75,46.3,157.5,30.9,166.6
2805.1,54.5,11.51,29.79,3.98,16.2,228.5,44.5,20.45
1663.5,95.3,20.78,35.74,7.27,58.4,224.5,113.0,66.03
3483.2,74.3,9.61,56.27,3.84,75.1,194.1,75.8,19.99
1034.0,45.7,1.0,55.47,1.31,36.9,481.0,69.3,3.0
4716.7,37.2,29.05,22.76,14.73,22.7,204.1,110.7,103.64
4526.3,37.0,9.81,46.16,4.63,92.1,450.7,106.2,8.82
1336.9,65.9,24.95,26.12,9.3,87.7,230.3,90.0,112.36
1954.7,37.0,17.86,28.44,5.2,65.7,203.2,107.0,48.81
3144.4,22.0,17.14,54.57,6.19,80.8,223.1,22.5,32.92
3731.3,25.2,13.95,55.81,6.57,97.2,378.8,93.3,20.5
2492.0,113.0,12.74,23.31,5.69,61.2,440.5,116.2,16.59
1203.3,27.3,28.91,54.96,9.92,32.0,515.4,15.4,58.4
968.7,27.3,31.31,49.14,14.45,67.5,207.9,34.5,221.21
4998.9,65.1,24.41,51.03,7.0,92.3,427.3,97.3,21.98
2549.1,44.5,41.27,51.67,14.63,72.1,498.2,67.2,66.41
4426.4,116.3,32.21,40.29,10.35,12.4,290.6,19.5,59.4
2670.7,111.1,24.99,57.88,9.5,92.5,185.9,39.5,85.39
4650.6,60.5,10.91,28.01,4.32,77.8,220.2,45.6,19.38
894.9,64.9,7.4,40.2,1.88,46.2,191.2,45.3,15.31
1013.1,57.5,34.46,32.74,12.93,98.9,549.2,106.5,60.88
4683.3,23.8,20.83,52.9,9.04,75.0,319.5,82.8,36.27
4763.7,49.3,14.34,23.31,6.8,84.3,385.5,90.8,18.24
1916.2,32.3,29.59,37.35,12.37,94.9,495.9,11.5,66.31
2098.2,30.2,11.98,50.94,5.35,13.6,317.2,57.0,24.1
2536.0,76.1,33.26,32.49,11.97,79.7,442.1,45.0,58.34
2372.7,29.9,13.01,29.62,5.59,44.8,184.5,103.7,37.38
1355.2,30.3,34.24,30.5,13.89,88.2,366.4,114.9,120.95
4542.7,68.1,15.88,48.54,4.75,89.1,193.4,56.6,25.96
1639.9,64.2,12.57,31.47,2.93,84.6,261.7,117.0,18.87
3673.7,33.8,27.4,36.11,10.77,80.1,282.0,11.6,66.68
802.2,20.4,10.7,41.83,3.28,81.5,472.9,45.8,15.11
674.4,39.3,31.82,57.63,14.29,36.7,453.3,95.2,113.76
3441.8,43.6,28.48,51.77,10.18,46.6,486.2,49.6,33.28
2025.6,100.0,15.52,27.41,4.23,20.4,177.8,111.3,42.09
3449.6,111.5,5.41,55.32,3.92,84.8,597.3,34.0,4.83
923.1,60.6,39.34,53.79,13.93,68.1,174.5,97.5,303.2
4774.3,60.5,21.77,49.81,9.51,65.1,521.6,32.2,20.06
3868.3,91.2,34.86,40.68,13.51,32.1,483.1,31.7,52.1
4443.2,82.7,8.08,22.79,2.54,65.4,416.3,59.0,4.66
1114.1,38.4,33.92,48.46,13.96,50.9,347.5,113.9,144.03
1940.7,30.8,20.43,40.73,8.28,99.6,490.7,74.4,28.25
2157.5,63.8,22.85,32.39,10.36,87.7,482.9,79.9,38.49
2917.3,76.5,17.88,20.4,6.22,57.3,211.7,11.1,36.48
1835.9,33.9,5.35,29.24,1.83,82.8,506.7,16.2,3.73
772.8,49.3,31.22,44.23,14.41,24.8,185.4,17.4,256.4
2160.0,50.6,33.22,24.49,14.92,19.1,375.2,100.2,87.19
1645.5,46.1,12.16,46.22,6.1,66.8,440.3,36.1,24.85
2236.6,66.1,33.12,52.79,14.21,75.4,519.8,46.2,54.16
1386.3,85.3,11.16,32.73,3.35,14.8,358.4,77.1,15.19
1678.5,70.9,7.15,23.28,3.17,28.1,256.6,74.2,16.06
3321.3,40.1,9.58,25.59,2.02,58.4,370.8,55.2,5.95
2246.7,30.3,16.54,34.32,6.48,15.7,262.6,10.5,37.04
2054.2,102.2,5.12,52.54,1.73,48.2,387.9,59.5,3.98
2902.6,67.9,17.06,45.37,6.53,53.4,358.1,91.3,25.53
3973.4,26.2,12.94,54.72,2.94,93.0,501.2,35.9,5.69
2204.9,45.8,23.71,59.78,11.23,38.4,258.0,87.9,89.05
3143.8,100.4,36.1,28.1,12.67,25.2,240.0,11.7,97.5
4847.9,95.2,29.33,47.79,10.63,10.7,363.4,109.9,44.34
2848.9,107.6,10.69,38.66,3.81,20.9,172.7,114.5,24.17
4594.1,80.2,32.54,39.74,11.74,77.6,253.2,10.3,71.27
4071.5,62.3,11.37,33.02,4.49,50.0,309.2,60.4,14.62
764.2,62.7,29.61,33.7,11.63,27.9,369.4,55.5,113.95
2430.9,39.4,20.95,47.05,8.94,94.0,271.2,102.6,60.38
3642.4,85.1,19.01,44.83,6.13,80.9,402.3,69.5,20.44
4940.2,78.5,4.87,32.74,2.17,20.3,545.3,77.3,3.0
2562.7,35.5,30.79,24.74,12.59,34.2,394.7,32.3,64.39
917.5,108.6,36.59,43.13,14.16,86.4,279.1,18.5,193.47
3029.0,56.8,28.89,49.58,10.32,72.3,177.9,86.2,94.08
1069.5,25.0,32.89,42.34,14.5,95.1,211.5,78.3,219.02
3881.8,52.8,36.64,20.15,14.08,16.9,402.5,101.6,66.34
2784.5,107.0,7.62,31.29,3.72,79.8,457.7,102.9,6.99
3755.4,111.7,21.39,51.14,11.24,16.9,172.4,79.4,89.93
4412.1,69.0,13.3,49.7,5.89,40.3,233.5,69.2,24.45
3330.3,115.6,22.5,20.42,7.83,77.6,293.6,110.5,39.6
3256.0,107.5,9.32,38.81,3.2,74.0,293.9,98.1,10.56
3895.6,102.5,34.08,37.49,14.65,10.2,581.3,107.1,34.33
4291.0,106.0,27.85,46.09,11.17,28.2,241.7,119.5,74.69
4410.7,58.2,12.96,25.0,4.74,80.1,178.1,54.4,26.43
663.9,95.6,18.13,44.86,6.2,21.4,308.9,88.9,68.79
3002.9,77.7,13.07,57.88,6.91,39.4,210.5,85.7,42.17
1473.2,92.0,28.06,34.87,11.47,26.6,207.0,29.2,127.36
4371.6,37.8,34.48,33.49,13.96,20.0,333.4,80.0,69.11
3417.8,93.1,10.55,21.13,5.5,85.3,287.9,57.1,21.4
2391.0,115.8,15.38,22.3,7.62,15.5,191.3,59.6,60.86
1346.5,50.3,22.31,57.26,9.3,58.2,421.9,29.8,51.14
2025.6,118.6,16.99,59.02,6.51,72.3,375.8,91.9,31.96
3667.0,57.8,20.57,20.23,8.06,15.2,184.7,86.8,52.87
1419.6,40.0,6.03,56.03,2.48,67.0,538.2,68.6,4.91
921.1,31.2,7.91,26.96,3.35,40.1,278.1,27.2,20.84
4496.1,98.5,16.03,42.45,6.62,85.0,582.6,71.3,10.08
3938.9,75.5,34.66,47.13,13.81,81.8,569.2,21.0,42.62
1399.1,50.7,19.28,34.36,5.89,81.5,345.3,47.3,36.95
1815.4,80.8,5.68,41.16,4.5,45.9,252.9,51.0,19.35
4874.3,53.2,30.09,45.1,11.4,84.0,525.7,107.2,27.04
3686.8,64.8,34.53,27.76,14.29,66.7,312.6,55.7,89.88
3247.3,106.3,20.66,59.77,7.43,44.1,223.6,75.8,53.97
1884.3,86.8,8.13,28.16,1.12,17.3,398.2,106.2,3.45
1846.1,96.2,24.19,20.41,10.63,16.0,370.2,56.8,60.15
677.9,78.3,20.5,57.77,6.81,32.6,532.5,107.2,32.84
3778.2,119.1,22.23,37.17,10.43,37.0,478.2,25.0,34.23
694.3,44.1,13.63,35.94,4.89,93.5,544.3,50.1,22.46
521.9,46.2,3.65,31.03,1.03,100.0,480.6,20.4,3.6
3782.7,29.3,15.53,21.03,5.82,22.9,439.0,71.7,15.33
4769.9,75.4,24.03,30.58,10.87,94.8,375.1,115.3,40.48
3904.3,81.3,18.27,35.73,6.5,73.6,594.4,82.3,11.56
2622.4,92.6,16.12,40.81,4.07,54.9,581.6,78.9,7.9
2687.2,53.5,16.33,38.31,7.5,95.9,532.0,40.6,18.98
2462.6,21.2,29.09,55.16,11.53,74.2,498.9,112.4,38.99
1960.9,83.2,10.71,56.45,2.67,63.4,409.9,61.9,8.88
2847.7,119.9,25.68,32.69,10.68,28.9,266.9,39.4,77.68
2440.2,49.5,29.87,58.38,10.34,32.0,543.9,118.6,33.96
3191.8,38.4,14.95,54.6,6.19,92.0,154.9,56.5,44.7
4541.5,48.2,35.2,57.11,14.58,29.4,252.3,50.9,83.72
4977.5,62.5,30.13,48.25,13.53,12.9,331.7,13.8,58.52
854.3,45.1,14.86,27.93,5.43,34.0,413.8,29.6,33.12
2231.1,54.7,5.31,27.81,1.44,53.3,402.4,99.0,3.18
1313.2,83.8,16.14,56.35,5.32,44.4,229.1,63.1,48.52
2084.5,54.5,8.98,40.28,3.87,94.2,197.2,115.0,24.01
1793.6,59.6,19.88,55.62,8.66,47.7,250.0,19.2,63.87
1285.4,24.0,35.27,48.82,13.86,90.0,306.9,77.8,146.03
3938.3,111.8,36.52,28.5,13.18,63.5,156.3,89.2,134.79
2733.3,60.7,16.03,35.39,5.28,57.2,461.6,78.3,14.78
4636.6,52.8,23.64,58.71,7.0,24.4,261.5,68.3,40.38
646.7,28.6,7.14,20.78,1.51,34.4,308.1,73.6,9.82
801.4,83.4,23.38,48.58,8.62,88.0,300.7,85.9,84.98
2314.7,106.4,8.38,59.15,1.89,80.2,380.3,105.0,6.13
861.2,24.1,38.99,24.17,14.14,50.3,536.9,47.0,90.33
1682.3,34.5,35.93,30.88,13.14,91.8,217.2,60.6,171.28
4937.1,34.6,7.94,41.88,4.0,83.7,303.3,80.0,9.98
1440.3,80.2,29.22,53.75,10.79,20.1,461.4,44.6,62.05
1391.5,112.1,23.39,40.26,8.95,64.5,169.9,29.7,109.2
3081.4,63.8,29.52,22.38,12.22,81.9,523.5,116.3,37.96
2741.0,54.4,14.3,25.09,7.66,82.8,582.8,31.4,16.27
3112.0,96.6,5.85,35.04,3.68,18.2,423.4,35.6,6.87
2195.3,94.3,23.81,32.9,9.96,30.2,580.4,78.1,26.97
4220.4,44.7,2.49,28.79,2.12,47.2,335.9,18.5,3.0
1123.6,36.1,22.09,53.61,9.18,32.6,336.8,13.7,66.07
2427.8,55.8,13.29,21.08,3.98,19.8,197.8,17.0,23.62
3603.9,97.6,24.61,53.17,10.59,66.6,166.0,23.6,93.46
4407.1,89.5,31.21,56.87,12.59,55.7,260.0,57.2,71.13
2163.1,86.6,4.62,45.2,2.53,23.9,365.2,101.2,6.18
3054.9,102.9,18.08,45.01,6.6,62.8,378.5,47.6,25.26
811.1,47.7,29.44,25.96,11.27,15.6,247.9,57.0,180.17
1266.4,54.0,5.3,42.73,3.29,44.5,425.8,76.0,8.59
811.1,24.2,20.29,35.01,8.93,81.3,231.5,43.2,113.45
3775.5,106.9,22.13,29.16,10.41,90.1,296.8,57.6,53.92
1796.3,78.2,17.25,43.33,5.97,32.1,238.1,52.5,45.83
3756.9,49.8,31.58,20.05,12.65,87.4,463.5,47.6,43.28
798.8,26.9,20.59,31.06,8.15,90.3,382.5,52.7,64.83
4381.5,92.3,24.1,46.24,9.78,64.6,481.2,11.2,29.78
4259.9,94.9,9.8,38.2,2.97,98.4,175.8,107.5,14.12
900.2,86.6,6.07,25.83,1.32,32.2,341.4,117.5,6.45
606.9,40.4,4.45,20.05,1.71,16.2,585.1,104.9,3.68
753.3,111.3,31.5,30.82,13.65,85.9,174.1,10.6,244.96
4341.3,95.3,32.54,41.96,13.36,54.2,338.3,92.6,67.3
1556.2,85.8,29.74,41.38,12.31,41.2,168.2,73.0,181.46
2967.2,85.1,16.91,25.24,3.79,15.0,216.0,20.4,24.28
2418.1,110.4,20.07,44.55,8.36,15.8,358.1,112.6,40.12
4079.9,112.8,30.8,59.96,12.15,18.2,220.9,95.4,94.23
2700.0,79.6,27.42,43.39,10.45,26.5,383.4,26.0,49.42
2753.0,61.7,12.22,41.11,2.62,97.3,565.2,116.0,4.05
4950.9,56.4,30.7,44.91,13.54,35.3,240.2,23.9,87.21
1175.6,101.9,13.49,55.19,3.25,83.5,198.2,60.0,31.13
4238.2,84.5,9.39,57.84,3.41,11.7,521.4,27.5,5.71
732.9,27.7,40.82,21.64,13.61,39.0,357.1,26.5,162.64
2649.4,34.2,20.99,28.2,7.78,91.6,547.2,116.5,18.08
4488.5,110.0,12.62,24.63,6.22,26.7,287.8,72.9,21.57
3493.5,108.4,21.54,50.89,8.75,35.6,432.4,38.5,30.59
3583.5,115.2,39.91,21.82,14.74,84.4,565.5,95.4,40.12
1684.9,62.8,8.4,56.11,2.67,20.9,227.3,106.3,15.61
2383.6,98.4,28.49,20.82,11.6,14.8,510.3,110.9,38.67
2149.6,102.8,17.22,44.1,5.68,96.9,434.2,112.6,22.13
2846.5,51.6,7.03,31.02,2.64,46.4,515.8,109.6,4.26
2580.0,34.5,17.25,38.82,6.91,69.2,226.8,80.3,46.09
1971.0,119.7,19.14,37.68,8.68,21.4,345.3,47.7,49.38
1874.7,23.0,16.12,49.96,3.88,29.8,208.0,111.8,32.01
1628.8,79.7,13.68,39.87,6.67,51.4,582.0,23.5,18.89
2142.7,85.0,25.28,36.85,9.9,70.8,178.2,28.6,98.24
1174.7,88.2,24.3,49.21,9.07,36.4,179.5,57.7,130.11
4424.5,45.6,27.54,57.03,11.12,89.6,554.2,41.2,25.55
3209.5,92.2,27.47,51.76,12.71,80.3,285.3,77.7,82.5
1102.0,41.6,14.48,49.47,6.73,59.6,418.7,109.6,37.65
3622.4,102.9,19.49,39.51,6.92,51.3,279.4,64.0,35.61
4314.5,41.9,17.95,56.01,7.95,65.8,441.9,70.9,20.86
1568.9,89.7,16.32,39.45,8.93,75.8,236.6,56.5,72.33
1177.7,98.3,8.95,57.21,2.52,22.1,356.5,87.8,12.08
538.8,38.9,11.75,52.12,5.38,86.7,390.1,21.1,36.2
712.6,43.8,11.73,26.01,3.41,54.0,300.1,15.3,29.56
3930.1,97.9,16.12,21.88,6.4,94.2,263.3,80.5,31.76
4942.3,28.6,34.89,49.63,14.63,96.0,213.1,68.8,103.6
702.0,39.1,23.22,47.43,9.16,12.8,467.8,54.8,63.26
3866.3,65.6,14.71,44.08,7.01,44.6,225.7,46.7,34.4
823.4,113.0,20.05,59.05,8.92,57.4,281.5,15.7,92.55
3164.6,76.2,25.06,41.82,10.37,58.6,301.6,84.9,60.02
3902.3,58.8,14.87,33.92,7.09,84.0,354.5,56.4,24.0
2116.4,117.8,20.86,42.6,7.27,22.7,466.2,59.0,25.95
549.2,66.4,25.96,21.14,10.82,66.0,342.6,108.3,129.55
3178.4,63.4,1.91,43.17,1.85,94.8,542.0,91.1,3.0
4960.6,61.2,20.01,56.1,8.56,99.7,455.9,34.1,21.54
1659.3,51.2,22.23,20.17,8.66,10.9,527.3,82.3,26.44
1352.7,52.6,27.33,53.81,11.59,97.5,472.4,24.5,65.53
1057.7,88.8,37.14,52.08,14.76,21.0,216.9,31.3,253.79
2998.7,24.1,31.65,24.24,12.14,58.3,590.1,88.6,31.92
3184.0,88.2,27.73,53.87,8.05,32.2,504.0,23.8,27.18
4065.2,40.1,13.21,50.54,3.37,64.6,407.7,40.8,8.86
3888.8,58.4,18.33,39.64,9.24,13.3,224.4,108.8,55.72
4516.4,34.7,30.08,29.81,12.68,31.4,227.7,91.2,79.0
4126.0,75.3,33.52,31.52,14.05,37.1,426.4,112.2,51.22
1612.7,92.9,32.6,44.49,12.55,92.4,337.3,107.0,104.62
3001.4,55.5,7.58,29.85,3.65,62.5,454.1,44.4,7.94
1838.4,36.3,25.65,33.01,10.98,73.7,317.6,79.6,77.82
1984.0,42.7,28.91,57.23,13.32,70.8,380.8,51.7,86.5
4693.7,101.8,24.42,49.17,10.53,45.3,234.6,86.7,59.68
3568.5,46.8,24.69,49.44,10.6,11.3,219.8,48.3,61.21
4885.7,97.5,19.47,58.24,8.0,19.6,184.0,10.1,43.42
2376.1,53.1,21.25,20.23,9.92,51.3,518.8,20.3,35.34
2918.5,38.9,16.73,29.78,5.12,94.7,399.9,94.8,18.64
2692.0,92.7,8.58,46.32,2.24,32.4,576.2,19.2,4.3
982.8,66.9,26.61,37.53,12.59,72.8,487.3,75.9,72.88
1565.2,23.1,34.75,24.51,14.2,84.4,495.9,104.4,69.65
2874.4,116.0,27.19,51.25,13.0,91.6,379.1,91.5,62.26
803.2,34.8,19.08,21.88,5.67,36.4,517.0,55.5,27.84
4691.6,55.3,12.15,41.75,2.31,93.8,573.9,32.9,3.47
1057.3,58.5,13.15,42.5,4.92,64.7,474.8,111.5,17.86
1390.9,68.9,28.88,45.44,12.8,55.8,197.5,72.3,159.46
3943.9,98.5,23.42,32.63,10.18,80.1,443.0,54.6,31.88
936.2,20.6,34.07,20.94,14.53,31.5,204.2,113.6,224.53
4551.3,113.2,15.01,55.56,5.8,83.1,184.8,33.7,27.28
3765.7,84.6,26.17,57.17,8.72,68.5,461.8,58.7,27.48
808.8,115.1,32.61,39.28,12.06,81.9,525.7,22.0,86.18
3613.3,101.7,14.75,20.83,4.28,87.0,221.5,23.7,21.29
3342.3,112.8,35.86,43.23,14.5,65.6,183.4,53.8,125.58
3908.1,80.1,19.91,32.64,9.29,13.3,548.9,87.0,20.14
4226.9,55.7,2.24,27.3,1.11,36.8,209.5,47.3,3.0
3732.6,64.3,5.29,26.76,1.35,89.0,165.8,85.9,5.05
3137.8,85.8,29.1,27.17,13.35,66.4,474.5,98.6,43.3
1951.1,62.7,25.99,33.23,10.03,90.1,531.5,106.5,36.4
3637.7,93.2,31.29,31.22,11.68,44.6,381.5,14.9,56.42
4806.4,29.2,31.18,53.46,11.98,55.4,393.0,95.1,44.72
3143.8,103.0,19.35,39.81,6.89,87.6,301.6,26.2,33.13
3489.6,40.4,24.42,37.11,12.18,78.6,257.3,86.8,77.61
2467.1,114.4,38.49,25.83,14.13,44.0,489.9,50.9,59.0
3902.5,35.6,5.14,55.04,3.41,12.0,532.2,87.9,3.75
4989.5,32.9,28.45,22.19,11.7,89.2,294.6,33.5,55.71
1221.8,101.2,16.07,29.58,5.31,80.8,273.2,80.9,44.59
1410.8,101.9,15.73,44.86,5.5,50.4,270.5,23.8,40.84
2927.5,93.9,13.76,48.09,6.78,59.2,172.8,28.7,42.02
2666.2,116.1,28.82,52.05,13.09,28.4,276.5,77.6,86.15
3072.1,47.1,5.87,36.41,1.31,47.1,161.5,47.0,5.71
720.8,102.7,19.8,33.87,7.07,24.7,504.8,87.4,35.48
2319.2,55.2,22.88,31.54,10.52,29.0,265.2,85.4,77.06
3123.4,73.7,9.03,42.72,2.55,86.2,460.6,78.4,5.14
3133.4,64.6,25.26,33.95,12.09,42.6,394.4,90.4,49.82
3458.0,20.6,36.5,33.12,14.19,83.3,526.9,97.3,41.05
3741.0,77.4,4.58,20.68,2.27,52.7,582.2,110.3,3.0
3387.0,94.8,9.47,57.93,3.14,16.4,315.3,18.9,9.77
4056.1,37.5,35.4,22.42,14.64,42.5,189.8,72.9,144.51
3311.4,113.2,14.15,30.83,3.77,24.2,487.3,92.4,8.52
2918.8,73.0,7.57,56.86,2.11,72.4,159.6,33.9,10.76
3227.9,37.8,33.16,49.41,14.33,92.0,250.3,39.0,108.91
955.4,84.6,34.12,43.13,13.5,78.7,174.0,39.4,247.85
1729.2,39.2,31.84,46.43,10.18,80.1,554.2,73.0,41.01
2873.3,26.4,24.28,23.88,8.72,87.6,152.4,50.3,88.56
4428.4,88.5,33.72,52.35,13.87,79.9,371.7,83.3,56.38
3555.7,31.1,22.91,30.0,10.18,61.2,340.8,77.1,48.32
906.8,30.6,23.65,58.25,10.22,74.3,443.7,82.3,67.83
3165.2,94.0,33.51,29.25,12.81,47.4,280.4,37.8,89.82
1497.8,25.5,22.68,45.01,10.15,16.4,543.2,94.4,38.7
3803.1,101.0,20.53,41.81,8.05,73.5,480.5,83.0,22.82
4223.5,99.6,21.16,25.72,6.46,74.9,344.5,24.4,26.67
3170.6,34.1,20.95,34.52,8.04,30.1,311.1,32.0,39.21
3161.1,71.8,17.89,51.25,8.31,95.9,517.1,43.1,19.72
2023.7,29.7,22.45,28.5,6.05,14.7,490.7,113.0,22.4
2508.1,83.3,24.02,58.51,7.27,76.2,329.6,45.9,44.57
4388.5,26.3,31.62,31.82,12.23,97.2,303.6,12.2,57.32
3754.9,114.4,21.54,45.07,6.83,37.8,167.5,25.6,51.11
2838.9,40.8,4.32,44.75,1.36,92.1,186.8,13.5,4.39
2157.0,88.3,15.59,38.83,4.96,84.4,174.3,54.3,37.57
726.7,32.8,10.49,46.21,4.24,77.0,161.0,97.7,55.11
1143.5,41.0,25.79,49.74,12.11,95.8,218.8,59.5,161.33
1368.6,65.1,26.54,44.76,7.29,68.9,535.7,102.3,29.07
2180.2,77.3,9.11,42.4,4.92,54.5,509.2,15.2,11.63
4748.6,119.9,31.3,44.27,12.35,70.8,530.5,61.7,33.62
2773.2,22.6,5.78,36.08,1.27,47.1,430.7,96.6,3.0
1556.8,20.0,11.46,22.83,3.44,39.2,430.8,84.2,13.07
975.9,55.0,30.66,26.39,12.58,17.4,205.8,103.8,186.59
2022.4,56.6,21.79,44.27,8.71,44.0,464.5,40.1,36.2
4170.8,108.4,29.63,57.09,11.83,82.3,276.0,65.1,71.49
2225.0,111.3,32.73,21.03,12.73,95.1,383.7,84.5,79.1
3976.3,108.1,34.63,41.76,14.19,97.8,579.6,28.5,43.38
4112.2,34.3,6.14,30.08,1.89,28.6,541.8,99.7,3.0
998.7,61.2,26.07,42.47,12.19,61.4,254.9,44.3,150.0
3239.0,94.6,33.16,49.99,10.92,61.8,481.5,20.3,41.06
4815.9,51.3,12.57,49.42,3.9,25.8,196.8,94.2,17.28
2309.6,86.3,34.93,49.0,14.04,62.3,162.0,87.6,175.77
729.2,43.7,15.44,51.16,6.66,42.6,162.7,107.2,104.06
4654.9,52.3,29.87,22.9,13.43,94.8,226.6,108.1,98.27
4476.5,106.0,26.36,40.38,9.47,33.0,462.7,40.6,31.29
2849.6,45.1,20.78,30.47,8.37,85.1,313.5,80.5,43.72
2985.1,116.4,11.3,56.85,3.23,90.7,157.2,119.9,21.72
1452.8,50.6,29.68,51.32,13.8,76.2,594.6,36.8,57.84
4187.5,22.4,26.87,24.3,8.79,29.3,390.0,62.0,35.3
2743.7,45.5,7.2,29.73,1.09,33.4,327.2,110.1,3.28
652.5,37.1,4.65,38.21,1.26,97.4,383.5,21.3,5.36
3573.6,70.7,30.74,58.52,11.89,16.8,384.0,112.1,53.62
4777.2,31.3,11.74,24.39,3.27,20.5,361.6,63.7,8.48
4231.2,82.6,19.57,42.72,9.38,98.1,425.8,108.2,26.56
1747.4,107.5,31.26,33.65,10.54,79.9,548.5,78.4,39.87
740.0,56.3,14.75,45.85,4.91,77.2,285.8,83.9,46.49
4731.6,36.8,20.52,45.95,8.97,24.4,369.1,95.0,28.7
4716.8,60.0,8.75,29.62,4.36,54.0,151.6,17.4,18.56
2895.9,98.6,37.73,51.43,14.25,85.7,536.9,79.1,49.28
3390.4,79.1,32.63,23.65,13.04,39.6,287.7,111.6,95.52
2581.7,30.1,15.02,52.73,5.03,27.3,272.1,115.2,28.17
2388.9,73.7,21.41,28.48,8.4,11.0,598.9,116.5,18.18
1037.5,66.8,17.41,43.58,8.01,66.0,413.0,81.0,44.71
935.4,52.7,36.74,33.89,14.44,36.4,205.4,79.7,258.09
1547.3,31.0,16.4,44.39,6.52,87.7,269.5,70.8,49.67
4264.9,118.1,22.34,30.7,8.87,35.5,309.0,76.8,40.06
1156.2,37.6,41.34,42.76,14.0,23.6,593.7,77.3,60.42
1520.1,39.3,12.15,20.33,3.28,96.4,343.8,14.7,15.77
2968.8,34.6,24.81,34.98,8.71,96.8,253.6,19.8,56.85
1468.1,77.0,15.86,53.06,2.48,71.7,406.4,78.1,12.17
1234.4,64.4,25.34,38.52,9.64,93.6,332.1,44.6,74.38
3034.9,45.0,16.43,39.97,6.12,24.6,174.7,43.2,43.83
2156.4,62.9,33.42,44.86,14.55,51.4,537.4,31.3,60.8
3317.7,87.4,16.32,37.37,6.82,28.4,157.1,98.1,50.01
4604.9,48.2,2.54,54.68,2.91,53.1,554.3,116.1,3.0
1179.5,111.5,33.53,36.13,12.68,81.2,506.3,79.1,67.21
4610.5,50.6,26.93,57.7,12.49,86.0,184.1,114.0,94.04
4561.2,39.8,29.38,55.08,10.73,10.4,475.6,107.2,32.48
4230.9,115.5,28.28,36.84,11.48,45.1,496.9,34.0,36.27
3340.8,101.1,13.21,34.63,4.71,99.5,421.0,26.9,12.67
3290.7,54.3,24.85,47.07,9.99,63.0,410.0,33.3,39.82
3376.5,104.1,9.68,50.21,1.53,36.7,172.4,20.6,6.61
3607.2,71.9,14.27,27.43,3.76,45.0,176.8,74.1,23.5
574.2,54.7,34.23,29.64,14.05,39.0,477.3,41.1,133.36
4811.4,104.0,25.41,25.85,11.35,50.3,197.5,110.4,82.99
3135.2,95.2,14.5,50.43,4.23,50.0,258.8,77.5,19.62
4016.6,49.8,4.96,48.58,2.56,55.6,374.5,49.6,4.33
2197.8,80.7,30.19,27.56,14.28,51.8,223.9,118.3,143.72
555.8,56.9,9.41,41.47,2.57,56.5,505.4,114.9,9.89
2793.8,20.1,16.23,50.57,4.6,12.5,513.3,95.6,11.15
2782.4,116.2,8.97,57.88,3.56,14.9,529.0,97.1,6.23
2466.5,75.0,5.75,27.14,1.1,43.4,172.3,117.5,5.09
2028.7,79.8,13.17,32.17,5.4,89.6,342.5,76.1,24.69
1624.2,80.0,37.83,33.93,14.64,81.2,531.1,106.8,62.01
2874.0,75.1,18.59,45.0,5.79,19.9,313.4,17.1,30.04
2188.8,49.0,19.75,25.46,8.06,54.5,463.1,70.9,29.29
4864.7,117.2,25.24,27.74,11.44,64.4,415.2,65.3,35.44
1278.2,82.2,17.67,51.22,8.72,53.3,306.2,14.1,58.9
1938.5,87.1,31.02,41.68,11.41,72.8,274.4,19.6,99.07
1822.8,65.5,22.19,26.42,10.26,99.8,443.7,12.4,54.06
2944.9,48.8,25.01,35.54,9.52,18.7,210.1,42.3,72.12
2746.8,26.4,27.55,25.38,10.1,56.4,537.1,15.9,35.95
3396.8,55.0,28.53,34.51,12.19,56.1,409.4,56.5,48.87
4775.0,37.6,26.67,36.01,10.94,60.6,200.2,99.4,81.29
1783.5,86.2,32.79,24.48,12.08,25.0,466.6,77.5,55.24
3617.5,107.9,6.56,22.39,3.04,67.5,344.0,84.1,7.73
612.7,50.3,23.39,55.26,10.49,14.0,241.8,13.5,145.23
1680.7,53.3,27.33,55.51,11.32,76.7,582.5,102.3,35.78
2586.7,87.0,17.79,20.1,5.2,69.7,473.8,26.1,16.83
639.5,34.9,37.29,45.65,13.24,39.7,416.8,43.3,145.27
3279.5,112.9,13.82,23.75,5.27,99.0,532.0,66.8,10.04
3552.4,56.4,10.02,52.41,4.41,84.6,394.7,112.3,11.63
3860.3,30.1,35.41,55.18,13.14,58.6,348.7,119.8,73.36
2824.6,37.5,7.25,44.66,4.46,99.1,235.3,96.1,17.53
3217.8,113.3,18.42,44.53,6.82,84.7,219.0,90.2,45.94
2282.3,44.7,16.02,34.86,6.15,22.4,344.4,68.0,28.36
685.6,86.2,37.1,29.98,13.57,63.2,355.2,83.2,171.06
949.8,35.6,23.14,39.97,7.37,62.3,480.0,25.9,48.48
3447.5,39.4,23.83,25.35,10.72,68.8,348.9,39.6,47.52
4980.0,107.9,30.37,46.89,12.12,94.7,416.9,118.3,43.19
571.1,34.8,22.81,38.8,9.79,54.3,524.6,117.8,60.23
3009.1,21.9,33.81,27.1,14.21,17.0,597.0,45.5,39.77
3879.5,70.1,31.99,43.53,12.24,53.1,295.1,36.5,73.46
4220.5,106.3,16.18,51.81,6.6,80.9,555.9,35.2,12.88
2953.4,52.6,35.5,43.55,14.31,42.3,512.7,63.3,48.13
3289.6,32.8,24.06,41.19,8.34,12.4,180.6,34.6,64.0
3635.3,118.2,9.57,53.91,1.32,37.3,300.4,81.3,4.17
4365.3,87.7,13.54,20.43,4.64,71.4,248.6,18.2,18.36
1050.3,105.1,24.67,44.67,9.7,17.7,449.0,21.4,68.01
4667.8,95.2,6.03,36.39,3.2,43.8,399.9,40.5,5.59
617.1,89.8,27.86,27.74,9.18,22.0,372.7,95.5,92.13
4262.9,58.5,17.43,59.18,6.06,52.8,493.6,45.6,13.63
845.3,52.4,21.92,36.15,8.48,22.7,300.0,61.8,89.6
1375.8,91.7,4.62,33.41,1.03,19.8,322.2,82.2,3.73
517.5,91.7,32.7,26.76,12.88,72.8,539.5,96.7,90.39
2503.7,115.1,18.27,59.91,6.07,24.2,587.5,43.8,13.4
2004.6,76.9,11.5,54.24,2.96,23.9,499.4,90.4,7.42
1247.0,49.5,23.23,22.8,7.13,63.3,247.7,41.5,75.79
2529.9,69.0,20.68,42.63,7.81,13.9,200.7,80.9,65.33
2310.7,81.4,30.09,25.9,9.92,13.0,244.1,59.6,84.39
3954.5,62.7,24.36,48.63,8.34,48.8,340.2,111.9,40.53
4519.1,99.1,5.52,39.36,1.61,42.9,256.5,118.0,4.26
3436.6,78.5,27.36,24.42,13.2,59.0,555.5,95.2,32.57
1059.8,20.9,19.26,42.28,7.39,99.4,451.8,110.7,37.3
1829.3,77.0,11.45,56.43,2.08,49.1,337.5,25.0,9.88
4609.9,83.4,26.86,33.65,11.82,61.8,273.2,82.0,66.26
899.3,111.5,25.8,22.03,10.24,92.7,321.3,31.8,105.39
2330.9,61.4,25.71,57.81,10.09,53.5,364.2,40.5,52.62
4741.3,77.4,20.87,25.67,6.98,80.3,471.2,67.5,18.06
4778.0,67.5,16.35,39.0,6.75,59.4,190.2,91.6,39.02
2350.4,73.2,18.96,41.79,8.51,67.3,532.0,89.4,23.89
3503.3,26.7,7.64,29.48,1.71,93.9,207.4,105.6,7.2
2555.4,109.7,11.7,27.1,5.19,10.1,268.1,71.5,25.31
3890.6,111.0,30.6,24.53,14.83,91.1,597.1,111.9,30.68
642.1,74.8,31.14,22.8,10.27,54.8,235.6,107.7,205.88
1148.7,75.7,20.57,40.33,6.87,64.6,195.5,103.4,83.85
3263.9,25.8,17.11,53.68,4.11,50.5,437.3,35.2,11.98
1546.5,79.8,30.92,25.07,11.43,33.5,326.9,68.5,94.22
3497.2,62.9,14.72,48.02,4.64,15.9,191.3,91.0,27.82
2080.5,90.9,10.64,36.5,3.27,95.1,151.7,117.4,27.26
4489.9,24.7,8.72,21.41,3.16,66.1,185.6,11.3,10.8
4186.7,91.1,29.32,41.44,11.21,88.6,385.2,46.0,44.96
2717.8,48.7,23.34,30.08,10.0,36.2,253.9,47.7,69.92
3978.0,85.2,3.34,44.21,1.98,35.0,499.9,41.7,3.0
1720.1,82.7,7.01,33.97,2.61,40.2,535.9,99.9,5.03
2724.2,42.7,28.58,46.66,9.87,30.8,215.2,15.0,85.38
1388.7,64.0,18.99,56.74,9.0,54.8,301.7,49.5,68.67
4374.0,103.6,22.74,29.78,10.6,94.3,216.0,88.3,65.88
4203.8,80.6,11.81,57.59,3.49,88.8,279.0,54.7,13.37
4559.7,26.9,26.45,28.17,11.17,54.6,257.6,25.8,56.73
4448.6,64.3,35.9,22.83,14.11,41.4,504.1,77.2,38.18
4818.2,51.2,26.62,27.71,9.41,65.1,305.5,67.5,46.82
1527.5,84.2,12.0,52.6,3.75,65.1,373.0,118.0,17.04
4693.2,81.5,24.28,47.1,10.51,71.5,453.3,92.3,30.68
3070.5,21.0,19.2,58.83,5.8,58.2,520.0,118.5,13.43
2401.2,80.8,8.11,48.39,1.69,12.4,285.5,30.5,6.94
3021.7,93.5,14.12,36.51,5.23,16.8,244.1,93.8,29.25
2041.7,96.9,33.4,55.7,13.68,97.6,590.3,70.7,44.02
1798.5,25.9,18.66,58.33,6.76,77.2,294.1,88.4,46.29
1585.9,50.4,31.21,51.67,13.11,95.3,452.0,61.4,73.98
870.9,62.1,15.79,42.27,8.12,40.6,455.0,33.4,42.76
2734.5,38.0,23.2,53.03,8.24,58.1,381.3,15.0,37.96
4494.9,62.1,6.54,27.16,1.07,39.0,252.8,102.2,3.2
3335.7,27.1,17.91,56.01,9.92,91.8,213.7,99.6,62.63
2844.4,31.3,9.3,59.98,2.51,35.9,369.2,27.9,6.93
2428.7,86.9,24.99,46.61,7.7,72.4,379.9,81.0,39.41
2589.8,46.3,9.3,27.84,4.64,25.8,498.0,91.2,9.65
1441.7,91.1,16.71,25.78,6.49,19.5,469.4,71.3,27.31
4203.2,24.8,21.05,58.38,8.52,24.0,560.4,44.9,18.28
1392.7,76.3,9.75,54.85,1.2,57.7,586.9,106.9,3.0
3724.8,59.1,16.83,49.95,4.98,86.0,477.5,80.7,12.61
3919.9,99.7,33.53,57.96,14.85,99.9,184.4,89.2,133.9
3086.9,98.4,7.17,40.14,1.8,66.0,332.3,81.7,4.54
4383.2,57.6,21.49,55.51,5.47,58.0,424.0,89.3,17.34
1809.7,82.3,12.78,26.51,5.5,80.8,415.6,26.0,20.35
4467.3,42.8,16.48,27.31,6.31,15.7,231.6,111.5,29.98
3782.3,78.0,27.89,40.49,10.59,82.8,412.3,41.4,39.15
4094.4,28.1,10.45,33.3,4.47,78.3,307.4,102.0,16.17
3490.6,63.5,24.41,37.3,7.44,57.7,302.5,108.3,41.23
4308.5,38.3,23.65,51.93,10.03,12.1,525.3,81.6,21.55
4968.9,108.3,10.51,22.14,5.51,28.2,339.9,75.8,13.94
2390.7,64.5,33.28,48.83,14.28,43.3,387.3,22.0,84.05
4162.6,79.1,37.8,23.53,14.72,94.7,403.3,58.0,66.72
3850.6,56.0,5.76,53.9,2.68,67.5,403.3,77.3,4.82
2537.9,48.9,16.28,28.08,5.81,55.9,245.9,19.0,32.3
4671.3,40.3,12.68,49.4,3.91,54.0,419.8,22.3,9.51
2274.9,111.2,6.69,43.68,3.62,80.2,300.6,119.3,12.41
3044.6,99.9,18.42,35.42,7.87,39.1,444.8,46.5,26.5
976.7,33.3,23.5,30.7,8.89,18.5,215.6,48.5,117.26
1516.0,94.7,20.11,22.3,6.96,70.9,597.4,37.7,21.34
4283.1,61.9,11.46,34.14,4.82,39.6,497.4,81.1,8.65
2284.5,21.5,13.73,28.02,4.9,39.3,337.8,62.0,22.17
2273.4,72.8,35.39,25.44,14.89,50.9,285.6,96.9,124.48
1606.9,33.0,36.23,49.54,13.93,31.8,324.5,66.4,129.76
2712.2,41.0,8.3,28.5,2.06,93.0,474.5,11.7,4.96
4126.2,89.6,24.32,28.93,10.19,86.2,444.9,63.1,33.51
4528.2,45.7,20.45,33.62,7.4,99.2,465.9,16.1,21.63
815.5,109.2,25.24,38.51,10.64,96.8,550.0,100.9,51.47
3086.7,85.7,24.89,40.55,9.36,38.3,355.3,22.5,41.71
2602.7,103.2,34.35,46.58,13.45,44.3,451.3,33.9,64.31
3264.3,81.5,13.57,43.54,1.94,72.8,348.7,60.6,7.02
2512.7,106.9,14.55,39.27,5.89,11.4,437.1,31.5,19.37
2293.9,56.2,35.61,35.76,14.8,99.4,363.7,69.3,82.31
2623.5,74.9,8.23,30.63,3.55,11.0,499.5,60.7,7.01
3119.0,71.6,5.3,48.4,2.78,57.8,152.4,114.8,11.96
2754.4,110.4,26.4,32.7,11.21,70.2,247.1,19.7,82.46
2624.7,36.5,31.33,53.98,11.88,92.3,283.4,73.4,96.94
4180.3,77.8,28.16,43.45,10.41,68.0,575.4,89.2,21.73
3855.4,95.4,30.18,45.36,11.87,63.7,378.2,24.0,54.71
2036.2,57.0,25.75,40.35,10.71,37.0,314.0,80.0,74.98
4102.6,106.8,7.19,57.14,2.9,63.2,331.9,105.1,7.3
4341.4,57.3,21.13,36.86,9.52,77.5,353.3,96.6,36.29
1190.7,37.3,27.64,37.08,11.88,56.4,540.5,112.9,50.32
3122.1,78.4,28.28,55.72,13.12,80.2,583.1,89.3,29.93
1783.9,62.1,16.3,44.2,4.45,16.3,529.9,53.3,14.45
3826.3,21.5,13.91,37.97,2.78,40.2,528.7,111.2,5.1
1574.5,27.0,23.64,30.49,11.94,96.4,239.6,34.8,117.12
3521.3,39.5,13.43,29.8,4.59,39.1,270.9,74.2,20.77
1648.1,96.9,6.15,52.06,1.45,66.0,418.2,94.2,4.04
2800.1,109.2,31.5,31.18,12.55,56.8,445.3,106.0,50.4
4768.9,74.6,18.81,20.23,8.08,94.3,241.2,110.8,40.88
2215.9,30.6,17.89,20.78,5.57,24.6,485.8,19.3,20.35
4440.8,73.4,5.9,59.14,1.16,36.9,240.0,89.9,3.61
4941.3,105.6,8.54,42.39,1.49,87.6,268.4,32.5,4.94
4436.8,94.9,27.61,39.56,12.1,70.0,288.1,95.7,66.25
1246.4,49.1,15.92,56.72,7.86,58.9,530.7,87.1,25.69
4188.5,32.4,10.43,34.07,3.1,45.5,479.4,29.9,5.61
644.7,110.1,12.96,51.8,6.02,47.0,388.8,101.6,39.21
2269.9,105.4,12.79,48.87,3.31,94.1,518.9,60.8,7.67
4418.3,25.4,1.55,39.08,2.58,70.4,515.8,69.8,3.0
3599.4,102.4,11.79,50.99,4.87,93.6,325.4,116.9,16.12
2897.3,29.7,20.15,58.63,8.69,97.5,501.6,82.2,24.84
2245.4,26.3,10.07,28.02,3.94,59.2,242.8,74.7,20.92
4155.3,95.9,16.15,20.7,5.81,64.9,376.5,11.8,18.52
3693.0,73.6,20.88,52.86,7.69,69.1,203.2,31.9,45.47
2607.8,61.5,19.74,36.14,6.88,85.5,342.1,12.9,35.32
4516.2,110.4,10.71,41.78,2.8,69.3,384.2,46.7,6.92
1534.8,103.9,5.04,28.9,1.54,20.3,186.0,47.9,8.25
1266.8,25.8,11.77,53.67,1.5,94.8,358.2,68.3,6.87
3392.6,81.6,19.74,48.85,5.9,69.5,443.3,85.9,17.62
4874.0,97.2,26.51,58.13,11.06,88.3,426.3,29.7,37.09
1612.7,75.0,8.12,39.01,2.84,48.2,174.5,76.2,20.07
1623.5,118.3,28.64,59.06,12.02,52.7,192.9,110.9,152.79
1127.7,88.6,28.43,40.43,11.02,72.0,308.1,30.4,112.39
4372.5,30.4,1.51,44.86,1.06,79.9,529.2,82.5,3.0
1518.8,39.8,2.79,46.97,1.37,17.1,541.4,15.0,3.0
2764.3,102.6,4.08,39.59,3.73,46.7,289.3,68.4,9.24
4958.9,119.7,4.91,42.51,1.79,79.3,473.5,91.6,3.0
554.6,29.8,24.6,28.93,8.44,99.3,409.8,13.7,87.16
3004.2,30.0,5.12,34.49,1.55,11.0,592.5,46.7,3.0
2805.3,96.3,29.86,48.08,12.24,33.8,192.6,106.6,122.83
4133.5,26.4,21.01,21.56,7.9,51.8,396.5,34.8,27.23
2098.8,26.9,24.73,48.02,11.19,30.1,416.6,89.5,52.41
2346.5,108.9,28.55,32.15,11.51,12.4,288.5,77.3,86.88
1255.7,100.0,23.29,30.87,8.09,58.6,171.1,28.0,104.97
3833.7,108.2,35.02,47.74,13.96,68.4,173.4,91.6,137.55
4031.2,85.1,39.12,28.6,14.86,47.4,354.1,68.5,89.79
1115.0,52.3,19.66,58.47,6.03,43.3,461.6,22.3,31.65
2270.6,110.6,10.34,59.63,2.76,98.7,465.1,114.4,8.0
4518.1,49.9,13.86,38.32,6.09,53.0,231.4,64.1,25.78
512.2,47.6,10.46,36.06,4.13,81.8,536.1,92.0,17.61
1844.4,108.6,27.19,23.16,8.43,35.8,319.7,33.9,57.93
2997.7,88.1,17.43,51.13,6.3,84.7,584.0,25.1,15.07
2003.4,109.6,20.31,26.51,7.73,84.1,203.2,91.5,74.34
1724.2,35.6,26.29,57.32,11.68,34.1,526.4,84.1,43.98
2570.2,115.2,12.85,59.62,4.84,69.0,558.8,40.2,10.84
1316.9,81.3,23.76,24.9,8.52,71.4,520.2,92.1,34.62
2883.3,86.8,15.14,47.32,5.69,49.8,514.0,65.5,11.97
3680.1,111.4,28.02,38.64,11.99,79.6,312.6,48.3,66.81
3088.8,58.1,24.03,41.65,9.95,37.6,471.0,96.6,32.0
919.0,92.0,8.15,27.18,1.12,53.6,410.7,77.8,4.61
4299.8,84.0,27.56,48.94,10.24,99.1,341.0,65.8,45.5
1287.4,98.8,11.38,26.66,3.38,26.1,596.9,95.0,7.74
3941.7,109.7,28.95,55.41,11.14,23.3,280.7,69.9,63.54
2122.5,88.0,19.02,38.16,8.94,22.8,335.9,113.2,49.8
4022.4,26.8,18.04,45.39,6.62,99.8,556.3,100.0,12.79
1428.2,38.3,29.85,56.87,10.72,24.4,280.1,49.4,117.56
1340.0,115.4,31.1,49.52,12.99,27.1,218.7,61.1,180.04
2736.6,116.9,32.31,41.63,11.9,72.5,289.5,115.3,88.43
648.2,116.7,23.5,36.11,8.64,78.4,491.7,108.5,56.26
1513.8,23.7,30.05,38.49,11.12,57.4,536.9,31.0,51.1
3758.1,58.2,17.78,33.67,6.79,98.4,201.5,40.2,39.98
4268.2,96.0,32.37,57.85,12.05,13.5,429.8,50.1,46.92
863.5,95.3,26.6,30.11,12.61,65.9,405.3,106.8,99.05
4469.3,28.6,8.82,36.37,2.92,64.6,451.0,112.0,5.13
4088.8,80.9,14.1,51.13,4.33,38.9,452.0,98.3,9.4
4413.6,34.3,13.88,34.57,4.78,90.9,581.8,40.3,8.14
3642.9,69.3,12.93,55.46,3.33,59.8,305.9,107.6,12.48
3533.7,44.0,16.47,29.72,6.5,32.2,284.9,13.6,30.21
2862.9,25.3,8.87,21.25,3.7,18.0,411.6,56.5,8.98
3437.5,28.0,18.56,45.15,9.34,19.6,343.2,51.5,37.1
4636.0,111.1,6.75,40.33,2.42,90.8,363.2,68.9,5.19
952.3,94.5,14.54,57.32,4.78,32.5,181.2,71.7,55.65
1920.9,113.2,28.01,36.93,10.32,91.6,216.7,34.8,94.81
826.0,67.0,12.94,25.42,6.58,20.8,570.9,32.5,23.73
4751.6,61.3,21.4,33.19,6.9,98.6,180.7,98.4,47.63
2503.7,55.8,27.07,35.73,12.17,85.0,415.6,18.4,61.45
3539.1,81.6,35.64,43.33,14.78,20.5,489.6,64.3,49.93
4285.0,55.2,20.79,30.98,8.91,17.7,155.3,31.1,59.61
4959.5,94.6,8.1,42.01,2.11,82.3,250.2,45.2,6.64
1228.0,100.1,7.9,56.32,2.44,17.0,319.7,40.5,12.59
4097.8,107.6,37.52,36.95,14.56,33.6,378.1,87.9,69.4
4493.4,44.3,31.7,46.06,10.51,82.1,303.7,60.2,58.08
719.9,72.7,29.72,29.16,11.53,91.7,442.0,42.9,101.91
3893.4,42.3,24.33,52.05,10.46,79.1,251.9,101.4,70.67
2096.3,23.8,11.47,30.79,3.51,90.1,161.5,19.4,22.77
3418.7,90.8,24.57,43.19,7.28,60.4,150.7,94.3,65.17
2813.2,74.9,31.97,32.01,12.17,80.2,305.5,37.3,79.6
1668.8,92.4,35.03,22.7,13.13,41.0,312.7,111.0,123.94
1108.5,28.8,7.16,32.79,4.32,80.7,576.9,10.6,12.16
1026.3,119.6,24.65,28.48,9.34,71.2,170.2,71.2,148.5
965.0,119.4,8.55,55.71,3.2,61.7,388.5,78.4,14.64
3370.1,66.5,33.12,30.65,14.42,99.3,410.0,73.5,64.35
2081.3,106.6,12.35,58.98,4.53,52.3,464.7,99.7,13.04
1474.9,44.4,28.02,39.69,11.17,65.7,437.4,22.3,71.16
3613.5,93.8,9.87,28.84,4.24,55.9,153.7,55.7,22.14
3590.8,107.9,24.7,35.65,9.62,33.4,434.3,105.0,32.61
2926.3,101.5,25.01,27.34,10.23,39.7,295.1,107.8,59.06
4707.3,101.2,16.98,53.35,5.6,98.1,497.8,64.8,11.58
2234.4,66.3,31.35,24.8,12.46,45.3,234.8,71.4,118.5
4261.4,102.0,33.94,54.94,13.4,71.1,472.3,94.0,45.67
838.1,89.1,34.77,21.84,12.97,61.0,431.5,95.8,109.97
3829.2,33.2,16.62,31.98,5.63,90.1,443.5,107.7,14.46
4948.0,31.4,28.25,25.6,11.42,78.2,229.2,102.8,71.15
4309.7,97.2,16.05,47.41,8.83,17.3,451.1,55.6,23.36
3108.5,82.5,24.92,40.49,9.3,42.0,481.6,81.5,27.13
3320.4,71.9,16.94,57.57,7.68,74.1,370.2,63.2,27.36
2089.8,110.7,23.37,34.65,9.4,24.5,303.2,23.0,62.28
3557.7,86.0,9.78,21.63,2.9,55.3,224.9,100.4,12.46
3966.8,59.6,21.46,50.47,6.72,38.6,280.5,76.2,35.25
4992.0,61.4,15.55,43.18,3.49,15.8,493.7,16.4,7.68
2716.1,80.5,10.56,53.1,4.92,99.7,334.2,84.5,18.03
775.9,96.0,4.47,37.05,2.79,93.6,466.2,41.1,8.29
3181.4,76.4,12.12,49.53,3.97,77.3,483.0,17.6,9.82
1035.6,70.9,30.21,26.84,11.95,28.1,453.4,76.7,74.34
1601.4,92.7,18.4,59.98,8.7,99.0,453.1,90.5,36.44
1979.5,90.5,5.01,26.95,1.33,66.8,424.9,66.9,3.0
3789.6,103.0,31.48,53.19,12.04,96.9,383.3,10.6,54.16
1327.1,26.3,29.89,28.5,13.73,13.8,239.0,73.5,168.87
1245.9,95.5,29.67,51.3,13.33,25.6,529.3,10.7,83.51
702.3,71.4,28.87,54.45,12.52,71.0,583.9,111.9,69.86
4429.6,27.5,35.61,55.07,14.89,91.6,359.9,39.4,69.74
3620.8,87.9,25.26,39.03,9.21,25.8,570.0,105.8,19.07
679.8,91.7,34.32,37.15,14.48,38.5,599.1,11.3,113.36
627.3,72.4,35.02,53.35,14.28,62.9,368.8,20.7,193.29
3014.0,99.4,21.12,43.18,5.39,100.0,476.0,59.7,17.83
1771.4,50.0,29.23,44.85,13.09,82.0,439.7,93.4,64.58
3185.3,40.2,27.86,29.44,12.09,93.1,256.8,113.7,85.34
2455.7,55.1,31.31,37.85,11.86,70.8,171.2,67.3,140.06
4654.9,61.0,36.12,34.78,13.55,89.0,354.0,49.1,67.8
1795.1,89.6,17.92,46.61,6.38,55.6,504.2,14.9,25.61
3556.2,104.6,22.61,27.86,6.6,21.2,296.3,74.2,33.9
743.2,92.1,25.86,36.23,9.96,73.9,503.0,51.8,65.44
4801.4,37.4,22.13,53.95,11.33,64.1,444.7,110.0,31.94
4913.4,56.6,32.92,41.86,13.32,53.7,463.0,62.8,39.64
3825.8,35.8,30.79,55.84,13.26,34.7,278.6,94.2,89.17
2593.5,88.7,31.68,29.3,11.1,80.6,361.5,103.3,68.06
1490.0,44.8,38.01,37.6,14.4,83.8,231.8,20.8,168.59
4156.3,72.5,5.28,40.02,3.5,42.8,261.0,58.5,9.62
3813.6,99.2,38.95,36.02,14.3,93.5,190.4,108.3,143.81
1498.8,87.1,9.19,47.38,1.9,43.3,207.0,56.7,13.64
2530.5,49.8,21.22,25.95,8.78,19.7,244.7,72.2,67.99
2582.6,53.3,6.97,40.78,2.26,25.0,411.1,106.0,5.24
4218.8,85.3,26.77,25.55,8.95,54.5,348.5,35.6,40.04
3577.3,74.9,10.95,45.17,6.46,17.2,270.1,108.4,22.5
3394.3,29.6,8.26,53.21,2.14,74.7,537.5,53.7,3.43
3424.2,107.4,28.45,20.8,10.07,81.6,386.3,75.2,47.0
1717.1,71.3,27.58,38.28,11.24,59.5,565.4,46.1,44.12
2172.7,67.3,11.85,39.71,3.44,90.4,435.7,68.0,10.04
705.5,39.8,26.97,48.81,10.72,95.9,157.1,15.4,202.54
4041.2,57.7,7.71,22.99,3.51,50.3,561.1,17.2,5.53
2448.5,53.3,6.3,36.24,2.92,18.0,535.9,55.6,4.41
2472.1,47.1,11.18,51.42,3.06,30.8,435.9,46.8,9.16
1604.1,76.7,21.68,41.29,9.39,69.2,390.6,77.7,53.58
1442.4,66.2,24.8,49.99,11.9,46.5,353.8,14.2,77.84
3145.2,108.9,23.89,34.56,9.36,71.7,367.0,28.4,44.01
1546.5,114.1,28.82,56.8,12.33,70.0,496.1,33.1,59.31
788.9,41.9,19.75,23.09,9.28,64.5,380.9,58.5,66.94
3953.8,30.0,30.19,23.65,12.16,24.2,229.2,37.2,86.3
2194.1,98.5,38.05,41.14,14.67,35.7,176.2,25.1,175.42
2211.1,119.5,16.95,38.83,6.47,44.0,206.8,75.7,54.2
2440.9,106.4,5.93,45.54,3.1,84.2,263.1,91.8,11.42
4167.7,22.4,10.11,29.16,2.9,71.4,315.5,85.4,9.16
1943.8,45.1,26.64,29.04,9.36,68.0,551.6,40.4,34.61
3911.2,24.3,28.56,49.96,8.66,70.5,257.6,104.0,58.85
4728.0,102.1,14.56,31.67,3.58,55.3,293.8,77.3,12.62
3473.9,78.1,29.69,49.09,13.35,13.6,250.4,77.6,96.08
2442.6,71.4,37.68,45.63,14.39,28.1,395.6,33.4,85.61
3865.1,75.4,13.22,23.33,4.55,22.6,427.7,36.6,12.03
2560.5,45.2,7.51,48.45,3.9,15.8,389.5,62.2,10.33
2364.9,80.2,12.04,55.18,3.99,38.8,578.3,36.2,8.09
2863.8,23.1,22.53,52.67,6.42,80.9,597.9,85.7,13.45
1929.8,84.6,35.36,20.35,12.95,20.4,526.8,43.9,61.75
969.1,93.4,20.45,41.59,9.34,20.0,512.4,26.7,44.78
2366.8,87.3,6.52,56.53,1.95,21.2,314.7,26.7,6.42
1057.4,53.2,21.0,43.95,7.62,34.3,410.9,24.0,53.41
2347.0,102.6,2.02,31.61,2.26,28.2,308.2,58.4,4.31
3006.2,91.6,12.29,27.78,6.69,11.3,503.0,10.3,18.92
4688.2,32.8,17.76,47.4,6.65,34.9,227.3,69.7,35.58
663.0,39.5,25.68,50.85,10.08,99.7,247.5,42.8,153.39
3296.6,83.7,16.48,56.5,8.69,40.3,167.4,70.8,61.15
2559.8,48.9,33.63,56.23,13.25,29.0,424.0,112.9,65.97
591.2,31.9,8.08,33.57,1.23,54.6,459.8,105.6,5.6
1623.0,35.5,28.57,44.16,11.84,30.6,151.5,73.4,169.28
1033.2,36.6,5.21,24.06,1.32,60.4,379.9,56.0,4.5
1475.6,67.8,15.81,23.78,5.26,46.1,319.6,86.8,31.22
1735.6,80.7,33.94,22.86,13.32,90.7,506.6,111.5,60.28
2305.9,37.6,21.53,57.09,10.67,93.5,167.5,63.9,96.62
2880.7,91.2,7.12,26.1,3.41,74.2,171.9,20.9,15.02
504.5,48.1,18.92,39.29,7.87,29.4,429.1,94.3,56.21
1228.4,51.2,24.96,37.32,11.11,52.7,416.2,11.2,78.41
921.0,42.3,38.88,32.99,14.12,37.5,524.0,94.1,93.49
2973.5,98.5,26.63,41.51,9.88,81.8,416.5,19.3,43.72
1980.8,116.0,1.77,20.11,1.35,12.6,577.2,21.7,3.0
2967.8,69.2,19.75,35.21,8.0,69.6,291.5,96.0,46.82
1498.2,24.2,12.62,39.17,3.14,39.1,329.1,85.8,17.43
609.0,46.1,3.9,52.13,1.67,53.3,590.0,71.8,3.34
4736.2,35.8,26.13,48.04,9.38,39.1,198.4,100.3,63.53
987.4,104.3,33.47,53.99,11.88,42.8,508.2,103.7,71.91
1070.9,28.5,9.11,35.05,1.5,70.7,155.2,60.3,14.49
1159.5,116.6,30.07,25.64,11.97,63.6,368.9,119.6,102.02
4915.7,78.9,30.8,36.04,10.89,32.0,219.0,49.3,74.56
3279.5,71.8,26.95,58.52,11.53,13.9,419.5,28.9,46.89
3246.3,104.7,19.64,28.57,4.43,87.0,509.2,103.1,11.58
4940.1,22.8,17.7,26.99,6.51,54.3,164.9,55.7,38.99
898.0,97.7,11.6,57.77,2.68,65.7,223.7,106.2,25.92
4885.3,31.7,10.91,58.0,4.34,54.0,304.2,16.7,12.07
1418.1,104.1,15.55,25.97,5.24,65.7,265.1,22.2,37.61
3303.8,72.9,16.22,50.78,5.47,66.4,322.4,14.4,24.99
2390.4,26.1,7.15,37.19,3.45,11.4,578.3,76.2,4.67
2227.8,103.3,7.5,39.69,3.64,58.0,195.5,101.5,20.25
4690.6,22.7,32.71,39.95,13.62,55.2,340.5,54.3,63.04
1171.5,33.8,32.86,58.73,11.97,18.6,355.7,20.0,96.65
4986.8,99.8,9.9,27.39,5.82,77.1,276.2,51.1,18.6
2206.1,66.5,33.73,50.92,14.27,31.2,275.3,48.3,119.68
3419.5,108.1,15.92,20.23,4.34,14.9,471.6,80.8,11.02
4855.6,83.5,13.7,45.14,6.7,82.3,428.0,81.7,15.79
759.2,82.4,34.26,46.11,12.39,87.9,515.8,21.3,97.81
4652.9,49.2,15.18,50.15,7.2,31.7,332.3,56.2,24.35
3055.2,33.4,9.11,57.04,4.28,71.9,423.0,80.7,9.63
3669.8,116.1,15.73,50.15,6.16,10.4,552.1,38.5,12.93
1171.3,30.5,26.04,49.29,8.01,74.9,533.1,54.8,36.76
2900.2,72.9,22.36,30.15,9.69,51.8,564.0,77.5,20.75
3530.8,47.3,12.16,59.71,6.68,81.3,271.0,54.3,29.01
2553.1,46.4,13.98,38.74,7.04,45.4,593.4,13.4,18.47
1197.4,79.5,15.59,36.7,4.7,41.6,517.4,34.5,19.84
1598.5,99.8,17.47,40.08,8.49,85.7,507.7,95.4,31.66
4344.8,97.7,14.93,35.76,4.07,13.5,450.4,37.3,10.18
655.1,106.9,32.44,43.75,13.15,26.8,592.5,99.9,72.32
3689.9,49.3,28.27,33.98,11.46,47.1,348.7,61.4,58.44
4997.3,66.6,18.4,29.6,6.74,63.7,483.7,62.0,13.98
533.7,20.9,25.96,57.12,11.46,10.5,464.5,94.8,86.24
1224.7,94.7,4.94,57.11,1.1,61.8,479.4,52.2,3.0
3533.6,50.2,11.81,39.85,5.82,44.1,488.2,36.2,13.28
770.0,76.1,22.52,58.49,7.16,66.7,235.8,21.6,89.37
3154.1,36.9,16.35,36.63,7.58,91.6,307.1,83.9,35.52
3578.0,101.9,29.73,35.5,11.48,49.7,326.5,61.7,63.96
3146.7,101.7,32.2,56.68,14.48,59.9,486.6,99.0,51.12
2143.3,107.7,14.94,45.32,6.32,51.7,472.3,60.3,18.34
3637.8,24.6,14.47,50.5,5.91,20.7,525.0,55.6,12.04
3174.3,119.2,32.9,36.51,9.55,81.4,504.8,42.9,33.06
1434.4,44.8,13.31,36.28,4.94,89.7,418.2,31.9,23.4
3034.1,50.9,6.39,23.33,2.98,83.0,213.0,101.3,12.75
4468.6,44.9,33.93,58.67,14.46,95.3,436.0,20.5,54.77
3500.7,46.8,25.85,29.12,12.33,52.1,549.2,109.2,32.01
2623.1,75.3,34.68,39.77,14.42,68.7,439.4,13.0,75.91
1947.1,44.0,16.87,24.58,4.05,25.2,553.0,67.4,9.84
886.5,59.4,5.88,45.88,1.25,97.9,599.6,16.4,3.27
1600.8,85.6,21.09,35.64,7.12,62.2,311.6,95.8,55.48
550.3,103.6,31.63,50.71,14.07,33.5,475.5,33.3,125.12
4939.8,89.3,8.14,41.14,2.94,82.5,393.0,72.3,5.66
1501.2,79.4,8.69,25.18,2.64,62.8,354.7,110.8,10.13
4166.9,34.8,4.34,20.43,1.97,95.5,257.9,81.4,4.49
1258.9,101.6,30.13,28.5,11.71,79.3,260.7,29.6,124.01
1776.2,23.7,31.45,48.97,12.0,89.0,233.2,97.6,123.28
2382.2,46.4,28.32,53.14,10.74,59.2,434.2,58.6,47.6
1959.8,25.7,5.56,33.65,1.75,56.6,213.9,11.4,7.8
4092.6,86.7,30.86,41.44,11.13,78.2,344.1,63.5,54.08
4809.6,56.8,17.97,29.6,7.28,19.5,385.5,99.4,22.52
4438.8,85.2,8.34,55.22,3.21,14.9,347.2,57.3,8.14
1191.1,54.7,18.13,58.61,5.13,98.5,534.7,93.4,17.58
3995.1,65.6,17.12,50.12,8.02,92.5,349.4,87.6,27.71
1165.8,65.8,9.81,23.56,5.62,96.0,187.3,60.3,50.46
4610.2,24.6,32.92,37.48,14.58,15.6,596.5,45.6,31.84
2830.5,63.0,20.75,59.62,7.65,34.2,530.2,89.9,20.27
2013.7,84.1,20.13,29.18,6.21,91.1,447.0,50.6,27.35
1206.6,74.6,23.99,46.82,10.42,18.1,490.3,28.7,51.46
553.1,27.5,30.69,57.54,10.11,50.6,207.7,45.3,202.47
1615.8,86.8,4.46,50.93,1.03,40.7,494.7,106.5,3.0
4613.1,50.9,23.87,44.35,9.66,89.2,243.5,41.2,51.88
4087.7,21.4,9.6,40.27,4.41,56.6,370.0,35.8,10.75
4864.1,35.6,22.24,57.15,6.25,36.1,230.1,24.7,31.91
953.4,69.8,26.59,35.79,10.89,57.2,489.2,16.1,72.68
3164.8,51.0,18.25,56.05,8.8,20.1,260.7,117.4,50.55
1657.2,89.4,23.54,37.24,6.16,75.8,263.9,69.0,56.44
2943.2,44.1,10.87,50.26,3.34,65.7,199.2,90.3,18.74
1942.0,97.3,22.97,56.63,8.08,64.1,474.3,95.0,33.4
1775.6,48.6,19.63,42.03,5.47,49.4,283.1,48.8,38.0
3082.3,82.1,35.54,32.4,13.78,36.5,383.2,97.9,68.26
1324.9,99.9,24.43,22.04,8.48,15.9,299.5,115.8,74.3
2611.1,58.6,32.35,52.37,13.12,95.2,498.6,91.6,49.65
3428.7,24.7,19.07,44.88,6.46,47.5,251.9,88.3,38.67
1076.8,73.5,30.84,30.52,12.58,54.6,573.4,57.5,62.52
4687.7,119.5,6.06,55.1,1.79,43.8,294.6,102.5,4.35
2775.8,116.9,14.26,56.81,5.17,98.9,196.7,19.8,32.3
4187.9,42.1,5.63,55.49,2.09,81.7,258.1,92.5,6.18
3442.6,95.6,6.83,44.06,1.44,18.6,183.3,49.8,5.83
3695.0,54.5,35.39,59.06,13.86,64.7,360.9,72.3,71.2
3722.6,36.0,29.84,54.99,11.04,53.6,262.6,108.2,83.71
4437.9,86.6,26.35,24.17,9.75,81.4,548.7,76.6,22.34
3261.2,70.1,27.45,59.24,8.45,99.8,382.7,12.8,40.56
1752.0,73.9,25.8,41.95,8.97,77.0,255.0,89.5,86.62
947.8,102.7,24.24,56.8,9.94,87.8,353.1,112.2,80.75
3228.1,53.7,32.28,50.41,12.57,55.2,238.2,80.6,97.85
798.6,86.7,27.76,45.9,9.36,43.6,230.4,104.8,137.7
1585.8,56.6,25.55,33.07,11.48,67.9,285.3,100.8,102.27
773.2,24.3,19.39,21.08,4.93,77.4,198.7,104.7,71.17
2970.0,57.8,33.43,31.07,14.67,30.5,234.9,47.9,124.39
1221.5,115.0,8.03,47.43,1.45,55.3,572.1,62.2,3.13
3246.8,68.3,16.77,54.52,6.41,20.2,450.1,103.3,16.51
4058.9,30.8,32.55,20.09,13.35,29.5,564.5,110.1,32.87
4198.5,88.8,6.2,28.32,3.53,89.4,265.6,26.2,8.65
1892.9,116.3,11.57,46.92,2.98,23.0,535.7,30.0,7.53
2970.3,110.8,12.2,31.35,6.12,83.0,313.0,48.2,22.65
3033.5,77.2,13.76,25.67,6.99,43.5,214.9,94.7,39.43
2628.0,57.6,37.83,23.28,14.07,69.7,512.1,106.2,53.76
3448.0,78.1,36.59,45.52,12.71,91.9,176.8,73.8,137.4
1445.4,101.6,17.24,43.79,7.5,80.3,332.2,22.5,43.56
4906.6,106.1,38.64,54.34,14.62,84.3,518.7,43.4,42.08
941.4,101.9,27.37,32.59,9.99,33.5,427.7,104.3,65.46
